
=== Electron Main Process Started ===

DevTools listening on ws://127.0.0.1:9222/devtools/browser/fae5d5ae-35aa-4084-a750-ff8a84687ccf
Creating main window...
IPC: ble:init called
Loading noble module...
Noble loaded, state: unknown
Setting up BLE events
Window ready to show
BLE State changed: poweredOn
[Main -> Renderer] ble:stateChanged: { state: 'poweredOn' }
Sending initial state: poweredOn to renderer
[Main -> Renderer] ble:stateChanged: { state: 'poweredOn' }
IPC: ble:init result: true
[25228:0911/154143.925:ERROR:gpu_process_host.cc(991)] GPU process exited unexpectedly: exit_code=-1073740791
[25228:0911/154144.446:ERROR:gpu_process_host.cc(991)] GPU process exited unexpectedly: exit_code=-1073740791
[25228:0911/154144.933:ERROR:gpu_process_host.cc(991)] GPU process exited unexpectedly: exit_code=-1073740791
[Main -> Renderer] ble:deviceDiscovered: {
  id: '01c742504761',
  name: '',
  localName: '',
  rssi: -71,
  address: '01:c7:42:50:47:61',
  connectionState: 'disconnected',
  advertisement: {
    txPowerLevel: 0,
    serviceUuids: [],
    serviceData: [],
    manufacturerData: '0600010920220a68f642cc724f3b92ca1c1e023a6b3c8dc96db1812df2',
    solicitedServiceUuids: [],
    connectable: true,
    scannable: true
  }
}
[Main -> Renderer] ble:deviceDiscovered: {
  id: '01c742504761',
  name: '',
  localName: '',
  rssi: -71,
  address: '01:c7:42:50:47:61',
  connectionState: 'disconnected',
  advertisement: {
    txPowerLevel: 0,
    serviceUuids: [],
    serviceData: [],
    manufacturerData: '0600010920220a68f642cc724f3b92ca1c1e023a6b3c8dc96db1812df2',
    solicitedServiceUuids: [],
    connectable: true,
    scannable: true
  }
}
[Main -> Renderer] ble:deviceDiscovered: {
  id: '1e0384735195',
  name: '',
  localName: '',
  rssi: -61,
  address: '1e:03:84:73:51:95',
  connectionState: 'disconnected',
  advertisement: {
    txPowerLevel: 1791426560,
    serviceUuids: [],
    serviceData: [],
    manufacturerData: '060001092002cf9eeca170f87238634601f18caa63c6ec3ef6e9273ec6',
    solicitedServiceUuids: [],
    connectable: true,
    scannable: true
  }
}
[Main -> Renderer] ble:deviceDiscovered: {
  id: '1e0384735195',
  name: '',
  localName: '',
  rssi: -59,
  address: '1e:03:84:73:51:95',
  connectionState: 'disconnected',
  advertisement: {
    txPowerLevel: 1791426560,
    serviceUuids: [],
    serviceData: [],
    manufacturerData: '060001092002cf9eeca170f87238634601f18caa63c6ec3ef6e9273ec6',
    solicitedServiceUuids: [],
    connectable: true,
    scannable: true
  }
}
[Main -> Renderer] ble:deviceDiscovered: {
  id: '21aac8c3831b',
  name: '',
  localName: '',
  rssi: -61,
  address: '21:aa:c8:c3:83:1b',
  connectionState: 'disconnected',
  advertisement: {
    txPowerLevel: 2147353520,
    serviceUuids: [],
    serviceData: [],
    manufacturerData: '06000109200232a6d1fb7719853d472277626dcb788ac9d0b2b946c34d',
    solicitedServiceUuids: [],
    connectable: true,
    scannable: true
  }
}
[Main -> Renderer] ble:deviceDiscovered: {
  id: '1a8496dac7c1',
  name: '',
  localName: '',
  rssi: -83,
  address: '1a:84:96:da:c7:c1',
  connectionState: 'disconnected',
  advertisement: {
    txPowerLevel: 0,
    serviceUuids: [],
    serviceData: [],
    manufacturerData: '06000109202688bd702dcc096e73c3c15f392b5df873a932d94f22b6e7',
    solicitedServiceUuids: [],
    connectable: true,
    scannable: true
  }
}
[Main -> Renderer] ble:deviceDiscovered: {
  id: '5b0a9886e6ce',
  name: '',
  localName: '',
  rssi: -89,
  address: '5b:0a:98:86:e6:ce',
  connectionState: 'disconnected',
  advertisement: {
    txPowerLevel: 0,
    serviceUuids: [],
    serviceData: [],
    manufacturerData: '0600010920023022c2ea6d536ad7faf3273bcd0313f10db6ee2f651794',
    solicitedServiceUuids: [],
    connectable: true,
    scannable: true
  }
}
[Main -> Renderer] ble:deviceDiscovered: {
  id: '1a8496dac7c1',
  name: '',
  localName: '',
  rssi: -83,
  address: '1a:84:96:da:c7:c1',
  connectionState: 'disconnected',
  advertisement: {
    txPowerLevel: 0,
    serviceUuids: [],
    serviceData: [],
    manufacturerData: '06000109202688bd702dcc096e73c3c15f392b5df873a932d94f22b6e7',
    solicitedServiceUuids: [],
    connectable: true,
    scannable: true
  }
}
[Main -> Renderer] ble:deviceDiscovered: {
  id: '1e0384735195',
  name: '',
  localName: '',
  rssi: -58,
  address: '1e:03:84:73:51:95',
  connectionState: 'disconnected',
  advertisement: {
    txPowerLevel: 1791426560,
    serviceUuids: [],
    serviceData: [],
    manufacturerData: '060001092002cf9eeca170f87238634601f18caa63c6ec3ef6e9273ec6',
    solicitedServiceUuids: [],
    connectable: true,
    scannable: true
  }
}
[Main -> Renderer] ble:deviceDiscovered: {
  id: 'fb797ce86c98',
  name: '',
  localName: '',
  rssi: -84,
  address: 'fb:79:7c:e8:6c:98',
  connectionState: 'disconnected',
  advertisement: {
    txPowerLevel: 0,
    serviceUuids: [],
    serviceData: [],
    manufacturerData: '7d022019c57293cd2b5b94af630a0f5917faf25d655077ca01447562ee',
    solicitedServiceUuids: [],
    connectable: true,
    scannable: true
  }
}
[Main -> Renderer] ble:deviceDiscovered: {
  id: '01c742504761',
  name: '',
  localName: '',
  rssi: -83,
  address: '01:c7:42:50:47:61',
  connectionState: 'disconnected',
  advertisement: {
    txPowerLevel: 0,
    serviceUuids: [],
    serviceData: [],
    manufacturerData: '0600010920220a68f642cc724f3b92ca1c1e023a6b3c8dc96db1812df2',
    solicitedServiceUuids: [],
    connectable: true,
    scannable: true
  }
}
[Main -> Renderer] ble:deviceDiscovered: {
  id: '10b41dcd238d',
  name: 'BL',
  localName: 'BL',
  rssi: -58,
  address: '10:b4:1d:cd:23:8d',
  connectionState: 'disconnected',
  advertisement: {
    txPowerLevel: 0,
    serviceUuids: [ '4fafc2011fb5459e8fccc5c9c331914b' ],
    serviceData: [],
    manufacturerData: '',
    solicitedServiceUuids: [],
    connectable: true,
    scannable: true
  }
}
[Main -> Renderer] ble:deviceDiscovered: {
  id: '10b41dcd238d',
  name: 'BLEToolkit-Server',
  localName: 'BLEToolkit-Server',
  rssi: -58,
  address: '10:b4:1d:cd:23:8d',
  connectionState: 'disconnected',
  advertisement: {
    txPowerLevel: 0,
    serviceUuids: [],
    serviceData: [],
    manufacturerData: 'e0004c69676874424c45',
    solicitedServiceUuids: [],
    connectable: true,
    scannable: true
  }
}
Connected to: 10b41dcd238d
[Main -> Renderer] ble:deviceConnected: { id: '10b41dcd238d' }
Starting service discovery for: 10b41dcd238d
Calling peripheral.discoverServices() with callback
Discovered 5 services
[Main -> Renderer] ble:servicesDiscovered: {
  deviceId: '10b41dcd238d',
  services: [
    { uuid: '1800', name: '通用访问', characteristics: [] },
    { uuid: '1801', name: '通用属性', characteristics: [] },
    {
      uuid: '4fafc2011fb5459e8fccc5c9c331914b',
      name: 'OTA 升级服务',
      characteristics: []
    },
    {
      uuid: '4fafc2011fb5459e8fccc5c9c331914c',
      name: 'OTA 升级服务',
      characteristics: []
    },
    {
      uuid: '4fafc2011fb5459e8fccc5c9c331914d',
      name: 'OTA 升级服务',
      characteristics: []
    }
  ]
}
Discovered 2 characteristics for service: 1800
Service 1800 has 2 characteristics
[Main -> Renderer] ble:servicesDiscovered: {
  deviceId: '10b41dcd238d',
  services: [
    { uuid: '1800', name: '通用访问', characteristics: [Array] },
    { uuid: '1801', name: '通用属性', characteristics: [] },
    {
      uuid: '4fafc2011fb5459e8fccc5c9c331914b',
      name: 'OTA 升级服务',
      characteristics: []
    },
    {
      uuid: '4fafc2011fb5459e8fccc5c9c331914c',
      name: 'OTA 升级服务',
      characteristics: []
    },
    {
      uuid: '4fafc2011fb5459e8fccc5c9c331914d',
      name: 'OTA 升级服务',
      characteristics: []
    }
  ]
}
Discovered 1 characteristics for service: 1801
Service 1801 has 1 characteristics
[Main -> Renderer] ble:servicesDiscovered: {
  deviceId: '10b41dcd238d',
  services: [
    { uuid: '1800', name: '通用访问', characteristics: [Array] },
    { uuid: '1801', name: '通用属性', characteristics: [Array] },
    {
      uuid: '4fafc2011fb5459e8fccc5c9c331914b',
      name: 'OTA 升级服务',
      characteristics: []
    },
    {
      uuid: '4fafc2011fb5459e8fccc5c9c331914c',
      name: 'OTA 升级服务',
      characteristics: []
    },
    {
      uuid: '4fafc2011fb5459e8fccc5c9c331914d',
      name: 'OTA 升级服务',
      characteristics: []
    }
  ]
}
Discovered 2 characteristics for service: 4fafc2011fb5459e8fccc5c9c331914b
Service 4fafc2011fb5459e8fccc5c9c331914b has 2 characteristics
[Main -> Renderer] ble:servicesDiscovered: {
  deviceId: '10b41dcd238d',
  services: [
    { uuid: '1800', name: '通用访问', characteristics: [Array] },
    { uuid: '1801', name: '通用属性', characteristics: [Array] },
    {
      uuid: '4fafc2011fb5459e8fccc5c9c331914b',
      name: 'OTA 升级服务',
      characteristics: [Array]
    },
    {
      uuid: '4fafc2011fb5459e8fccc5c9c331914c',
      name: 'OTA 升级服务',
      characteristics: []
    },
    {
      uuid: '4fafc2011fb5459e8fccc5c9c331914d',
      name: 'OTA 升级服务',
      characteristics: []
    }
  ]
}
Discovered 7 characteristics for service: 4fafc2011fb5459e8fccc5c9c331914c
Service 4fafc2011fb5459e8fccc5c9c331914c has 7 characteristics
[Main -> Renderer] ble:servicesDiscovered: {
  deviceId: '10b41dcd238d',
  services: [
    { uuid: '1800', name: '通用访问', characteristics: [Array] },
    { uuid: '1801', name: '通用属性', characteristics: [Array] },
    {
      uuid: '4fafc2011fb5459e8fccc5c9c331914b',
      name: 'OTA 升级服务',
      characteristics: [Array]
    },
    {
      uuid: '4fafc2011fb5459e8fccc5c9c331914c',
      name: 'OTA 升级服务',
      characteristics: [Array]
    },
    {
      uuid: '4fafc2011fb5459e8fccc5c9c331914d',
      name: 'OTA 升级服务',
      characteristics: []
    }
  ]
}
Discovered 3 characteristics for service: 4fafc2011fb5459e8fccc5c9c331914d
Service 4fafc2011fb5459e8fccc5c9c331914d has 3 characteristics
[Main -> Renderer] ble:servicesDiscovered: {
  deviceId: '10b41dcd238d',
  services: [
    { uuid: '1800', name: '通用访问', characteristics: [Array] },
    { uuid: '1801', name: '通用属性', characteristics: [Array] },
    {
      uuid: '4fafc2011fb5459e8fccc5c9c331914b',
      name: 'OTA 升级服务',
      characteristics: [Array]
    },
    {
      uuid: '4fafc2011fb5459e8fccc5c9c331914c',
      name: 'OTA 升级服务',
      characteristics: [Array]
    },
    {
      uuid: '4fafc2011fb5459e8fccc5c9c331914d',
      name: 'OTA 升级服务',
      characteristics: [Array]
    }
  ]
}
Service discovery completed, total services: 5
Read result: 7b 22 66 69 72 6d 77 61 72 65 5f 76 65 72 73 69 6f 6e 22 3a 22 31 2e 30 2e 30 22 2c 22 68 61 72 64 77 61 72 65 22 3a 22 65 73 70 33 32 2d 77 72 6f 6f 6d 2d 33 32 22 2c 22 75 70 74 69 6d 65 22 3a 32 35 2c 22 75 70 74 69 6d 65 5f 73 22 3a 32 35 2c 22 66 69 78 74 75 72 65 5f 72 6f 6c 65 22 3a 22 70 65 72 69 70 68 65 72 61 6c 22 2c 22 6e 61 6d 65 22 3a 22 42 4c 45 54 6f 6f 6c 6b 69 74 2d 53 65 72 76 65 72 22 2c 22 74 79 70 65 22 3a 22 73 79 73 74 65 6d 5f 69 6e 66 6f 22 7d
[Main -> Renderer] ble:characteristicValueChanged: {
  deviceId: '10b41dcd238d',
  serviceUuid: '4fafc2011fb5459e8fccc5c9c331914b',
  characteristicUuid: 'beb5483e36e14688b7f5ea07361b26a8',
  value: '7b 22 66 69 72 6d 77 61 72 65 5f 76 65 72 73 69 6f 6e 22 3a 22 31 2e 30 2e 30 22 2c 22 68 61 72 64 77 61 72 65 22 3a 22 65 73 70 33 32 2d 77 72 6f 6f 6d 2d 33 32 22 2c 22 75 70 74 69 6d 65 22 3a 32 35 2c 22 75 70 74 69 6d 65 5f 73 22 3a 32 35 2c 22 66 69 78 74 75 72 65 5f 72 6f 6c 65 22 3a 22 70 65 72 69 70 68 65 72 61 6c 22 2c 22 6e 61 6d 65 22 3a 22 42 4c 45 54 6f 6f 6c 6b 69 74 2d 53 65 72 76 65 72 22 2c 22 74 79 70 65 22 3a 22 73 79 73 74 65 6d 5f 69 6e 66 6f 22 7d'
}
Notify set to: true
Notification received: 7b 22 74 79 70 65 22 3a 22 6f 74 61 22 2c 22 73 74 61 74 75 73 22 3a 22 72 65 61 64 79 22 2c 22 6d 61 78 5f 63 68 75 6e 6b 22 3a 31 38 30 7d
[Main -> Renderer] ble:characteristicValueChanged: {
  deviceId: '10b41dcd238d',
  serviceUuid: '4fafc201-1fb5-459e-8fcc-c5c9c331914d',
  characteristicUuid: 'beb5483e-36e1-4688-b7f5-ea07361b26c2',
  value: '7b 22 74 79 70 65 22 3a 22 6f 74 61 22 2c 22 73 74 61 74 75 73 22 3a 22 72 65 61 64 79 22 2c 22 6d 61 78 5f 63 68 75 6e 6b 22 3a 31 38 30 7d'
}
Notification received: 7b 22 74 79 70 65 22 3a 22 6f 74 61 22 2c 22 73 74 61 74 75 73 22 3a 22 70 72 6f 67 72 65 73 73 22 2c 22 72 65 63 65 69 76 65 64 22 3a 35 34 30 2c 22 74 6f 74 61 6c 22 3a 35 37 30 34 38 30 2c 22 70 65 72 63 65 6e 74 22 3a 30 7d
[Main -> Renderer] ble:characteristicValueChanged: {
  deviceId: '10b41dcd238d',
  serviceUuid: '4fafc201-1fb5-459e-8fcc-c5c9c331914d',
  characteristicUuid: 'beb5483e-36e1-4688-b7f5-ea07361b26c2',
  value: '7b 22 74 79 70 65 22 3a 22 6f 74 61 22 2c 22 73 74 61 74 75 73 22 3a 22 70 72 6f 67 72 65 73 73 22 2c 22 72 65 63 65 69 76 65 64 22 3a 35 34 30 2c 22 74 6f 74 61 6c 22 3a 35 37 30 34 38 30 2c 22 70 65 72 63 65 6e 74 22 3a 30 7d'
}
Notification received: 7b 22 74 79 70 65 22 3a 22 6f 74 61 22 2c 22 73 74 61 74 75 73 22 3a 22 70 72 6f 67 72 65 73 73 22 2c 22 72 65 63 65 69 76 65 64 22 3a 31 30 38 30 2c 22 74 6f 74 61 6c 22 3a 35 37 30 34 38 30 2c 22 70 65 72 63 65 6e 74 22 3a 30 7d
[Main -> Renderer] ble:characteristicValueChanged: {
  deviceId: '10b41dcd238d',
  serviceUuid: '4fafc201-1fb5-459e-8fcc-c5c9c331914d',
  characteristicUuid: 'beb5483e-36e1-4688-b7f5-ea07361b26c2',
  value: '7b 22 74 79 70 65 22 3a 22 6f 74 61 22 2c 22 73 74 61 74 75 73 22 3a 22 70 72 6f 67 72 65 73 73 22 2c 22 72 65 63 65 69 76 65 64 22 3a 31 30 38 30 2c 22 74 6f 74 61 6c 22 3a 35 37 30 34 38 30 2c 22 70 65 72 63 65 6e 74 22 3a 30 7d'
}
Notification received: 7b 22 74 79 70 65 22 3a 22 6f 74 61 22 2c 22 73 74 61 74 75 73 22 3a 22 70 72 6f 67 72 65 73 73 22 2c 22 72 65 63 65 69 76 65 64 22 3a 31 36 32 30 2c 22 74 6f 74 61 6c 22 3a 35 37 30 34 38 30 2c 22 70 65 72 63 65 6e 74 22 3a 30 7d
[Main -> Renderer] ble:characteristicValueChanged: {
  deviceId: '10b41dcd238d',
  serviceUuid: '4fafc201-1fb5-459e-8fcc-c5c9c331914d',
  characteristicUuid: 'beb5483e-36e1-4688-b7f5-ea07361b26c2',
  value: '7b 22 74 79 70 65 22 3a 22 6f 74 61 22 2c 22 73 74 61 74 75 73 22 3a 22 70 72 6f 67 72 65 73 73 22 2c 22 72 65 63 65 69 76 65 64 22 3a 31 36 32 30 2c 22 74 6f 74 61 6c 22 3a 35 37 30 34 38 30 2c 22 70 65 72 63 65 6e 74 22 3a 30 7d'
}
Notification received: 7b 22 74 79 70 65 22 3a 22 6f 74 61 22 2c 22 73 74 61 74 75 73 22 3a 22 70 72 6f 67 72 65 73 73 22 2c 22 72 65 63 65 69 76 65 64 22 3a 32 31 36 30 2c 22 74 6f 74 61 6c 22 3a 35 37 30 34 38 30 2c 22 70 65 72 63 65 6e 74 22 3a 30 7d
[Main -> Renderer] ble:characteristicValueChanged: {
  deviceId: '10b41dcd238d',
  serviceUuid: '4fafc201-1fb5-459e-8fcc-c5c9c331914d',
  characteristicUuid: 'beb5483e-36e1-4688-b7f5-ea07361b26c2',
  value: '7b 22 74 79 70 65 22 3a 22 6f 74 61 22 2c 22 73 74 61 74 75 73 22 3a 22 70 72 6f 67 72 65 73 73 22 2c 22 72 65 63 65 69 76 65 64 22 3a 32 31 36 30 2c 22 74 6f 74 61 6c 22 3a 35 37 30 34 38 30 2c 22 70 65 72 63 65 6e 74 22 3a 30 7d'
}
Notification received: 7b 22 74 79 70 65 22 3a 22 6f 74 61 22 2c 22 73 74 61 74 75 73 22 3a 22 70 72 6f 67 72 65 73 73 22 2c 22 72 65 63 65 69 76 65 64 22 3a 32 37 30 30 2c 22 74 6f 74 61 6c 22 3a 35 37 30 34 38 30 2c 22 70 65 72 63 65 6e 74 22 3a 30 7d
[Main -> Renderer] ble:characteristicValueChanged: {
  deviceId: '10b41dcd238d',
  serviceUuid: '4fafc201-1fb5-459e-8fcc-c5c9c331914d',
  characteristicUuid: 'beb5483e-36e1-4688-b7f5-ea07361b26c2',
  value: '7b 22 74 79 70 65 22 3a 22 6f 74 61 22 2c 22 73 74 61 74 75 73 22 3a 22 70 72 6f 67 72 65 73 73 22 2c 22 72 65 63 65 69 76 65 64 22 3a 32 37 30 30 2c 22 74 6f 74 61 6c 22 3a 35 37 30 34 38 30 2c 22 70 65 72 63 65 6e 74 22 3a 30 7d'
}
Notification received: 7b 22 74 79 70 65 22 3a 22 6f 74 61 22 2c 22 73 74 61 74 75 73 22 3a 22 70 72 6f 67 72 65 73 73 22 2c 22 72 65 63 65 69 76 65 64 22 3a 33 32 34 30 2c 22 74 6f 74 61 6c 22 3a 35 37 30 34 38 30 2c 22 70 65 72 63 65 6e 74 22 3a 30 7d
[Main -> Renderer] ble:characteristicValueChanged: {
  deviceId: '10b41dcd238d',
  serviceUuid: '4fafc201-1fb5-459e-8fcc-c5c9c331914d',
  characteristicUuid: 'beb5483e-36e1-4688-b7f5-ea07361b26c2',
  value: '7b 22 74 79 70 65 22 3a 22 6f 74 61 22 2c 22 73 74 61 74 75 73 22 3a 22 70 72 6f 67 72 65 73 73 22 2c 22 72 65 63 65 69 76 65 64 22 3a 33 32 34 30 2c 22 74 6f 74 61 6c 22 3a 35 37 30 34 38 30 2c 22 70 65 72 63 65 6e 74 22 3a 30 7d'
}
Notification received: 7b 22 74 79 70 65 22 3a 22 6f 74 61 22 2c 22 73 74 61 74 75 73 22 3a 22 70 72 6f 67 72 65 73 73 22 2c 22 72 65 63 65 69 76 65 64 22 3a 33 37 38 30 2c 22 74 6f 74 61 6c 22 3a 35 37 30 34 38 30 2c 22 70 65 72 63 65 6e 74 22 3a 30 7d
[Main -> Renderer] ble:characteristicValueChanged: {
  deviceId: '10b41dcd238d',
  serviceUuid: '4fafc201-1fb5-459e-8fcc-c5c9c331914d',
  characteristicUuid: 'beb5483e-36e1-4688-b7f5-ea07361b26c2',
  value: '7b 22 74 79 70 65 22 3a 22 6f 74 61 22 2c 22 73 74 61 74 75 73 22 3a 22 70 72 6f 67 72 65 73 73 22 2c 22 72 65 63 65 69 76 65 64 22 3a 33 37 38 30 2c 22 74 6f 74 61 6c 22 3a 35 37 30 34 38 30 2c 22 70 65 72 63 65 6e 74 22 3a 30 7d'
}
Notification received: 7b 22 74 79 70 65 22 3a 22 6f 74 61 22 2c 22 73 74 61 74 75 73 22 3a 22 70 72 6f 67 72 65 73 73 22 2c 22 72 65 63 65 69 76 65 64 22 3a 34 31 34 30 2c 22 74 6f 74 61 6c 22 3a 35 37 30 34 38 30 2c 22 70 65 72 63 65 6e 74 22 3a 30 7d
[Main -> Renderer] ble:characteristicValueChanged: {
  deviceId: '10b41dcd238d',
  serviceUuid: '4fafc201-1fb5-459e-8fcc-c5c9c331914d',
  characteristicUuid: 'beb5483e-36e1-4688-b7f5-ea07361b26c2',
  value: '7b 22 74 79 70 65 22 3a 22 6f 74 61 22 2c 22 73 74 61 74 75 73 22 3a 22 70 72 6f 67 72 65 73 73 22 2c 22 72 65 63 65 69 76 65 64 22 3a 34 31 34 30 2c 22 74 6f 74 61 6c 22 3a 35 37 30 34 38 30 2c 22 70 65 72 63 65 6e 74 22 3a 30 7d'
}
Notification received: 7b 22 74 79 70 65 22 3a 22 6f 74 61 22 2c 22 73 74 61 74 75 73 22 3a 22 70 72 6f 67 72 65 73 73 22 2c 22 72 65 63 65 69 76 65 64 22 3a 34 36 38 30 2c 22 74 6f 74 61 6c 22 3a 35 37 30 34 38 30 2c 22 70 65 72 63 65 6e 74 22 3a 30 7d
[Main -> Renderer] ble:characteristicValueChanged: {
  deviceId: '10b41dcd238d',
  serviceUuid: '4fafc201-1fb5-459e-8fcc-c5c9c331914d',
  characteristicUuid: 'beb5483e-36e1-4688-b7f5-ea07361b26c2',
  value: '7b 22 74 79 70 65 22 3a 22 6f 74 61 22 2c 22 73 74 61 74 75 73 22 3a 22 70 72 6f 67 72 65 73 73 22 2c 22 72 65 63 65 69 76 65 64 22 3a 34 36 38 30 2c 22 74 6f 74 61 6c 22 3a 35 37 30 34 38 30 2c 22 70 65 72 63 65 6e 74 22 3a 30 7d'
}
Notification received: 7b 22 74 79 70 65 22 3a 22 6f 74 61 22 2c 22 73 74 61 74 75 73 22 3a 22 70 72 6f 67 72 65 73 73 22 2c 22 72 65 63 65 69 76 65 64 22 3a 35 32 32 30 2c 22 74 6f 74 61 6c 22 3a 35 37 30 34 38 30 2c 22 70 65 72 63 65 6e 74 22 3a 30 7d
[Main -> Renderer] ble:characteristicValueChanged: {
  deviceId: '10b41dcd238d',
  serviceUuid: '4fafc201-1fb5-459e-8fcc-c5c9c331914d',
  characteristicUuid: 'beb5483e-36e1-4688-b7f5-ea07361b26c2',
  value: '7b 22 74 79 70 65 22 3a 22 6f 74 61 22 2c 22 73 74 61 74 75 73 22 3a 22 70 72 6f 67 72 65 73 73 22 2c 22 72 65 63 65 69 76 65 64 22 3a 35 32 32 30 2c 22 74 6f 74 61 6c 22 3a 35 37 30 34 38 30 2c 22 70 65 72 63 65 6e 74 22 3a 30 7d'
}
Notification received: 7b 22 74 79 70 65 22 3a 22 6f 74 61 22 2c 22 73 74 61 74 75 73 22 3a 22 70 72 6f 67 72 65 73 73 22 2c 22 72 65 63 65 69 76 65 64 22 3a 35 37 36 30 2c 22 74 6f 74 61 6c 22 3a 35 37 30 34 38 30 2c 22 70 65 72 63 65 6e 74 22 3a 31 7d
[Main -> Renderer] ble:characteristicValueChanged: {
  deviceId: '10b41dcd238d',
  serviceUuid: '4fafc201-1fb5-459e-8fcc-c5c9c331914d',
  characteristicUuid: 'beb5483e-36e1-4688-b7f5-ea07361b26c2',
  value: '7b 22 74 79 70 65 22 3a 22 6f 74 61 22 2c 22 73 74 61 74 75 73 22 3a 22 70 72 6f 67 72 65 73 73 22 2c 22 72 65 63 65 69 76 65 64 22 3a 35 37 36 30 2c 22 74 6f 74 61 6c 22 3a 35 37 30 34 38 30 2c 22 70 65 72 63 65 6e 74 22 3a 31 7d'
}
Notification received: 7b 22 74 79 70 65 22 3a 22 6f 74 61 22 2c 22 73 74 61 74 75 73 22 3a 22 70 72 6f 67 72 65 73 73 22 2c 22 72 65 63 65 69 76 65 64 22 3a 36 33 30 30 2c 22 74 6f 74 61 6c 22 3a 35 37 30 34 38 30 2c 22 70 65 72 63 65 6e 74 22 3a 31 7d
[Main -> Renderer] ble:characteristicValueChanged: {
  deviceId: '10b41dcd238d',
  serviceUuid: '4fafc201-1fb5-459e-8fcc-c5c9c331914d',
  characteristicUuid: 'beb5483e-36e1-4688-b7f5-ea07361b26c2',
  value: '7b 22 74 79 70 65 22 3a 22 6f 74 61 22 2c 22 73 74 61 74 75 73 22 3a 22 70 72 6f 67 72 65 73 73 22 2c 22 72 65 63 65 69 76 65 64 22 3a 36 33 30 30 2c 22 74 6f 74 61 6c 22 3a 35 37 30 34 38 30 2c 22 70 65 72 63 65 6e 74 22 3a 31 7d'
}
Notification received: 7b 22 74 79 70 65 22 3a 22 6f 74 61 22 2c 22 73 74 61 74 75 73 22 3a 22 70 72 6f 67 72 65 73 73 22 2c 22 72 65 63 65 69 76 65 64 22 3a 36 38 34 30 2c 22 74 6f 74 61 6c 22 3a 35 37 30 34 38 30 2c 22 70 65 72 63 65 6e 74 22 3a 31 7d
[Main -> Renderer] ble:characteristicValueChanged: {
  deviceId: '10b41dcd238d',
  serviceUuid: '4fafc201-1fb5-459e-8fcc-c5c9c331914d',
  characteristicUuid: 'beb5483e-36e1-4688-b7f5-ea07361b26c2',
  value: '7b 22 74 79 70 65 22 3a 22 6f 74 61 22 2c 22 73 74 61 74 75 73 22 3a 22 70 72 6f 67 72 65 73 73 22 2c 22 72 65 63 65 69 76 65 64 22 3a 36 38 34 30 2c 22 74 6f 74 61 6c 22 3a 35 37 30 34 38 30 2c 22 70 65 72 63 65 6e 74 22 3a 31 7d'
}
Notification received: 7b 22 74 79 70 65 22 3a 22 6f 74 61 22 2c 22 73 74 61 74 75 73 22 3a 22 70 72 6f 67 72 65 73 73 22 2c 22 72 65 63 65 69 76 65 64 22 3a 37 33 38 30 2c 22 74 6f 74 61 6c 22 3a 35 37 30 34 38 30 2c 22 70 65 72 63 65 6e 74 22 3a 31 7d
[Main -> Renderer] ble:characteristicValueChanged: {
  deviceId: '10b41dcd238d',
  serviceUuid: '4fafc201-1fb5-459e-8fcc-c5c9c331914d',
  characteristicUuid: 'beb5483e-36e1-4688-b7f5-ea07361b26c2',
  value: '7b 22 74 79 70 65 22 3a 22 6f 74 61 22 2c 22 73 74 61 74 75 73 22 3a 22 70 72 6f 67 72 65 73 73 22 2c 22 72 65 63 65 69 76 65 64 22 3a 37 33 38 30 2c 22 74 6f 74 61 6c 22 3a 35 37 30 34 38 30 2c 22 70 65 72 63 65 6e 74 22 3a 31 7d'
}
Notification received: 7b 22 74 79 70 65 22 3a 22 6f 74 61 22 2c 22 73 74 61 74 75 73 22 3a 22 70 72 6f 67 72 65 73 73 22 2c 22 72 65 63 65 69 76 65 64 22 3a 37 39 32 30 2c 22 74 6f 74 61 6c 22 3a 35 37 30 34 38 30 2c 22 70 65 72 63 65 6e 74 22 3a 31 7d
[Main -> Renderer] ble:characteristicValueChanged: {
  deviceId: '10b41dcd238d',
  serviceUuid: '4fafc201-1fb5-459e-8fcc-c5c9c331914d',
  characteristicUuid: 'beb5483e-36e1-4688-b7f5-ea07361b26c2',
  value: '7b 22 74 79 70 65 22 3a 22 6f 74 61 22 2c 22 73 74 61 74 75 73 22 3a 22 70 72 6f 67 72 65 73 73 22 2c 22 72 65 63 65 69 76 65 64 22 3a 37 39 32 30 2c 22 74 6f 74 61 6c 22 3a 35 37 30 34 38 30 2c 22 70 65 72 63 65 6e 74 22 3a 31 7d'
}
Notification received: 7b 22 74 79 70 65 22 3a 22 6f 74 61 22 2c 22 73 74 61 74 75 73 22 3a 22 70 72 6f 67 72 65 73 73 22 2c 22 72 65 63 65 69 76 65 64 22 3a 38 34 36 30 2c 22 74 6f 74 61 6c 22 3a 35 37 30 34 38 30 2c 22 70 65 72 63 65 6e 74 22 3a 31 7d
[Main -> Renderer] ble:characteristicValueChanged: {
  deviceId: '10b41dcd238d',
  serviceUuid: '4fafc201-1fb5-459e-8fcc-c5c9c331914d',
  characteristicUuid: 'beb5483e-36e1-4688-b7f5-ea07361b26c2',
  value: '7b 22 74 79 70 65 22 3a 22 6f 74 61 22 2c 22 73 74 61 74 75 73 22 3a 22 70 72 6f 67 72 65 73 73 22 2c 22 72 65 63 65 69 76 65 64 22 3a 38 34 36 30 2c 22 74 6f 74 61 6c 22 3a 35 37 30 34 38 30 2c 22 70 65 72 63 65 6e 74 22 3a 31 7d'
}
Notification received: 7b 22 74 79 70 65 22 3a 22 6f 74 61 22 2c 22 73 74 61 74 75 73 22 3a 22 70 72 6f 67 72 65 73 73 22 2c 22 72 65 63 65 69 76 65 64 22 3a 39 30 30 30 2c 22 74 6f 74 61 6c 22 3a 35 37 30 34 38 30 2c 22 70 65 72 63 65 6e 74 22 3a 31 7d
[Main -> Renderer] ble:characteristicValueChanged: {
  deviceId: '10b41dcd238d',
  serviceUuid: '4fafc201-1fb5-459e-8fcc-c5c9c331914d',
  characteristicUuid: 'beb5483e-36e1-4688-b7f5-ea07361b26c2',
  value: '7b 22 74 79 70 65 22 3a 22 6f 74 61 22 2c 22 73 74 61 74 75 73 22 3a 22 70 72 6f 67 72 65 73 73 22 2c 22 72 65 63 65 69 76 65 64 22 3a 39 30 30 30 2c 22 74 6f 74 61 6c 22 3a 35 37 30 34 38 30 2c 22 70 65 72 63 65 6e 74 22 3a 31 7d'
}
Notification received: 7b 22 74 79 70 65 22 3a 22 6f 74 61 22 2c 22 73 74 61 74 75 73 22 3a 22 70 72 6f 67 72 65 73 73 22 2c 22 72 65 63 65 69 76 65 64 22 3a 39 35 34 30 2c 22 74 6f 74 61 6c 22 3a 35 37 30 34 38 30 2c 22 70 65 72 63 65 6e 74 22 3a 31 7d
[Main -> Renderer] ble:characteristicValueChanged: {
  deviceId: '10b41dcd238d',
  serviceUuid: '4fafc201-1fb5-459e-8fcc-c5c9c331914d',
  characteristicUuid: 'beb5483e-36e1-4688-b7f5-ea07361b26c2',
  value: '7b 22 74 79 70 65 22 3a 22 6f 74 61 22 2c 22 73 74 61 74 75 73 22 3a 22 70 72 6f 67 72 65 73 73 22 2c 22 72 65 63 65 69 76 65 64 22 3a 39 35 34 30 2c 22 74 6f 74 61 6c 22 3a 35 37 30 34 38 30 2c 22 70 65 72 63 65 6e 74 22 3a 31 7d'
}
Notification received: 7b 22 74 79 70 65 22 3a 22 6f 74 61 22 2c 22 73 74 61 74 75 73 22 3a 22 70 72 6f 67 72 65 73 73 22 2c 22 72 65 63 65 69 76 65 64 22 3a 31 30 30 38 30 2c 22 74 6f 74 61 6c 22 3a 35 37 30 34 38 30 2c 22 70 65 72 63 65 6e 74 22 3a 31 7d
[Main -> Renderer] ble:characteristicValueChanged: {
  deviceId: '10b41dcd238d',
  serviceUuid: '4fafc201-1fb5-459e-8fcc-c5c9c331914d',
  characteristicUuid: 'beb5483e-36e1-4688-b7f5-ea07361b26c2',
  value: '7b 22 74 79 70 65 22 3a 22 6f 74 61 22 2c 22 73 74 61 74 75 73 22 3a 22 70 72 6f 67 72 65 73 73 22 2c 22 72 65 63 65 69 76 65 64 22 3a 31 30 30 38 30 2c 22 74 6f 74 61 6c 22 3a 35 37 30 34 38 30 2c 22 70 65 72 63 65 6e 74 22 3a 31 7d'
}
Notification received: 7b 22 74 79 70 65 22 3a 22 6f 74 61 22 2c 22 73 74 61 74 75 73 22 3a 22 70 72 6f 67 72 65 73 73 22 2c 22 72 65 63 65 69 76 65 64 22 3a 31 30 36 32 30 2c 22 74 6f 74 61 6c 22 3a 35 37 30 34 38 30 2c 22 70 65 72 63 65 6e 74 22 3a 31 7d
[Main -> Renderer] ble:characteristicValueChanged: {
  deviceId: '10b41dcd238d',
  serviceUuid: '4fafc201-1fb5-459e-8fcc-c5c9c331914d',
  characteristicUuid: 'beb5483e-36e1-4688-b7f5-ea07361b26c2',
  value: '7b 22 74 79 70 65 22 3a 22 6f 74 61 22 2c 22 73 74 61 74 75 73 22 3a 22 70 72 6f 67 72 65 73 73 22 2c 22 72 65 63 65 69 76 65 64 22 3a 31 30 36 32 30 2c 22 74 6f 74 61 6c 22 3a 35 37 30 34 38 30 2c 22 70 65 72 63 65 6e 74 22 3a 31 7d'
}
Notification received: 7b 22 74 79 70 65 22 3a 22 6f 74 61 22 2c 22 73 74 61 74 75 73 22 3a 22 70 72 6f 67 72 65 73 73 22 2c 22 72 65 63 65 69 76 65 64 22 3a 31 31 31 36 30 2c 22 74 6f 74 61 6c 22 3a 35 37 30 34 38 30 2c 22 70 65 72 63 65 6e 74 22 3a 31 7d
[Main -> Renderer] ble:characteristicValueChanged: {
  deviceId: '10b41dcd238d',
  serviceUuid: '4fafc201-1fb5-459e-8fcc-c5c9c331914d',
  characteristicUuid: 'beb5483e-36e1-4688-b7f5-ea07361b26c2',
  value: '7b 22 74 79 70 65 22 3a 22 6f 74 61 22 2c 22 73 74 61 74 75 73 22 3a 22 70 72 6f 67 72 65 73 73 22 2c 22 72 65 63 65 69 76 65 64 22 3a 31 31 31 36 30 2c 22 74 6f 74 61 6c 22 3a 35 37 30 34 38 30 2c 22 70 65 72 63 65 6e 74 22 3a 31 7d'
}
Notification received: 7b 22 74 79 70 65 22 3a 22 6f 74 61 22 2c 22 73 74 61 74 75 73 22 3a 22 70 72 6f 67 72 65 73 73 22 2c 22 72 65 63 65 69 76 65 64 22 3a 31 31 37 30 30 2c 22 74 6f 74 61 6c 22 3a 35 37 30 34 38 30 2c 22 70 65 72 63 65 6e 74 22 3a 32 7d
[Main -> Renderer] ble:characteristicValueChanged: {
  deviceId: '10b41dcd238d',
  serviceUuid: '4fafc201-1fb5-459e-8fcc-c5c9c331914d',
  characteristicUuid: 'beb5483e-36e1-4688-b7f5-ea07361b26c2',
  value: '7b 22 74 79 70 65 22 3a 22 6f 74 61 22 2c 22 73 74 61 74 75 73 22 3a 22 70 72 6f 67 72 65 73 73 22 2c 22 72 65 63 65 69 76 65 64 22 3a 31 31 37 30 30 2c 22 74 6f 74 61 6c 22 3a 35 37 30 34 38 30 2c 22 70 65 72 63 65 6e 74 22 3a 32 7d'
}
Notification received: 7b 22 74 79 70 65 22 3a 22 6f 74 61 22 2c 22 73 74 61 74 75 73 22 3a 22 70 72 6f 67 72 65 73 73 22 2c 22 72 65 63 65 69 76 65 64 22 3a 31 32 32 34 30 2c 22 74 6f 74 61 6c 22 3a 35 37 30 34 38 30 2c 22 70 65 72 63 65 6e 74 22 3a 32 7d
[Main -> Renderer] ble:characteristicValueChanged: {
  deviceId: '10b41dcd238d',
  serviceUuid: '4fafc201-1fb5-459e-8fcc-c5c9c331914d',
  characteristicUuid: 'beb5483e-36e1-4688-b7f5-ea07361b26c2',
  value: '7b 22 74 79 70 65 22 3a 22 6f 74 61 22 2c 22 73 74 61 74 75 73 22 3a 22 70 72 6f 67 72 65 73 73 22 2c 22 72 65 63 65 69 76 65 64 22 3a 31 32 32 34 30 2c 22 74 6f 74 61 6c 22 3a 35 37 30 34 38 30 2c 22 70 65 72 63 65 6e 74 22 3a 32 7d'
}
Notification received: 7b 22 74 79 70 65 22 3a 22 6f 74 61 22 2c 22 73 74 61 74 75 73 22 3a 22 70 72 6f 67 72 65 73 73 22 2c 22 72 65 63 65 69 76 65 64 22 3a 31 32 37 38 30 2c 22 74 6f 74 61 6c 22 3a 35 37 30 34 38 30 2c 22 70 65 72 63 65 6e 74 22 3a 32 7d
[Main -> Renderer] ble:characteristicValueChanged: {
  deviceId: '10b41dcd238d',
  serviceUuid: '4fafc201-1fb5-459e-8fcc-c5c9c331914d',
  characteristicUuid: 'beb5483e-36e1-4688-b7f5-ea07361b26c2',
  value: '7b 22 74 79 70 65 22 3a 22 6f 74 61 22 2c 22 73 74 61 74 75 73 22 3a 22 70 72 6f 67 72 65 73 73 22 2c 22 72 65 63 65 69 76 65 64 22 3a 31 32 37 38 30 2c 22 74 6f 74 61 6c 22 3a 35 37 30 34 38 30 2c 22 70 65 72 63 65 6e 74 22 3a 32 7d'
}
Notification received: 7b 22 74 79 70 65 22 3a 22 6f 74 61 22 2c 22 73 74 61 74 75 73 22 3a 22 70 72 6f 67 72 65 73 73 22 2c 22 72 65 63 65 69 76 65 64 22 3a 31 33 33 32 30 2c 22 74 6f 74 61 6c 22 3a 35 37 30 34 38 30 2c 22 70 65 72 63 65 6e 74 22 3a 32 7d
[Main -> Renderer] ble:characteristicValueChanged: {
  deviceId: '10b41dcd238d',
  serviceUuid: '4fafc201-1fb5-459e-8fcc-c5c9c331914d',
  characteristicUuid: 'beb5483e-36e1-4688-b7f5-ea07361b26c2',
  value: '7b 22 74 79 70 65 22 3a 22 6f 74 61 22 2c 22 73 74 61 74 75 73 22 3a 22 70 72 6f 67 72 65 73 73 22 2c 22 72 65 63 65 69 76 65 64 22 3a 31 33 33 32 30 2c 22 74 6f 74 61 6c 22 3a 35 37 30 34 38 30 2c 22 70 65 72 63 65 6e 74 22 3a 32 7d'
}
Notification received: 7b 22 74 79 70 65 22 3a 22 6f 74 61 22 2c 22 73 74 61 74 75 73 22 3a 22 70 72 6f 67 72 65 73 73 22 2c 22 72 65 63 65 69 76 65 64 22 3a 31 33 38 36 30 2c 22 74 6f 74 61 6c 22 3a 35 37 30 34 38 30 2c 22 70 65 72 63 65 6e 74 22 3a 32 7d
[Main -> Renderer] ble:characteristicValueChanged: {
  deviceId: '10b41dcd238d',
  serviceUuid: '4fafc201-1fb5-459e-8fcc-c5c9c331914d',
  characteristicUuid: 'beb5483e-36e1-4688-b7f5-ea07361b26c2',
  value: '7b 22 74 79 70 65 22 3a 22 6f 74 61 22 2c 22 73 74 61 74 75 73 22 3a 22 70 72 6f 67 72 65 73 73 22 2c 22 72 65 63 65 69 76 65 64 22 3a 31 33 38 36 30 2c 22 74 6f 74 61 6c 22 3a 35 37 30 34 38 30 2c 22 70 65 72 63 65 6e 74 22 3a 32 7d'
}
Notification received: 7b 22 74 79 70 65 22 3a 22 6f 74 61 22 2c 22 73 74 61 74 75 73 22 3a 22 70 72 6f 67 72 65 73 73 22 2c 22 72 65 63 65 69 76 65 64 22 3a 31 34 34 30 30 2c 22 74 6f 74 61 6c 22 3a 35 37 30 34 38 30 2c 22 70 65 72 63 65 6e 74 22 3a 32 7d
[Main -> Renderer] ble:characteristicValueChanged: {
  deviceId: '10b41dcd238d',
  serviceUuid: '4fafc201-1fb5-459e-8fcc-c5c9c331914d',
  characteristicUuid: 'beb5483e-36e1-4688-b7f5-ea07361b26c2',
  value: '7b 22 74 79 70 65 22 3a 22 6f 74 61 22 2c 22 73 74 61 74 75 73 22 3a 22 70 72 6f 67 72 65 73 73 22 2c 22 72 65 63 65 69 76 65 64 22 3a 31 34 34 30 30 2c 22 74 6f 74 61 6c 22 3a 35 37 30 34 38 30 2c 22 70 65 72 63 65 6e 74 22 3a 32 7d'
}
Notification received: 7b 22 74 79 70 65 22 3a 22 6f 74 61 22 2c 22 73 74 61 74 75 73 22 3a 22 70 72 6f 67 72 65 73 73 22 2c 22 72 65 63 65 69 76 65 64 22 3a 31 34 39 34 30 2c 22 74 6f 74 61 6c 22 3a 35 37 30 34 38 30 2c 22 70 65 72 63 65 6e 74 22 3a 32 7d
[Main -> Renderer] ble:characteristicValueChanged: {
  deviceId: '10b41dcd238d',
  serviceUuid: '4fafc201-1fb5-459e-8fcc-c5c9c331914d',
  characteristicUuid: 'beb5483e-36e1-4688-b7f5-ea07361b26c2',
  value: '7b 22 74 79 70 65 22 3a 22 6f 74 61 22 2c 22 73 74 61 74 75 73 22 3a 22 70 72 6f 67 72 65 73 73 22 2c 22 72 65 63 65 69 76 65 64 22 3a 31 34 39 34 30 2c 22 74 6f 74 61 6c 22 3a 35 37 30 34 38 30 2c 22 70 65 72 63 65 6e 74 22 3a 32 7d'
}
Notification received: 7b 22 74 79 70 65 22 3a 22 6f 74 61 22 2c 22 73 74 61 74 75 73 22 3a 22 70 72 6f 67 72 65 73 73 22 2c 22 72 65 63 65 69 76 65 64 22 3a 31 35 34 38 30 2c 22 74 6f 74 61 6c 22 3a 35 37 30 34 38 30 2c 22 70 65 72 63 65 6e 74 22 3a 32 7d
[Main -> Renderer] ble:characteristicValueChanged: {
  deviceId: '10b41dcd238d',
  serviceUuid: '4fafc201-1fb5-459e-8fcc-c5c9c331914d',
  characteristicUuid: 'beb5483e-36e1-4688-b7f5-ea07361b26c2',
  value: '7b 22 74 79 70 65 22 3a 22 6f 74 61 22 2c 22 73 74 61 74 75 73 22 3a 22 70 72 6f 67 72 65 73 73 22 2c 22 72 65 63 65 69 76 65 64 22 3a 31 35 34 38 30 2c 22 74 6f 74 61 6c 22 3a 35 37 30 34 38 30 2c 22 70 65 72 63 65 6e 74 22 3a 32 7d'
}
Notification received: 7b 22 74 79 70 65 22 3a 22 6f 74 61 22 2c 22 73 74 61 74 75 73 22 3a 22 70 72 6f 67 72 65 73 73 22 2c 22 72 65 63 65 69 76 65 64 22 3a 31 36 30 32 30 2c 22 74 6f 74 61 6c 22 3a 35 37 30 34 38 30 2c 22 70 65 72 63 65 6e 74 22 3a 32 7d
[Main -> Renderer] ble:characteristicValueChanged: {
  deviceId: '10b41dcd238d',
  serviceUuid: '4fafc201-1fb5-459e-8fcc-c5c9c331914d',
  characteristicUuid: 'beb5483e-36e1-4688-b7f5-ea07361b26c2',
  value: '7b 22 74 79 70 65 22 3a 22 6f 74 61 22 2c 22 73 74 61 74 75 73 22 3a 22 70 72 6f 67 72 65 73 73 22 2c 22 72 65 63 65 69 76 65 64 22 3a 31 36 30 32 30 2c 22 74 6f 74 61 6c 22 3a 35 37 30 34 38 30 2c 22 70 65 72 63 65 6e 74 22 3a 32 7d'
}
Notification received: 7b 22 74 79 70 65 22 3a 22 6f 74 61 22 2c 22 73 74 61 74 75 73 22 3a 22 70 72 6f 67 72 65 73 73 22 2c 22 72 65 63 65 69 76 65 64 22 3a 31 36 35 36 30 2c 22 74 6f 74 61 6c 22 3a 35 37 30 34 38 30 2c 22 70 65 72 63 65 6e 74 22 3a 32 7d
[Main -> Renderer] ble:characteristicValueChanged: {
  deviceId: '10b41dcd238d',
  serviceUuid: '4fafc201-1fb5-459e-8fcc-c5c9c331914d',
  characteristicUuid: 'beb5483e-36e1-4688-b7f5-ea07361b26c2',
  value: '7b 22 74 79 70 65 22 3a 22 6f 74 61 22 2c 22 73 74 61 74 75 73 22 3a 22 70 72 6f 67 72 65 73 73 22 2c 22 72 65 63 65 69 76 65 64 22 3a 31 36 35 36 30 2c 22 74 6f 74 61 6c 22 3a 35 37 30 34 38 30 2c 22 70 65 72 63 65 6e 74 22 3a 32 7d'
}
Notification received: 7b 22 74 79 70 65 22 3a 22 6f 74 61 22 2c 22 73 74 61 74 75 73 22 3a 22 70 72 6f 67 72 65 73 73 22 2c 22 72 65 63 65 69 76 65 64 22 3a 31 37 31 30 30 2c 22 74 6f 74 61 6c 22 3a 35 37 30 34 38 30 2c 22 70 65 72 63 65 6e 74 22 3a 32 7d
[Main -> Renderer] ble:characteristicValueChanged: {
  deviceId: '10b41dcd238d',
  serviceUuid: '4fafc201-1fb5-459e-8fcc-c5c9c331914d',
  characteristicUuid: 'beb5483e-36e1-4688-b7f5-ea07361b26c2',
  value: '7b 22 74 79 70 65 22 3a 22 6f 74 61 22 2c 22 73 74 61 74 75 73 22 3a 22 70 72 6f 67 72 65 73 73 22 2c 22 72 65 63 65 69 76 65 64 22 3a 31 37 31 30 30 2c 22 74 6f 74 61 6c 22 3a 35 37 30 34 38 30 2c 22 70 65 72 63 65 6e 74 22 3a 32 7d'
}
Notification received: 7b 22 74 79 70 65 22 3a 22 6f 74 61 22 2c 22 73 74 61 74 75 73 22 3a 22 70 72 6f 67 72 65 73 73 22 2c 22 72 65 63 65 69 76 65 64 22 3a 31 37 36 34 30 2c 22 74 6f 74 61 6c 22 3a 35 37 30 34 38 30 2c 22 70 65 72 63 65 6e 74 22 3a 33 7d
[Main -> Renderer] ble:characteristicValueChanged: {
  deviceId: '10b41dcd238d',
  serviceUuid: '4fafc201-1fb5-459e-8fcc-c5c9c331914d',
  characteristicUuid: 'beb5483e-36e1-4688-b7f5-ea07361b26c2',
  value: '7b 22 74 79 70 65 22 3a 22 6f 74 61 22 2c 22 73 74 61 74 75 73 22 3a 22 70 72 6f 67 72 65 73 73 22 2c 22 72 65 63 65 69 76 65 64 22 3a 31 37 36 34 30 2c 22 74 6f 74 61 6c 22 3a 35 37 30 34 38 30 2c 22 70 65 72 63 65 6e 74 22 3a 33 7d'
}
Notification received: 7b 22 74 79 70 65 22 3a 22 6f 74 61 22 2c 22 73 74 61 74 75 73 22 3a 22 70 72 6f 67 72 65 73 73 22 2c 22 72 65 63 65 69 76 65 64 22 3a 31 38 31 38 30 2c 22 74 6f 74 61 6c 22 3a 35 37 30 34 38 30 2c 22 70 65 72 63 65 6e 74 22 3a 33 7d
[Main -> Renderer] ble:characteristicValueChanged: {
  deviceId: '10b41dcd238d',
  serviceUuid: '4fafc201-1fb5-459e-8fcc-c5c9c331914d',
  characteristicUuid: 'beb5483e-36e1-4688-b7f5-ea07361b26c2',
  value: '7b 22 74 79 70 65 22 3a 22 6f 74 61 22 2c 22 73 74 61 74 75 73 22 3a 22 70 72 6f 67 72 65 73 73 22 2c 22 72 65 63 65 69 76 65 64 22 3a 31 38 31 38 30 2c 22 74 6f 74 61 6c 22 3a 35 37 30 34 38 30 2c 22 70 65 72 63 65 6e 74 22 3a 33 7d'
}
Notification received: 7b 22 74 79 70 65 22 3a 22 6f 74 61 22 2c 22 73 74 61 74 75 73 22 3a 22 70 72 6f 67 72 65 73 73 22 2c 22 72 65 63 65 69 76 65 64 22 3a 31 38 37 32 30 2c 22 74 6f 74 61 6c 22 3a 35 37 30 34 38 30 2c 22 70 65 72 63 65 6e 74 22 3a 33 7d
[Main -> Renderer] ble:characteristicValueChanged: {
  deviceId: '10b41dcd238d',
  serviceUuid: '4fafc201-1fb5-459e-8fcc-c5c9c331914d',
  characteristicUuid: 'beb5483e-36e1-4688-b7f5-ea07361b26c2',
  value: '7b 22 74 79 70 65 22 3a 22 6f 74 61 22 2c 22 73 74 61 74 75 73 22 3a 22 70 72 6f 67 72 65 73 73 22 2c 22 72 65 63 65 69 76 65 64 22 3a 31 38 37 32 30 2c 22 74 6f 74 61 6c 22 3a 35 37 30 34 38 30 2c 22 70 65 72 63 65 6e 74 22 3a 33 7d'
}
Notification received: 7b 22 74 79 70 65 22 3a 22 6f 74 61 22 2c 22 73 74 61 74 75 73 22 3a 22 70 72 6f 67 72 65 73 73 22 2c 22 72 65 63 65 69 76 65 64 22 3a 31 39 32 36 30 2c 22 74 6f 74 61 6c 22 3a 35 37 30 34 38 30 2c 22 70 65 72 63 65 6e 74 22 3a 33 7d
[Main -> Renderer] ble:characteristicValueChanged: {
  deviceId: '10b41dcd238d',
  serviceUuid: '4fafc201-1fb5-459e-8fcc-c5c9c331914d',
  characteristicUuid: 'beb5483e-36e1-4688-b7f5-ea07361b26c2',
  value: '7b 22 74 79 70 65 22 3a 22 6f 74 61 22 2c 22 73 74 61 74 75 73 22 3a 22 70 72 6f 67 72 65 73 73 22 2c 22 72 65 63 65 69 76 65 64 22 3a 31 39 32 36 30 2c 22 74 6f 74 61 6c 22 3a 35 37 30 34 38 30 2c 22 70 65 72 63 65 6e 74 22 3a 33 7d'
}
Notification received: 7b 22 74 79 70 65 22 3a 22 6f 74 61 22 2c 22 73 74 61 74 75 73 22 3a 22 70 72 6f 67 72 65 73 73 22 2c 22 72 65 63 65 69 76 65 64 22 3a 31 39 38 30 30 2c 22 74 6f 74 61 6c 22 3a 35 37 30 34 38 30 2c 22 70 65 72 63 65 6e 74 22 3a 33 7d
[Main -> Renderer] ble:characteristicValueChanged: {
  deviceId: '10b41dcd238d',
  serviceUuid: '4fafc201-1fb5-459e-8fcc-c5c9c331914d',
  characteristicUuid: 'beb5483e-36e1-4688-b7f5-ea07361b26c2',
  value: '7b 22 74 79 70 65 22 3a 22 6f 74 61 22 2c 22 73 74 61 74 75 73 22 3a 22 70 72 6f 67 72 65 73 73 22 2c 22 72 65 63 65 69 76 65 64 22 3a 31 39 38 30 30 2c 22 74 6f 74 61 6c 22 3a 35 37 30 34 38 30 2c 22 70 65 72 63 65 6e 74 22 3a 33 7d'
}
Notification received: 7b 22 74 79 70 65 22 3a 22 6f 74 61 22 2c 22 73 74 61 74 75 73 22 3a 22 70 72 6f 67 72 65 73 73 22 2c 22 72 65 63 65 69 76 65 64 22 3a 32 30 33 34 30 2c 22 74 6f 74 61 6c 22 3a 35 37 30 34 38 30 2c 22 70 65 72 63 65 6e 74 22 3a 33 7d
[Main -> Renderer] ble:characteristicValueChanged: {
  deviceId: '10b41dcd238d',
  serviceUuid: '4fafc201-1fb5-459e-8fcc-c5c9c331914d',
  characteristicUuid: 'beb5483e-36e1-4688-b7f5-ea07361b26c2',
  value: '7b 22 74 79 70 65 22 3a 22 6f 74 61 22 2c 22 73 74 61 74 75 73 22 3a 22 70 72 6f 67 72 65 73 73 22 2c 22 72 65 63 65 69 76 65 64 22 3a 32 30 33 34 30 2c 22 74 6f 74 61 6c 22 3a 35 37 30 34 38 30 2c 22 70 65 72 63 65 6e 74 22 3a 33 7d'
}
Notification received: 7b 22 74 79 70 65 22 3a 22 6f 74 61 22 2c 22 73 74 61 74 75 73 22 3a 22 70 72 6f 67 72 65 73 73 22 2c 22 72 65 63 65 69 76 65 64 22 3a 32 30 38 38 30 2c 22 74 6f 74 61 6c 22 3a 35 37 30 34 38 30 2c 22 70 65 72 63 65 6e 74 22 3a 33 7d
[Main -> Renderer] ble:characteristicValueChanged: {
  deviceId: '10b41dcd238d',
  serviceUuid: '4fafc201-1fb5-459e-8fcc-c5c9c331914d',
  characteristicUuid: 'beb5483e-36e1-4688-b7f5-ea07361b26c2',
  value: '7b 22 74 79 70 65 22 3a 22 6f 74 61 22 2c 22 73 74 61 74 75 73 22 3a 22 70 72 6f 67 72 65 73 73 22 2c 22 72 65 63 65 69 76 65 64 22 3a 32 30 38 38 30 2c 22 74 6f 74 61 6c 22 3a 35 37 30 34 38 30 2c 22 70 65 72 63 65 6e 74 22 3a 33 7d'
}
Notification received: 7b 22 74 79 70 65 22 3a 22 6f 74 61 22 2c 22 73 74 61 74 75 73 22 3a 22 70 72 6f 67 72 65 73 73 22 2c 22 72 65 63 65 69 76 65 64 22 3a 32 31 34 32 30 2c 22 74 6f 74 61 6c 22 3a 35 37 30 34 38 30 2c 22 70 65 72 63 65 6e 74 22 3a 33 7d
[Main -> Renderer] ble:characteristicValueChanged: {
  deviceId: '10b41dcd238d',
  serviceUuid: '4fafc201-1fb5-459e-8fcc-c5c9c331914d',
  characteristicUuid: 'beb5483e-36e1-4688-b7f5-ea07361b26c2',
  value: '7b 22 74 79 70 65 22 3a 22 6f 74 61 22 2c 22 73 74 61 74 75 73 22 3a 22 70 72 6f 67 72 65 73 73 22 2c 22 72 65 63 65 69 76 65 64 22 3a 32 31 34 32 30 2c 22 74 6f 74 61 6c 22 3a 35 37 30 34 38 30 2c 22 70 65 72 63 65 6e 74 22 3a 33 7d'
}
Notification received: 7b 22 74 79 70 65 22 3a 22 6f 74 61 22 2c 22 73 74 61 74 75 73 22 3a 22 70 72 6f 67 72 65 73 73 22 2c 22 72 65 63 65 69 76 65 64 22 3a 32 31 39 36 30 2c 22 74 6f 74 61 6c 22 3a 35 37 30 34 38 30 2c 22 70 65 72 63 65 6e 74 22 3a 33 7d
[Main -> Renderer] ble:characteristicValueChanged: {
  deviceId: '10b41dcd238d',
  serviceUuid: '4fafc201-1fb5-459e-8fcc-c5c9c331914d',
  characteristicUuid: 'beb5483e-36e1-4688-b7f5-ea07361b26c2',
  value: '7b 22 74 79 70 65 22 3a 22 6f 74 61 22 2c 22 73 74 61 74 75 73 22 3a 22 70 72 6f 67 72 65 73 73 22 2c 22 72 65 63 65 69 76 65 64 22 3a 32 31 39 36 30 2c 22 74 6f 74 61 6c 22 3a 35 37 30 34 38 30 2c 22 70 65 72 63 65 6e 74 22 3a 33 7d'
}
Notification received: 7b 22 74 79 70 65 22 3a 22 6f 74 61 22 2c 22 73 74 61 74 75 73 22 3a 22 70 72 6f 67 72 65 73 73 22 2c 22 72 65 63 65 69 76 65 64 22 3a 32 32 35 30 30 2c 22 74 6f 74 61 6c 22 3a 35 37 30 34 38 30 2c 22 70 65 72 63 65 6e 74 22 3a 33 7d
[Main -> Renderer] ble:characteristicValueChanged: {
  deviceId: '10b41dcd238d',
  serviceUuid: '4fafc201-1fb5-459e-8fcc-c5c9c331914d',
  characteristicUuid: 'beb5483e-36e1-4688-b7f5-ea07361b26c2',
  value: '7b 22 74 79 70 65 22 3a 22 6f 74 61 22 2c 22 73 74 61 74 75 73 22 3a 22 70 72 6f 67 72 65 73 73 22 2c 22 72 65 63 65 69 76 65 64 22 3a 32 32 35 30 30 2c 22 74 6f 74 61 6c 22 3a 35 37 30 34 38 30 2c 22 70 65 72 63 65 6e 74 22 3a 33 7d'
}
Notification received: 7b 22 74 79 70 65 22 3a 22 6f 74 61 22 2c 22 73 74 61 74 75 73 22 3a 22 70 72 6f 67 72 65 73 73 22 2c 22 72 65 63 65 69 76 65 64 22 3a 32 33 30 34 30 2c 22 74 6f 74 61 6c 22 3a 35 37 30 34 38 30 2c 22 70 65 72 63 65 6e 74 22 3a 34 7d
[Main -> Renderer] ble:characteristicValueChanged: {
  deviceId: '10b41dcd238d',
  serviceUuid: '4fafc201-1fb5-459e-8fcc-c5c9c331914d',
  characteristicUuid: 'beb5483e-36e1-4688-b7f5-ea07361b26c2',
  value: '7b 22 74 79 70 65 22 3a 22 6f 74 61 22 2c 22 73 74 61 74 75 73 22 3a 22 70 72 6f 67 72 65 73 73 22 2c 22 72 65 63 65 69 76 65 64 22 3a 32 33 30 34 30 2c 22 74 6f 74 61 6c 22 3a 35 37 30 34 38 30 2c 22 70 65 72 63 65 6e 74 22 3a 34 7d'
}
Notification received: 7b 22 74 79 70 65 22 3a 22 6f 74 61 22 2c 22 73 74 61 74 75 73 22 3a 22 70 72 6f 67 72 65 73 73 22 2c 22 72 65 63 65 69 76 65 64 22 3a 32 33 35 38 30 2c 22 74 6f 74 61 6c 22 3a 35 37 30 34 38 30 2c 22 70 65 72 63 65 6e 74 22 3a 34 7d
[Main -> Renderer] ble:characteristicValueChanged: {
  deviceId: '10b41dcd238d',
  serviceUuid: '4fafc201-1fb5-459e-8fcc-c5c9c331914d',
  characteristicUuid: 'beb5483e-36e1-4688-b7f5-ea07361b26c2',
  value: '7b 22 74 79 70 65 22 3a 22 6f 74 61 22 2c 22 73 74 61 74 75 73 22 3a 22 70 72 6f 67 72 65 73 73 22 2c 22 72 65 63 65 69 76 65 64 22 3a 32 33 35 38 30 2c 22 74 6f 74 61 6c 22 3a 35 37 30 34 38 30 2c 22 70 65 72 63 65 6e 74 22 3a 34 7d'
}
Notification received: 7b 22 74 79 70 65 22 3a 22 6f 74 61 22 2c 22 73 74 61 74 75 73 22 3a 22 70 72 6f 67 72 65 73 73 22 2c 22 72 65 63 65 69 76 65 64 22 3a 32 34 31 32 30 2c 22 74 6f 74 61 6c 22 3a 35 37 30 34 38 30 2c 22 70 65 72 63 65 6e 74 22 3a 34 7d
[Main -> Renderer] ble:characteristicValueChanged: {
  deviceId: '10b41dcd238d',
  serviceUuid: '4fafc201-1fb5-459e-8fcc-c5c9c331914d',
  characteristicUuid: 'beb5483e-36e1-4688-b7f5-ea07361b26c2',
  value: '7b 22 74 79 70 65 22 3a 22 6f 74 61 22 2c 22 73 74 61 74 75 73 22 3a 22 70 72 6f 67 72 65 73 73 22 2c 22 72 65 63 65 69 76 65 64 22 3a 32 34 31 32 30 2c 22 74 6f 74 61 6c 22 3a 35 37 30 34 38 30 2c 22 70 65 72 63 65 6e 74 22 3a 34 7d'
}
Notification received: 7b 22 74 79 70 65 22 3a 22 6f 74 61 22 2c 22 73 74 61 74 75 73 22 3a 22 70 72 6f 67 72 65 73 73 22 2c 22 72 65 63 65 69 76 65 64 22 3a 32 34 36 36 30 2c 22 74 6f 74 61 6c 22 3a 35 37 30 34 38 30 2c 22 70 65 72 63 65 6e 74 22 3a 34 7d
[Main -> Renderer] ble:characteristicValueChanged: {
  deviceId: '10b41dcd238d',
  serviceUuid: '4fafc201-1fb5-459e-8fcc-c5c9c331914d',
  characteristicUuid: 'beb5483e-36e1-4688-b7f5-ea07361b26c2',
  value: '7b 22 74 79 70 65 22 3a 22 6f 74 61 22 2c 22 73 74 61 74 75 73 22 3a 22 70 72 6f 67 72 65 73 73 22 2c 22 72 65 63 65 69 76 65 64 22 3a 32 34 36 36 30 2c 22 74 6f 74 61 6c 22 3a 35 37 30 34 38 30 2c 22 70 65 72 63 65 6e 74 22 3a 34 7d'
}
Notification received: 7b 22 74 79 70 65 22 3a 22 6f 74 61 22 2c 22 73 74 61 74 75 73 22 3a 22 70 72 6f 67 72 65 73 73 22 2c 22 72 65 63 65 69 76 65 64 22 3a 32 35 32 30 30 2c 22 74 6f 74 61 6c 22 3a 35 37 30 34 38 30 2c 22 70 65 72 63 65 6e 74 22 3a 34 7d
[Main -> Renderer] ble:characteristicValueChanged: {
  deviceId: '10b41dcd238d',
  serviceUuid: '4fafc201-1fb5-459e-8fcc-c5c9c331914d',
  characteristicUuid: 'beb5483e-36e1-4688-b7f5-ea07361b26c2',
  value: '7b 22 74 79 70 65 22 3a 22 6f 74 61 22 2c 22 73 74 61 74 75 73 22 3a 22 70 72 6f 67 72 65 73 73 22 2c 22 72 65 63 65 69 76 65 64 22 3a 32 35 32 30 30 2c 22 74 6f 74 61 6c 22 3a 35 37 30 34 38 30 2c 22 70 65 72 63 65 6e 74 22 3a 34 7d'
}
Notification received: 7b 22 74 79 70 65 22 3a 22 6f 74 61 22 2c 22 73 74 61 74 75 73 22 3a 22 70 72 6f 67 72 65 73 73 22 2c 22 72 65 63 65 69 76 65 64 22 3a 32 35 37 34 30 2c 22 74 6f 74 61 6c 22 3a 35 37 30 34 38 30 2c 22 70 65 72 63 65 6e 74 22 3a 34 7d
[Main -> Renderer] ble:characteristicValueChanged: {
  deviceId: '10b41dcd238d',
  serviceUuid: '4fafc201-1fb5-459e-8fcc-c5c9c331914d',
  characteristicUuid: 'beb5483e-36e1-4688-b7f5-ea07361b26c2',
  value: '7b 22 74 79 70 65 22 3a 22 6f 74 61 22 2c 22 73 74 61 74 75 73 22 3a 22 70 72 6f 67 72 65 73 73 22 2c 22 72 65 63 65 69 76 65 64 22 3a 32 35 37 34 30 2c 22 74 6f 74 61 6c 22 3a 35 37 30 34 38 30 2c 22 70 65 72 63 65 6e 74 22 3a 34 7d'
}
Notification received: 7b 22 74 79 70 65 22 3a 22 6f 74 61 22 2c 22 73 74 61 74 75 73 22 3a 22 70 72 6f 67 72 65 73 73 22 2c 22 72 65 63 65 69 76 65 64 22 3a 32 36 31 30 30 2c 22 74 6f 74 61 6c 22 3a 35 37 30 34 38 30 2c 22 70 65 72 63 65 6e 74 22 3a 34 7d
[Main -> Renderer] ble:characteristicValueChanged: {
  deviceId: '10b41dcd238d',
  serviceUuid: '4fafc201-1fb5-459e-8fcc-c5c9c331914d',
  characteristicUuid: 'beb5483e-36e1-4688-b7f5-ea07361b26c2',
  value: '7b 22 74 79 70 65 22 3a 22 6f 74 61 22 2c 22 73 74 61 74 75 73 22 3a 22 70 72 6f 67 72 65 73 73 22 2c 22 72 65 63 65 69 76 65 64 22 3a 32 36 31 30 30 2c 22 74 6f 74 61 6c 22 3a 35 37 30 34 38 30 2c 22 70 65 72 63 65 6e 74 22 3a 34 7d'
}
Notification received: 7b 22 74 79 70 65 22 3a 22 6f 74 61 22 2c 22 73 74 61 74 75 73 22 3a 22 70 72 6f 67 72 65 73 73 22 2c 22 72 65 63 65 69 76 65 64 22 3a 32 36 36 34 30 2c 22 74 6f 74 61 6c 22 3a 35 37 30 34 38 30 2c 22 70 65 72 63 65 6e 74 22 3a 34 7d
[Main -> Renderer] ble:characteristicValueChanged: {
  deviceId: '10b41dcd238d',
  serviceUuid: '4fafc201-1fb5-459e-8fcc-c5c9c331914d',
  characteristicUuid: 'beb5483e-36e1-4688-b7f5-ea07361b26c2',
  value: '7b 22 74 79 70 65 22 3a 22 6f 74 61 22 2c 22 73 74 61 74 75 73 22 3a 22 70 72 6f 67 72 65 73 73 22 2c 22 72 65 63 65 69 76 65 64 22 3a 32 36 36 34 30 2c 22 74 6f 74 61 6c 22 3a 35 37 30 34 38 30 2c 22 70 65 72 63 65 6e 74 22 3a 34 7d'
}
Notification received: 7b 22 74 79 70 65 22 3a 22 6f 74 61 22 2c 22 73 74 61 74 75 73 22 3a 22 70 72 6f 67 72 65 73 73 22 2c 22 72 65 63 65 69 76 65 64 22 3a 32 37 31 38 30 2c 22 74 6f 74 61 6c 22 3a 35 37 30 34 38 30 2c 22 70 65 72 63 65 6e 74 22 3a 34 7d
[Main -> Renderer] ble:characteristicValueChanged: {
  deviceId: '10b41dcd238d',
  serviceUuid: '4fafc201-1fb5-459e-8fcc-c5c9c331914d',
  characteristicUuid: 'beb5483e-36e1-4688-b7f5-ea07361b26c2',
  value: '7b 22 74 79 70 65 22 3a 22 6f 74 61 22 2c 22 73 74 61 74 75 73 22 3a 22 70 72 6f 67 72 65 73 73 22 2c 22 72 65 63 65 69 76 65 64 22 3a 32 37 31 38 30 2c 22 74 6f 74 61 6c 22 3a 35 37 30 34 38 30 2c 22 70 65 72 63 65 6e 74 22 3a 34 7d'
}
Notification received: 7b 22 74 79 70 65 22 3a 22 6f 74 61 22 2c 22 73 74 61 74 75 73 22 3a 22 70 72 6f 67 72 65 73 73 22 2c 22 72 65 63 65 69 76 65 64 22 3a 32 37 37 32 30 2c 22 74 6f 74 61 6c 22 3a 35 37 30 34 38 30 2c 22 70 65 72 63 65 6e 74 22 3a 34 7d
[Main -> Renderer] ble:characteristicValueChanged: {
  deviceId: '10b41dcd238d',
  serviceUuid: '4fafc201-1fb5-459e-8fcc-c5c9c331914d',
  characteristicUuid: 'beb5483e-36e1-4688-b7f5-ea07361b26c2',
  value: '7b 22 74 79 70 65 22 3a 22 6f 74 61 22 2c 22 73 74 61 74 75 73 22 3a 22 70 72 6f 67 72 65 73 73 22 2c 22 72 65 63 65 69 76 65 64 22 3a 32 37 37 32 30 2c 22 74 6f 74 61 6c 22 3a 35 37 30 34 38 30 2c 22 70 65 72 63 65 6e 74 22 3a 34 7d'
}
Notification received: 7b 22 74 79 70 65 22 3a 22 6f 74 61 22 2c 22 73 74 61 74 75 73 22 3a 22 70 72 6f 67 72 65 73 73 22 2c 22 72 65 63 65 69 76 65 64 22 3a 32 38 32 36 30 2c 22 74 6f 74 61 6c 22 3a 35 37 30 34 38 30 2c 22 70 65 72 63 65 6e 74 22 3a 34 7d
[Main -> Renderer] ble:characteristicValueChanged: {
  deviceId: '10b41dcd238d',
  serviceUuid: '4fafc201-1fb5-459e-8fcc-c5c9c331914d',
  characteristicUuid: 'beb5483e-36e1-4688-b7f5-ea07361b26c2',
  value: '7b 22 74 79 70 65 22 3a 22 6f 74 61 22 2c 22 73 74 61 74 75 73 22 3a 22 70 72 6f 67 72 65 73 73 22 2c 22 72 65 63 65 69 76 65 64 22 3a 32 38 32 36 30 2c 22 74 6f 74 61 6c 22 3a 35 37 30 34 38 30 2c 22 70 65 72 63 65 6e 74 22 3a 34 7d'
}
Notification received: 7b 22 74 79 70 65 22 3a 22 6f 74 61 22 2c 22 73 74 61 74 75 73 22 3a 22 70 72 6f 67 72 65 73 73 22 2c 22 72 65 63 65 69 76 65 64 22 3a 32 38 38 30 30 2c 22 74 6f 74 61 6c 22 3a 35 37 30 34 38 30 2c 22 70 65 72 63 65 6e 74 22 3a 35 7d
[Main -> Renderer] ble:characteristicValueChanged: {
  deviceId: '10b41dcd238d',
  serviceUuid: '4fafc201-1fb5-459e-8fcc-c5c9c331914d',
  characteristicUuid: 'beb5483e-36e1-4688-b7f5-ea07361b26c2',
  value: '7b 22 74 79 70 65 22 3a 22 6f 74 61 22 2c 22 73 74 61 74 75 73 22 3a 22 70 72 6f 67 72 65 73 73 22 2c 22 72 65 63 65 69 76 65 64 22 3a 32 38 38 30 30 2c 22 74 6f 74 61 6c 22 3a 35 37 30 34 38 30 2c 22 70 65 72 63 65 6e 74 22 3a 35 7d'
}
Notification received: 7b 22 74 79 70 65 22 3a 22 6f 74 61 22 2c 22 73 74 61 74 75 73 22 3a 22 70 72 6f 67 72 65 73 73 22 2c 22 72 65 63 65 69 76 65 64 22 3a 32 39 33 34 30 2c 22 74 6f 74 61 6c 22 3a 35 37 30 34 38 30 2c 22 70 65 72 63 65 6e 74 22 3a 35 7d
[Main -> Renderer] ble:characteristicValueChanged: {
  deviceId: '10b41dcd238d',
  serviceUuid: '4fafc201-1fb5-459e-8fcc-c5c9c331914d',
  characteristicUuid: 'beb5483e-36e1-4688-b7f5-ea07361b26c2',
  value: '7b 22 74 79 70 65 22 3a 22 6f 74 61 22 2c 22 73 74 61 74 75 73 22 3a 22 70 72 6f 67 72 65 73 73 22 2c 22 72 65 63 65 69 76 65 64 22 3a 32 39 33 34 30 2c 22 74 6f 74 61 6c 22 3a 35 37 30 34 38 30 2c 22 70 65 72 63 65 6e 74 22 3a 35 7d'
}
Notification received: 7b 22 74 79 70 65 22 3a 22 6f 74 61 22 2c 22 73 74 61 74 75 73 22 3a 22 70 72 6f 67 72 65 73 73 22 2c 22 72 65 63 65 69 76 65 64 22 3a 32 39 38 38 30 2c 22 74 6f 74 61 6c 22 3a 35 37 30 34 38 30 2c 22 70 65 72 63 65 6e 74 22 3a 35 7d
[Main -> Renderer] ble:characteristicValueChanged: {
  deviceId: '10b41dcd238d',
  serviceUuid: '4fafc201-1fb5-459e-8fcc-c5c9c331914d',
  characteristicUuid: 'beb5483e-36e1-4688-b7f5-ea07361b26c2',
  value: '7b 22 74 79 70 65 22 3a 22 6f 74 61 22 2c 22 73 74 61 74 75 73 22 3a 22 70 72 6f 67 72 65 73 73 22 2c 22 72 65 63 65 69 76 65 64 22 3a 32 39 38 38 30 2c 22 74 6f 74 61 6c 22 3a 35 37 30 34 38 30 2c 22 70 65 72 63 65 6e 74 22 3a 35 7d'
}
Notification received: 7b 22 74 79 70 65 22 3a 22 6f 74 61 22 2c 22 73 74 61 74 75 73 22 3a 22 70 72 6f 67 72 65 73 73 22 2c 22 72 65 63 65 69 76 65 64 22 3a 33 30 34 32 30 2c 22 74 6f 74 61 6c 22 3a 35 37 30 34 38 30 2c 22 70 65 72 63 65 6e 74 22 3a 35 7d
[Main -> Renderer] ble:characteristicValueChanged: {
  deviceId: '10b41dcd238d',
  serviceUuid: '4fafc201-1fb5-459e-8fcc-c5c9c331914d',
  characteristicUuid: 'beb5483e-36e1-4688-b7f5-ea07361b26c2',
  value: '7b 22 74 79 70 65 22 3a 22 6f 74 61 22 2c 22 73 74 61 74 75 73 22 3a 22 70 72 6f 67 72 65 73 73 22 2c 22 72 65 63 65 69 76 65 64 22 3a 33 30 34 32 30 2c 22 74 6f 74 61 6c 22 3a 35 37 30 34 38 30 2c 22 70 65 72 63 65 6e 74 22 3a 35 7d'
}
Notification received: 7b 22 74 79 70 65 22 3a 22 6f 74 61 22 2c 22 73 74 61 74 75 73 22 3a 22 70 72 6f 67 72 65 73 73 22 2c 22 72 65 63 65 69 76 65 64 22 3a 33 30 39 36 30 2c 22 74 6f 74 61 6c 22 3a 35 37 30 34 38 30 2c 22 70 65 72 63 65 6e 74 22 3a 35 7d
[Main -> Renderer] ble:characteristicValueChanged: {
  deviceId: '10b41dcd238d',
  serviceUuid: '4fafc201-1fb5-459e-8fcc-c5c9c331914d',
  characteristicUuid: 'beb5483e-36e1-4688-b7f5-ea07361b26c2',
  value: '7b 22 74 79 70 65 22 3a 22 6f 74 61 22 2c 22 73 74 61 74 75 73 22 3a 22 70 72 6f 67 72 65 73 73 22 2c 22 72 65 63 65 69 76 65 64 22 3a 33 30 39 36 30 2c 22 74 6f 74 61 6c 22 3a 35 37 30 34 38 30 2c 22 70 65 72 63 65 6e 74 22 3a 35 7d'
}
Notification received: 7b 22 74 79 70 65 22 3a 22 6f 74 61 22 2c 22 73 74 61 74 75 73 22 3a 22 70 72 6f 67 72 65 73 73 22 2c 22 72 65 63 65 69 76 65 64 22 3a 33 31 35 30 30 2c 22 74 6f 74 61 6c 22 3a 35 37 30 34 38 30 2c 22 70 65 72 63 65 6e 74 22 3a 35 7d
[Main -> Renderer] ble:characteristicValueChanged: {
  deviceId: '10b41dcd238d',
  serviceUuid: '4fafc201-1fb5-459e-8fcc-c5c9c331914d',
  characteristicUuid: 'beb5483e-36e1-4688-b7f5-ea07361b26c2',
  value: '7b 22 74 79 70 65 22 3a 22 6f 74 61 22 2c 22 73 74 61 74 75 73 22 3a 22 70 72 6f 67 72 65 73 73 22 2c 22 72 65 63 65 69 76 65 64 22 3a 33 31 35 30 30 2c 22 74 6f 74 61 6c 22 3a 35 37 30 34 38 30 2c 22 70 65 72 63 65 6e 74 22 3a 35 7d'
}
Notification received: 7b 22 74 79 70 65 22 3a 22 6f 74 61 22 2c 22 73 74 61 74 75 73 22 3a 22 70 72 6f 67 72 65 73 73 22 2c 22 72 65 63 65 69 76 65 64 22 3a 33 32 30 34 30 2c 22 74 6f 74 61 6c 22 3a 35 37 30 34 38 30 2c 22 70 65 72 63 65 6e 74 22 3a 35 7d
[Main -> Renderer] ble:characteristicValueChanged: {
  deviceId: '10b41dcd238d',
  serviceUuid: '4fafc201-1fb5-459e-8fcc-c5c9c331914d',
  characteristicUuid: 'beb5483e-36e1-4688-b7f5-ea07361b26c2',
  value: '7b 22 74 79 70 65 22 3a 22 6f 74 61 22 2c 22 73 74 61 74 75 73 22 3a 22 70 72 6f 67 72 65 73 73 22 2c 22 72 65 63 65 69 76 65 64 22 3a 33 32 30 34 30 2c 22 74 6f 74 61 6c 22 3a 35 37 30 34 38 30 2c 22 70 65 72 63 65 6e 74 22 3a 35 7d'
}
Notification received: 7b 22 74 79 70 65 22 3a 22 6f 74 61 22 2c 22 73 74 61 74 75 73 22 3a 22 70 72 6f 67 72 65 73 73 22 2c 22 72 65 63 65 69 76 65 64 22 3a 33 32 35 38 30 2c 22 74 6f 74 61 6c 22 3a 35 37 30 34 38 30 2c 22 70 65 72 63 65 6e 74 22 3a 35 7d
[Main -> Renderer] ble:characteristicValueChanged: {
  deviceId: '10b41dcd238d',
  serviceUuid: '4fafc201-1fb5-459e-8fcc-c5c9c331914d',
  characteristicUuid: 'beb5483e-36e1-4688-b7f5-ea07361b26c2',
  value: '7b 22 74 79 70 65 22 3a 22 6f 74 61 22 2c 22 73 74 61 74 75 73 22 3a 22 70 72 6f 67 72 65 73 73 22 2c 22 72 65 63 65 69 76 65 64 22 3a 33 32 35 38 30 2c 22 74 6f 74 61 6c 22 3a 35 37 30 34 38 30 2c 22 70 65 72 63 65 6e 74 22 3a 35 7d'
}
Notification received: 7b 22 74 79 70 65 22 3a 22 6f 74 61 22 2c 22 73 74 61 74 75 73 22 3a 22 70 72 6f 67 72 65 73 73 22 2c 22 72 65 63 65 69 76 65 64 22 3a 33 33 31 32 30 2c 22 74 6f 74 61 6c 22 3a 35 37 30 34 38 30 2c 22 70 65 72 63 65 6e 74 22 3a 35 7d
[Main -> Renderer] ble:characteristicValueChanged: {
  deviceId: '10b41dcd238d',
  serviceUuid: '4fafc201-1fb5-459e-8fcc-c5c9c331914d',
  characteristicUuid: 'beb5483e-36e1-4688-b7f5-ea07361b26c2',
  value: '7b 22 74 79 70 65 22 3a 22 6f 74 61 22 2c 22 73 74 61 74 75 73 22 3a 22 70 72 6f 67 72 65 73 73 22 2c 22 72 65 63 65 69 76 65 64 22 3a 33 33 31 32 30 2c 22 74 6f 74 61 6c 22 3a 35 37 30 34 38 30 2c 22 70 65 72 63 65 6e 74 22 3a 35 7d'
}
Notification received: 7b 22 74 79 70 65 22 3a 22 6f 74 61 22 2c 22 73 74 61 74 75 73 22 3a 22 70 72 6f 67 72 65 73 73 22 2c 22 72 65 63 65 69 76 65 64 22 3a 33 33 36 36 30 2c 22 74 6f 74 61 6c 22 3a 35 37 30 34 38 30 2c 22 70 65 72 63 65 6e 74 22 3a 35 7d
[Main -> Renderer] ble:characteristicValueChanged: {
  deviceId: '10b41dcd238d',
  serviceUuid: '4fafc201-1fb5-459e-8fcc-c5c9c331914d',
  characteristicUuid: 'beb5483e-36e1-4688-b7f5-ea07361b26c2',
  value: '7b 22 74 79 70 65 22 3a 22 6f 74 61 22 2c 22 73 74 61 74 75 73 22 3a 22 70 72 6f 67 72 65 73 73 22 2c 22 72 65 63 65 69 76 65 64 22 3a 33 33 36 36 30 2c 22 74 6f 74 61 6c 22 3a 35 37 30 34 38 30 2c 22 70 65 72 63 65 6e 74 22 3a 35 7d'
}
Notification received: 7b 22 74 79 70 65 22 3a 22 6f 74 61 22 2c 22 73 74 61 74 75 73 22 3a 22 70 72 6f 67 72 65 73 73 22 2c 22 72 65 63 65 69 76 65 64 22 3a 33 34 32 30 30 2c 22 74 6f 74 61 6c 22 3a 35 37 30 34 38 30 2c 22 70 65 72 63 65 6e 74 22 3a 35 7d
[Main -> Renderer] ble:characteristicValueChanged: {
  deviceId: '10b41dcd238d',
  serviceUuid: '4fafc201-1fb5-459e-8fcc-c5c9c331914d',
  characteristicUuid: 'beb5483e-36e1-4688-b7f5-ea07361b26c2',
  value: '7b 22 74 79 70 65 22 3a 22 6f 74 61 22 2c 22 73 74 61 74 75 73 22 3a 22 70 72 6f 67 72 65 73 73 22 2c 22 72 65 63 65 69 76 65 64 22 3a 33 34 32 30 30 2c 22 74 6f 74 61 6c 22 3a 35 37 30 34 38 30 2c 22 70 65 72 63 65 6e 74 22 3a 35 7d'
}
Notification received: 7b 22 74 79 70 65 22 3a 22 6f 74 61 22 2c 22 73 74 61 74 75 73 22 3a 22 70 72 6f 67 72 65 73 73 22 2c 22 72 65 63 65 69 76 65 64 22 3a 33 34 37 34 30 2c 22 74 6f 74 61 6c 22 3a 35 37 30 34 38 30 2c 22 70 65 72 63 65 6e 74 22 3a 36 7d
[Main -> Renderer] ble:characteristicValueChanged: {
  deviceId: '10b41dcd238d',
  serviceUuid: '4fafc201-1fb5-459e-8fcc-c5c9c331914d',
  characteristicUuid: 'beb5483e-36e1-4688-b7f5-ea07361b26c2',
  value: '7b 22 74 79 70 65 22 3a 22 6f 74 61 22 2c 22 73 74 61 74 75 73 22 3a 22 70 72 6f 67 72 65 73 73 22 2c 22 72 65 63 65 69 76 65 64 22 3a 33 34 37 34 30 2c 22 74 6f 74 61 6c 22 3a 35 37 30 34 38 30 2c 22 70 65 72 63 65 6e 74 22 3a 36 7d'
}
Notification received: 7b 22 74 79 70 65 22 3a 22 6f 74 61 22 2c 22 73 74 61 74 75 73 22 3a 22 70 72 6f 67 72 65 73 73 22 2c 22 72 65 63 65 69 76 65 64 22 3a 33 35 32 38 30 2c 22 74 6f 74 61 6c 22 3a 35 37 30 34 38 30 2c 22 70 65 72 63 65 6e 74 22 3a 36 7d
[Main -> Renderer] ble:characteristicValueChanged: {
  deviceId: '10b41dcd238d',
  serviceUuid: '4fafc201-1fb5-459e-8fcc-c5c9c331914d',
  characteristicUuid: 'beb5483e-36e1-4688-b7f5-ea07361b26c2',
  value: '7b 22 74 79 70 65 22 3a 22 6f 74 61 22 2c 22 73 74 61 74 75 73 22 3a 22 70 72 6f 67 72 65 73 73 22 2c 22 72 65 63 65 69 76 65 64 22 3a 33 35 32 38 30 2c 22 74 6f 74 61 6c 22 3a 35 37 30 34 38 30 2c 22 70 65 72 63 65 6e 74 22 3a 36 7d'
}
Notification received: 7b 22 74 79 70 65 22 3a 22 6f 74 61 22 2c 22 73 74 61 74 75 73 22 3a 22 70 72 6f 67 72 65 73 73 22 2c 22 72 65 63 65 69 76 65 64 22 3a 33 35 38 32 30 2c 22 74 6f 74 61 6c 22 3a 35 37 30 34 38 30 2c 22 70 65 72 63 65 6e 74 22 3a 36 7d
[Main -> Renderer] ble:characteristicValueChanged: {
  deviceId: '10b41dcd238d',
  serviceUuid: '4fafc201-1fb5-459e-8fcc-c5c9c331914d',
  characteristicUuid: 'beb5483e-36e1-4688-b7f5-ea07361b26c2',
  value: '7b 22 74 79 70 65 22 3a 22 6f 74 61 22 2c 22 73 74 61 74 75 73 22 3a 22 70 72 6f 67 72 65 73 73 22 2c 22 72 65 63 65 69 76 65 64 22 3a 33 35 38 32 30 2c 22 74 6f 74 61 6c 22 3a 35 37 30 34 38 30 2c 22 70 65 72 63 65 6e 74 22 3a 36 7d'
}
Notification received: 7b 22 74 79 70 65 22 3a 22 6f 74 61 22 2c 22 73 74 61 74 75 73 22 3a 22 70 72 6f 67 72 65 73 73 22 2c 22 72 65 63 65 69 76 65 64 22 3a 33 36 33 36 30 2c 22 74 6f 74 61 6c 22 3a 35 37 30 34 38 30 2c 22 70 65 72 63 65 6e 74 22 3a 36 7d
[Main -> Renderer] ble:characteristicValueChanged: {
  deviceId: '10b41dcd238d',
  serviceUuid: '4fafc201-1fb5-459e-8fcc-c5c9c331914d',
  characteristicUuid: 'beb5483e-36e1-4688-b7f5-ea07361b26c2',
  value: '7b 22 74 79 70 65 22 3a 22 6f 74 61 22 2c 22 73 74 61 74 75 73 22 3a 22 70 72 6f 67 72 65 73 73 22 2c 22 72 65 63 65 69 76 65 64 22 3a 33 36 33 36 30 2c 22 74 6f 74 61 6c 22 3a 35 37 30 34 38 30 2c 22 70 65 72 63 65 6e 74 22 3a 36 7d'
}
Notification received: 7b 22 74 79 70 65 22 3a 22 6f 74 61 22 2c 22 73 74 61 74 75 73 22 3a 22 70 72 6f 67 72 65 73 73 22 2c 22 72 65 63 65 69 76 65 64 22 3a 33 36 39 30 30 2c 22 74 6f 74 61 6c 22 3a 35 37 30 34 38 30 2c 22 70 65 72 63 65 6e 74 22 3a 36 7d
[Main -> Renderer] ble:characteristicValueChanged: {
  deviceId: '10b41dcd238d',
  serviceUuid: '4fafc201-1fb5-459e-8fcc-c5c9c331914d',
  characteristicUuid: 'beb5483e-36e1-4688-b7f5-ea07361b26c2',
  value: '7b 22 74 79 70 65 22 3a 22 6f 74 61 22 2c 22 73 74 61 74 75 73 22 3a 22 70 72 6f 67 72 65 73 73 22 2c 22 72 65 63 65 69 76 65 64 22 3a 33 36 39 30 30 2c 22 74 6f 74 61 6c 22 3a 35 37 30 34 38 30 2c 22 70 65 72 63 65 6e 74 22 3a 36 7d'
}
Notification received: 7b 22 74 79 70 65 22 3a 22 6f 74 61 22 2c 22 73 74 61 74 75 73 22 3a 22 70 72 6f 67 72 65 73 73 22 2c 22 72 65 63 65 69 76 65 64 22 3a 33 37 34 34 30 2c 22 74 6f 74 61 6c 22 3a 35 37 30 34 38 30 2c 22 70 65 72 63 65 6e 74 22 3a 36 7d
[Main -> Renderer] ble:characteristicValueChanged: {
  deviceId: '10b41dcd238d',
  serviceUuid: '4fafc201-1fb5-459e-8fcc-c5c9c331914d',
  characteristicUuid: 'beb5483e-36e1-4688-b7f5-ea07361b26c2',
  value: '7b 22 74 79 70 65 22 3a 22 6f 74 61 22 2c 22 73 74 61 74 75 73 22 3a 22 70 72 6f 67 72 65 73 73 22 2c 22 72 65 63 65 69 76 65 64 22 3a 33 37 34 34 30 2c 22 74 6f 74 61 6c 22 3a 35 37 30 34 38 30 2c 22 70 65 72 63 65 6e 74 22 3a 36 7d'
}
Notification received: 7b 22 74 79 70 65 22 3a 22 6f 74 61 22 2c 22 73 74 61 74 75 73 22 3a 22 70 72 6f 67 72 65 73 73 22 2c 22 72 65 63 65 69 76 65 64 22 3a 33 37 39 38 30 2c 22 74 6f 74 61 6c 22 3a 35 37 30 34 38 30 2c 22 70 65 72 63 65 6e 74 22 3a 36 7d
[Main -> Renderer] ble:characteristicValueChanged: {
  deviceId: '10b41dcd238d',
  serviceUuid: '4fafc201-1fb5-459e-8fcc-c5c9c331914d',
  characteristicUuid: 'beb5483e-36e1-4688-b7f5-ea07361b26c2',
  value: '7b 22 74 79 70 65 22 3a 22 6f 74 61 22 2c 22 73 74 61 74 75 73 22 3a 22 70 72 6f 67 72 65 73 73 22 2c 22 72 65 63 65 69 76 65 64 22 3a 33 37 39 38 30 2c 22 74 6f 74 61 6c 22 3a 35 37 30 34 38 30 2c 22 70 65 72 63 65 6e 74 22 3a 36 7d'
}
Notification received: 7b 22 74 79 70 65 22 3a 22 6f 74 61 22 2c 22 73 74 61 74 75 73 22 3a 22 70 72 6f 67 72 65 73 73 22 2c 22 72 65 63 65 69 76 65 64 22 3a 33 38 35 32 30 2c 22 74 6f 74 61 6c 22 3a 35 37 30 34 38 30 2c 22 70 65 72 63 65 6e 74 22 3a 36 7d
[Main -> Renderer] ble:characteristicValueChanged: {
  deviceId: '10b41dcd238d',
  serviceUuid: '4fafc201-1fb5-459e-8fcc-c5c9c331914d',
  characteristicUuid: 'beb5483e-36e1-4688-b7f5-ea07361b26c2',
  value: '7b 22 74 79 70 65 22 3a 22 6f 74 61 22 2c 22 73 74 61 74 75 73 22 3a 22 70 72 6f 67 72 65 73 73 22 2c 22 72 65 63 65 69 76 65 64 22 3a 33 38 35 32 30 2c 22 74 6f 74 61 6c 22 3a 35 37 30 34 38 30 2c 22 70 65 72 63 65 6e 74 22 3a 36 7d'
}
Notification received: 7b 22 74 79 70 65 22 3a 22 6f 74 61 22 2c 22 73 74 61 74 75 73 22 3a 22 70 72 6f 67 72 65 73 73 22 2c 22 72 65 63 65 69 76 65 64 22 3a 33 39 30 36 30 2c 22 74 6f 74 61 6c 22 3a 35 37 30 34 38 30 2c 22 70 65 72 63 65 6e 74 22 3a 36 7d
[Main -> Renderer] ble:characteristicValueChanged: {
  deviceId: '10b41dcd238d',
  serviceUuid: '4fafc201-1fb5-459e-8fcc-c5c9c331914d',
  characteristicUuid: 'beb5483e-36e1-4688-b7f5-ea07361b26c2',
  value: '7b 22 74 79 70 65 22 3a 22 6f 74 61 22 2c 22 73 74 61 74 75 73 22 3a 22 70 72 6f 67 72 65 73 73 22 2c 22 72 65 63 65 69 76 65 64 22 3a 33 39 30 36 30 2c 22 74 6f 74 61 6c 22 3a 35 37 30 34 38 30 2c 22 70 65 72 63 65 6e 74 22 3a 36 7d'
}
Notification received: 7b 22 74 79 70 65 22 3a 22 6f 74 61 22 2c 22 73 74 61 74 75 73 22 3a 22 70 72 6f 67 72 65 73 73 22 2c 22 72 65 63 65 69 76 65 64 22 3a 33 39 36 30 30 2c 22 74 6f 74 61 6c 22 3a 35 37 30 34 38 30 2c 22 70 65 72 63 65 6e 74 22 3a 36 7d
[Main -> Renderer] ble:characteristicValueChanged: {
  deviceId: '10b41dcd238d',
  serviceUuid: '4fafc201-1fb5-459e-8fcc-c5c9c331914d',
  characteristicUuid: 'beb5483e-36e1-4688-b7f5-ea07361b26c2',
  value: '7b 22 74 79 70 65 22 3a 22 6f 74 61 22 2c 22 73 74 61 74 75 73 22 3a 22 70 72 6f 67 72 65 73 73 22 2c 22 72 65 63 65 69 76 65 64 22 3a 33 39 36 30 30 2c 22 74 6f 74 61 6c 22 3a 35 37 30 34 38 30 2c 22 70 65 72 63 65 6e 74 22 3a 36 7d'
}
Notification received: 7b 22 74 79 70 65 22 3a 22 6f 74 61 22 2c 22 73 74 61 74 75 73 22 3a 22 70 72 6f 67 72 65 73 73 22 2c 22 72 65 63 65 69 76 65 64 22 3a 34 30 31 34 30 2c 22 74 6f 74 61 6c 22 3a 35 37 30 34 38 30 2c 22 70 65 72 63 65 6e 74 22 3a 37 7d
[Main -> Renderer] ble:characteristicValueChanged: {
  deviceId: '10b41dcd238d',
  serviceUuid: '4fafc201-1fb5-459e-8fcc-c5c9c331914d',
  characteristicUuid: 'beb5483e-36e1-4688-b7f5-ea07361b26c2',
  value: '7b 22 74 79 70 65 22 3a 22 6f 74 61 22 2c 22 73 74 61 74 75 73 22 3a 22 70 72 6f 67 72 65 73 73 22 2c 22 72 65 63 65 69 76 65 64 22 3a 34 30 31 34 30 2c 22 74 6f 74 61 6c 22 3a 35 37 30 34 38 30 2c 22 70 65 72 63 65 6e 74 22 3a 37 7d'
}
Notification received: 7b 22 74 79 70 65 22 3a 22 6f 74 61 22 2c 22 73 74 61 74 75 73 22 3a 22 70 72 6f 67 72 65 73 73 22 2c 22 72 65 63 65 69 76 65 64 22 3a 34 30 36 38 30 2c 22 74 6f 74 61 6c 22 3a 35 37 30 34 38 30 2c 22 70 65 72 63 65 6e 74 22 3a 37 7d
[Main -> Renderer] ble:characteristicValueChanged: {
  deviceId: '10b41dcd238d',
  serviceUuid: '4fafc201-1fb5-459e-8fcc-c5c9c331914d',
  characteristicUuid: 'beb5483e-36e1-4688-b7f5-ea07361b26c2',
  value: '7b 22 74 79 70 65 22 3a 22 6f 74 61 22 2c 22 73 74 61 74 75 73 22 3a 22 70 72 6f 67 72 65 73 73 22 2c 22 72 65 63 65 69 76 65 64 22 3a 34 30 36 38 30 2c 22 74 6f 74 61 6c 22 3a 35 37 30 34 38 30 2c 22 70 65 72 63 65 6e 74 22 3a 37 7d'
}
Notification received: 7b 22 74 79 70 65 22 3a 22 6f 74 61 22 2c 22 73 74 61 74 75 73 22 3a 22 70 72 6f 67 72 65 73 73 22 2c 22 72 65 63 65 69 76 65 64 22 3a 34 31 32 32 30 2c 22 74 6f 74 61 6c 22 3a 35 37 30 34 38 30 2c 22 70 65 72 63 65 6e 74 22 3a 37 7d
[Main -> Renderer] ble:characteristicValueChanged: {
  deviceId: '10b41dcd238d',
  serviceUuid: '4fafc201-1fb5-459e-8fcc-c5c9c331914d',
  characteristicUuid: 'beb5483e-36e1-4688-b7f5-ea07361b26c2',
  value: '7b 22 74 79 70 65 22 3a 22 6f 74 61 22 2c 22 73 74 61 74 75 73 22 3a 22 70 72 6f 67 72 65 73 73 22 2c 22 72 65 63 65 69 76 65 64 22 3a 34 31 32 32 30 2c 22 74 6f 74 61 6c 22 3a 35 37 30 34 38 30 2c 22 70 65 72 63 65 6e 74 22 3a 37 7d'
}
Notification received: 7b 22 74 79 70 65 22 3a 22 6f 74 61 22 2c 22 73 74 61 74 75 73 22 3a 22 70 72 6f 67 72 65 73 73 22 2c 22 72 65 63 65 69 76 65 64 22 3a 34 31 37 36 30 2c 22 74 6f 74 61 6c 22 3a 35 37 30 34 38 30 2c 22 70 65 72 63 65 6e 74 22 3a 37 7d
[Main -> Renderer] ble:characteristicValueChanged: {
  deviceId: '10b41dcd238d',
  serviceUuid: '4fafc201-1fb5-459e-8fcc-c5c9c331914d',
  characteristicUuid: 'beb5483e-36e1-4688-b7f5-ea07361b26c2',
  value: '7b 22 74 79 70 65 22 3a 22 6f 74 61 22 2c 22 73 74 61 74 75 73 22 3a 22 70 72 6f 67 72 65 73 73 22 2c 22 72 65 63 65 69 76 65 64 22 3a 34 31 37 36 30 2c 22 74 6f 74 61 6c 22 3a 35 37 30 34 38 30 2c 22 70 65 72 63 65 6e 74 22 3a 37 7d'
}
Notification received: 7b 22 74 79 70 65 22 3a 22 6f 74 61 22 2c 22 73 74 61 74 75 73 22 3a 22 70 72 6f 67 72 65 73 73 22 2c 22 72 65 63 65 69 76 65 64 22 3a 34 32 33 30 30 2c 22 74 6f 74 61 6c 22 3a 35 37 30 34 38 30 2c 22 70 65 72 63 65 6e 74 22 3a 37 7d
[Main -> Renderer] ble:characteristicValueChanged: {
  deviceId: '10b41dcd238d',
  serviceUuid: '4fafc201-1fb5-459e-8fcc-c5c9c331914d',
  characteristicUuid: 'beb5483e-36e1-4688-b7f5-ea07361b26c2',
  value: '7b 22 74 79 70 65 22 3a 22 6f 74 61 22 2c 22 73 74 61 74 75 73 22 3a 22 70 72 6f 67 72 65 73 73 22 2c 22 72 65 63 65 69 76 65 64 22 3a 34 32 33 30 30 2c 22 74 6f 74 61 6c 22 3a 35 37 30 34 38 30 2c 22 70 65 72 63 65 6e 74 22 3a 37 7d'
}
Notification received: 7b 22 74 79 70 65 22 3a 22 6f 74 61 22 2c 22 73 74 61 74 75 73 22 3a 22 70 72 6f 67 72 65 73 73 22 2c 22 72 65 63 65 69 76 65 64 22 3a 34 32 38 34 30 2c 22 74 6f 74 61 6c 22 3a 35 37 30 34 38 30 2c 22 70 65 72 63 65 6e 74 22 3a 37 7d
[Main -> Renderer] ble:characteristicValueChanged: {
  deviceId: '10b41dcd238d',
  serviceUuid: '4fafc201-1fb5-459e-8fcc-c5c9c331914d',
  characteristicUuid: 'beb5483e-36e1-4688-b7f5-ea07361b26c2',
  value: '7b 22 74 79 70 65 22 3a 22 6f 74 61 22 2c 22 73 74 61 74 75 73 22 3a 22 70 72 6f 67 72 65 73 73 22 2c 22 72 65 63 65 69 76 65 64 22 3a 34 32 38 34 30 2c 22 74 6f 74 61 6c 22 3a 35 37 30 34 38 30 2c 22 70 65 72 63 65 6e 74 22 3a 37 7d'
}
Notification received: 7b 22 74 79 70 65 22 3a 22 6f 74 61 22 2c 22 73 74 61 74 75 73 22 3a 22 70 72 6f 67 72 65 73 73 22 2c 22 72 65 63 65 69 76 65 64 22 3a 34 33 33 38 30 2c 22 74 6f 74 61 6c 22 3a 35 37 30 34 38 30 2c 22 70 65 72 63 65 6e 74 22 3a 37 7d
[Main -> Renderer] ble:characteristicValueChanged: {
  deviceId: '10b41dcd238d',
  serviceUuid: '4fafc201-1fb5-459e-8fcc-c5c9c331914d',
  characteristicUuid: 'beb5483e-36e1-4688-b7f5-ea07361b26c2',
  value: '7b 22 74 79 70 65 22 3a 22 6f 74 61 22 2c 22 73 74 61 74 75 73 22 3a 22 70 72 6f 67 72 65 73 73 22 2c 22 72 65 63 65 69 76 65 64 22 3a 34 33 33 38 30 2c 22 74 6f 74 61 6c 22 3a 35 37 30 34 38 30 2c 22 70 65 72 63 65 6e 74 22 3a 37 7d'
}
Notification received: 7b 22 74 79 70 65 22 3a 22 6f 74 61 22 2c 22 73 74 61 74 75 73 22 3a 22 70 72 6f 67 72 65 73 73 22 2c 22 72 65 63 65 69 76 65 64 22 3a 34 33 39 32 30 2c 22 74 6f 74 61 6c 22 3a 35 37 30 34 38 30 2c 22 70 65 72 63 65 6e 74 22 3a 37 7d
[Main -> Renderer] ble:characteristicValueChanged: {
  deviceId: '10b41dcd238d',
  serviceUuid: '4fafc201-1fb5-459e-8fcc-c5c9c331914d',
  characteristicUuid: 'beb5483e-36e1-4688-b7f5-ea07361b26c2',
  value: '7b 22 74 79 70 65 22 3a 22 6f 74 61 22 2c 22 73 74 61 74 75 73 22 3a 22 70 72 6f 67 72 65 73 73 22 2c 22 72 65 63 65 69 76 65 64 22 3a 34 33 39 32 30 2c 22 74 6f 74 61 6c 22 3a 35 37 30 34 38 30 2c 22 70 65 72 63 65 6e 74 22 3a 37 7d'
}
Notification received: 7b 22 74 79 70 65 22 3a 22 6f 74 61 22 2c 22 73 74 61 74 75 73 22 3a 22 70 72 6f 67 72 65 73 73 22 2c 22 72 65 63 65 69 76 65 64 22 3a 34 34 34 36 30 2c 22 74 6f 74 61 6c 22 3a 35 37 30 34 38 30 2c 22 70 65 72 63 65 6e 74 22 3a 37 7d
[Main -> Renderer] ble:characteristicValueChanged: {
  deviceId: '10b41dcd238d',
  serviceUuid: '4fafc201-1fb5-459e-8fcc-c5c9c331914d',
  characteristicUuid: 'beb5483e-36e1-4688-b7f5-ea07361b26c2',
  value: '7b 22 74 79 70 65 22 3a 22 6f 74 61 22 2c 22 73 74 61 74 75 73 22 3a 22 70 72 6f 67 72 65 73 73 22 2c 22 72 65 63 65 69 76 65 64 22 3a 34 34 34 36 30 2c 22 74 6f 74 61 6c 22 3a 35 37 30 34 38 30 2c 22 70 65 72 63 65 6e 74 22 3a 37 7d'
}
Notification received: 7b 22 74 79 70 65 22 3a 22 6f 74 61 22 2c 22 73 74 61 74 75 73 22 3a 22 70 72 6f 67 72 65 73 73 22 2c 22 72 65 63 65 69 76 65 64 22 3a 34 35 30 30 30 2c 22 74 6f 74 61 6c 22 3a 35 37 30 34 38 30 2c 22 70 65 72 63 65 6e 74 22 3a 37 7d
[Main -> Renderer] ble:characteristicValueChanged: {
  deviceId: '10b41dcd238d',
  serviceUuid: '4fafc201-1fb5-459e-8fcc-c5c9c331914d',
  characteristicUuid: 'beb5483e-36e1-4688-b7f5-ea07361b26c2',
  value: '7b 22 74 79 70 65 22 3a 22 6f 74 61 22 2c 22 73 74 61 74 75 73 22 3a 22 70 72 6f 67 72 65 73 73 22 2c 22 72 65 63 65 69 76 65 64 22 3a 34 35 30 30 30 2c 22 74 6f 74 61 6c 22 3a 35 37 30 34 38 30 2c 22 70 65 72 63 65 6e 74 22 3a 37 7d'
}
Notification received: 7b 22 74 79 70 65 22 3a 22 6f 74 61 22 2c 22 73 74 61 74 75 73 22 3a 22 70 72 6f 67 72 65 73 73 22 2c 22 72 65 63 65 69 76 65 64 22 3a 34 35 33 36 30 2c 22 74 6f 74 61 6c 22 3a 35 37 30 34 38 30 2c 22 70 65 72 63 65 6e 74 22 3a 37 7d
[Main -> Renderer] ble:characteristicValueChanged: {
  deviceId: '10b41dcd238d',
  serviceUuid: '4fafc201-1fb5-459e-8fcc-c5c9c331914d',
  characteristicUuid: 'beb5483e-36e1-4688-b7f5-ea07361b26c2',
  value: '7b 22 74 79 70 65 22 3a 22 6f 74 61 22 2c 22 73 74 61 74 75 73 22 3a 22 70 72 6f 67 72 65 73 73 22 2c 22 72 65 63 65 69 76 65 64 22 3a 34 35 33 36 30 2c 22 74 6f 74 61 6c 22 3a 35 37 30 34 38 30 2c 22 70 65 72 63 65 6e 74 22 3a 37 7d'
}
Notification received: 7b 22 74 79 70 65 22 3a 22 6f 74 61 22 2c 22 73 74 61 74 75 73 22 3a 22 70 72 6f 67 72 65 73 73 22 2c 22 72 65 63 65 69 76 65 64 22 3a 34 35 39 30 30 2c 22 74 6f 74 61 6c 22 3a 35 37 30 34 38 30 2c 22 70 65 72 63 65 6e 74 22 3a 38 7d
[Main -> Renderer] ble:characteristicValueChanged: {
  deviceId: '10b41dcd238d',
  serviceUuid: '4fafc201-1fb5-459e-8fcc-c5c9c331914d',
  characteristicUuid: 'beb5483e-36e1-4688-b7f5-ea07361b26c2',
  value: '7b 22 74 79 70 65 22 3a 22 6f 74 61 22 2c 22 73 74 61 74 75 73 22 3a 22 70 72 6f 67 72 65 73 73 22 2c 22 72 65 63 65 69 76 65 64 22 3a 34 35 39 30 30 2c 22 74 6f 74 61 6c 22 3a 35 37 30 34 38 30 2c 22 70 65 72 63 65 6e 74 22 3a 38 7d'
}
Notification received: 7b 22 74 79 70 65 22 3a 22 6f 74 61 22 2c 22 73 74 61 74 75 73 22 3a 22 70 72 6f 67 72 65 73 73 22 2c 22 72 65 63 65 69 76 65 64 22 3a 34 36 34 34 30 2c 22 74 6f 74 61 6c 22 3a 35 37 30 34 38 30 2c 22 70 65 72 63 65 6e 74 22 3a 38 7d
[Main -> Renderer] ble:characteristicValueChanged: {
  deviceId: '10b41dcd238d',
  serviceUuid: '4fafc201-1fb5-459e-8fcc-c5c9c331914d',
  characteristicUuid: 'beb5483e-36e1-4688-b7f5-ea07361b26c2',
  value: '7b 22 74 79 70 65 22 3a 22 6f 74 61 22 2c 22 73 74 61 74 75 73 22 3a 22 70 72 6f 67 72 65 73 73 22 2c 22 72 65 63 65 69 76 65 64 22 3a 34 36 34 34 30 2c 22 74 6f 74 61 6c 22 3a 35 37 30 34 38 30 2c 22 70 65 72 63 65 6e 74 22 3a 38 7d'
}
Notification received: 7b 22 74 79 70 65 22 3a 22 6f 74 61 22 2c 22 73 74 61 74 75 73 22 3a 22 70 72 6f 67 72 65 73 73 22 2c 22 72 65 63 65 69 76 65 64 22 3a 34 36 39 38 30 2c 22 74 6f 74 61 6c 22 3a 35 37 30 34 38 30 2c 22 70 65 72 63 65 6e 74 22 3a 38 7d
[Main -> Renderer] ble:characteristicValueChanged: {
  deviceId: '10b41dcd238d',
  serviceUuid: '4fafc201-1fb5-459e-8fcc-c5c9c331914d',
  characteristicUuid: 'beb5483e-36e1-4688-b7f5-ea07361b26c2',
  value: '7b 22 74 79 70 65 22 3a 22 6f 74 61 22 2c 22 73 74 61 74 75 73 22 3a 22 70 72 6f 67 72 65 73 73 22 2c 22 72 65 63 65 69 76 65 64 22 3a 34 36 39 38 30 2c 22 74 6f 74 61 6c 22 3a 35 37 30 34 38 30 2c 22 70 65 72 63 65 6e 74 22 3a 38 7d'
}
Notification received: 7b 22 74 79 70 65 22 3a 22 6f 74 61 22 2c 22 73 74 61 74 75 73 22 3a 22 70 72 6f 67 72 65 73 73 22 2c 22 72 65 63 65 69 76 65 64 22 3a 34 37 35 32 30 2c 22 74 6f 74 61 6c 22 3a 35 37 30 34 38 30 2c 22 70 65 72 63 65 6e 74 22 3a 38 7d
[Main -> Renderer] ble:characteristicValueChanged: {
  deviceId: '10b41dcd238d',
  serviceUuid: '4fafc201-1fb5-459e-8fcc-c5c9c331914d',
  characteristicUuid: 'beb5483e-36e1-4688-b7f5-ea07361b26c2',
  value: '7b 22 74 79 70 65 22 3a 22 6f 74 61 22 2c 22 73 74 61 74 75 73 22 3a 22 70 72 6f 67 72 65 73 73 22 2c 22 72 65 63 65 69 76 65 64 22 3a 34 37 35 32 30 2c 22 74 6f 74 61 6c 22 3a 35 37 30 34 38 30 2c 22 70 65 72 63 65 6e 74 22 3a 38 7d'
}
Notification received: 7b 22 74 79 70 65 22 3a 22 6f 74 61 22 2c 22 73 74 61 74 75 73 22 3a 22 70 72 6f 67 72 65 73 73 22 2c 22 72 65 63 65 69 76 65 64 22 3a 34 38 30 36 30 2c 22 74 6f 74 61 6c 22 3a 35 37 30 34 38 30 2c 22 70 65 72 63 65 6e 74 22 3a 38 7d
[Main -> Renderer] ble:characteristicValueChanged: {
  deviceId: '10b41dcd238d',
  serviceUuid: '4fafc201-1fb5-459e-8fcc-c5c9c331914d',
  characteristicUuid: 'beb5483e-36e1-4688-b7f5-ea07361b26c2',
  value: '7b 22 74 79 70 65 22 3a 22 6f 74 61 22 2c 22 73 74 61 74 75 73 22 3a 22 70 72 6f 67 72 65 73 73 22 2c 22 72 65 63 65 69 76 65 64 22 3a 34 38 30 36 30 2c 22 74 6f 74 61 6c 22 3a 35 37 30 34 38 30 2c 22 70 65 72 63 65 6e 74 22 3a 38 7d'
}
Notification received: 7b 22 74 79 70 65 22 3a 22 6f 74 61 22 2c 22 73 74 61 74 75 73 22 3a 22 70 72 6f 67 72 65 73 73 22 2c 22 72 65 63 65 69 76 65 64 22 3a 34 38 36 30 30 2c 22 74 6f 74 61 6c 22 3a 35 37 30 34 38 30 2c 22 70 65 72 63 65 6e 74 22 3a 38 7d
[Main -> Renderer] ble:characteristicValueChanged: {
  deviceId: '10b41dcd238d',
  serviceUuid: '4fafc201-1fb5-459e-8fcc-c5c9c331914d',
  characteristicUuid: 'beb5483e-36e1-4688-b7f5-ea07361b26c2',
  value: '7b 22 74 79 70 65 22 3a 22 6f 74 61 22 2c 22 73 74 61 74 75 73 22 3a 22 70 72 6f 67 72 65 73 73 22 2c 22 72 65 63 65 69 76 65 64 22 3a 34 38 36 30 30 2c 22 74 6f 74 61 6c 22 3a 35 37 30 34 38 30 2c 22 70 65 72 63 65 6e 74 22 3a 38 7d'
}
Notification received: 7b 22 74 79 70 65 22 3a 22 6f 74 61 22 2c 22 73 74 61 74 75 73 22 3a 22 70 72 6f 67 72 65 73 73 22 2c 22 72 65 63 65 69 76 65 64 22 3a 34 39 31 34 30 2c 22 74 6f 74 61 6c 22 3a 35 37 30 34 38 30 2c 22 70 65 72 63 65 6e 74 22 3a 38 7d
[Main -> Renderer] ble:characteristicValueChanged: {
  deviceId: '10b41dcd238d',
  serviceUuid: '4fafc201-1fb5-459e-8fcc-c5c9c331914d',
  characteristicUuid: 'beb5483e-36e1-4688-b7f5-ea07361b26c2',
  value: '7b 22 74 79 70 65 22 3a 22 6f 74 61 22 2c 22 73 74 61 74 75 73 22 3a 22 70 72 6f 67 72 65 73 73 22 2c 22 72 65 63 65 69 76 65 64 22 3a 34 39 31 34 30 2c 22 74 6f 74 61 6c 22 3a 35 37 30 34 38 30 2c 22 70 65 72 63 65 6e 74 22 3a 38 7d'
}
Notification received: 7b 22 74 79 70 65 22 3a 22 6f 74 61 22 2c 22 73 74 61 74 75 73 22 3a 22 70 72 6f 67 72 65 73 73 22 2c 22 72 65 63 65 69 76 65 64 22 3a 34 39 36 38 30 2c 22 74 6f 74 61 6c 22 3a 35 37 30 34 38 30 2c 22 70 65 72 63 65 6e 74 22 3a 38 7d
[Main -> Renderer] ble:characteristicValueChanged: {
  deviceId: '10b41dcd238d',
  serviceUuid: '4fafc201-1fb5-459e-8fcc-c5c9c331914d',
  characteristicUuid: 'beb5483e-36e1-4688-b7f5-ea07361b26c2',
  value: '7b 22 74 79 70 65 22 3a 22 6f 74 61 22 2c 22 73 74 61 74 75 73 22 3a 22 70 72 6f 67 72 65 73 73 22 2c 22 72 65 63 65 69 76 65 64 22 3a 34 39 36 38 30 2c 22 74 6f 74 61 6c 22 3a 35 37 30 34 38 30 2c 22 70 65 72 63 65 6e 74 22 3a 38 7d'
}
Notification received: 7b 22 74 79 70 65 22 3a 22 6f 74 61 22 2c 22 73 74 61 74 75 73 22 3a 22 70 72 6f 67 72 65 73 73 22 2c 22 72 65 63 65 69 76 65 64 22 3a 35 30 32 32 30 2c 22 74 6f 74 61 6c 22 3a 35 37 30 34 38 30 2c 22 70 65 72 63 65 6e 74 22 3a 38 7d
[Main -> Renderer] ble:characteristicValueChanged: {
  deviceId: '10b41dcd238d',
  serviceUuid: '4fafc201-1fb5-459e-8fcc-c5c9c331914d',
  characteristicUuid: 'beb5483e-36e1-4688-b7f5-ea07361b26c2',
  value: '7b 22 74 79 70 65 22 3a 22 6f 74 61 22 2c 22 73 74 61 74 75 73 22 3a 22 70 72 6f 67 72 65 73 73 22 2c 22 72 65 63 65 69 76 65 64 22 3a 35 30 32 32 30 2c 22 74 6f 74 61 6c 22 3a 35 37 30 34 38 30 2c 22 70 65 72 63 65 6e 74 22 3a 38 7d'
}
Notification received: 7b 22 74 79 70 65 22 3a 22 6f 74 61 22 2c 22 73 74 61 74 75 73 22 3a 22 70 72 6f 67 72 65 73 73 22 2c 22 72 65 63 65 69 76 65 64 22 3a 35 30 37 36 30 2c 22 74 6f 74 61 6c 22 3a 35 37 30 34 38 30 2c 22 70 65 72 63 65 6e 74 22 3a 38 7d
[Main -> Renderer] ble:characteristicValueChanged: {
  deviceId: '10b41dcd238d',
  serviceUuid: '4fafc201-1fb5-459e-8fcc-c5c9c331914d',
  characteristicUuid: 'beb5483e-36e1-4688-b7f5-ea07361b26c2',
  value: '7b 22 74 79 70 65 22 3a 22 6f 74 61 22 2c 22 73 74 61 74 75 73 22 3a 22 70 72 6f 67 72 65 73 73 22 2c 22 72 65 63 65 69 76 65 64 22 3a 35 30 37 36 30 2c 22 74 6f 74 61 6c 22 3a 35 37 30 34 38 30 2c 22 70 65 72 63 65 6e 74 22 3a 38 7d'
}
Notification received: 7b 22 74 79 70 65 22 3a 22 6f 74 61 22 2c 22 73 74 61 74 75 73 22 3a 22 70 72 6f 67 72 65 73 73 22 2c 22 72 65 63 65 69 76 65 64 22 3a 35 31 33 30 30 2c 22 74 6f 74 61 6c 22 3a 35 37 30 34 38 30 2c 22 70 65 72 63 65 6e 74 22 3a 38 7d
[Main -> Renderer] ble:characteristicValueChanged: {
  deviceId: '10b41dcd238d',
  serviceUuid: '4fafc201-1fb5-459e-8fcc-c5c9c331914d',
  characteristicUuid: 'beb5483e-36e1-4688-b7f5-ea07361b26c2',
  value: '7b 22 74 79 70 65 22 3a 22 6f 74 61 22 2c 22 73 74 61 74 75 73 22 3a 22 70 72 6f 67 72 65 73 73 22 2c 22 72 65 63 65 69 76 65 64 22 3a 35 31 33 30 30 2c 22 74 6f 74 61 6c 22 3a 35 37 30 34 38 30 2c 22 70 65 72 63 65 6e 74 22 3a 38 7d'
}
Notification received: 7b 22 74 79 70 65 22 3a 22 6f 74 61 22 2c 22 73 74 61 74 75 73 22 3a 22 70 72 6f 67 72 65 73 73 22 2c 22 72 65 63 65 69 76 65 64 22 3a 35 31 38 34 30 2c 22 74 6f 74 61 6c 22 3a 35 37 30 34 38 30 2c 22 70 65 72 63 65 6e 74 22 3a 39 7d
[Main -> Renderer] ble:characteristicValueChanged: {
  deviceId: '10b41dcd238d',
  serviceUuid: '4fafc201-1fb5-459e-8fcc-c5c9c331914d',
  characteristicUuid: 'beb5483e-36e1-4688-b7f5-ea07361b26c2',
  value: '7b 22 74 79 70 65 22 3a 22 6f 74 61 22 2c 22 73 74 61 74 75 73 22 3a 22 70 72 6f 67 72 65 73 73 22 2c 22 72 65 63 65 69 76 65 64 22 3a 35 31 38 34 30 2c 22 74 6f 74 61 6c 22 3a 35 37 30 34 38 30 2c 22 70 65 72 63 65 6e 74 22 3a 39 7d'
}
Notification received: 7b 22 74 79 70 65 22 3a 22 6f 74 61 22 2c 22 73 74 61 74 75 73 22 3a 22 70 72 6f 67 72 65 73 73 22 2c 22 72 65 63 65 69 76 65 64 22 3a 35 32 33 38 30 2c 22 74 6f 74 61 6c 22 3a 35 37 30 34 38 30 2c 22 70 65 72 63 65 6e 74 22 3a 39 7d
[Main -> Renderer] ble:characteristicValueChanged: {
  deviceId: '10b41dcd238d',
  serviceUuid: '4fafc201-1fb5-459e-8fcc-c5c9c331914d',
  characteristicUuid: 'beb5483e-36e1-4688-b7f5-ea07361b26c2',
  value: '7b 22 74 79 70 65 22 3a 22 6f 74 61 22 2c 22 73 74 61 74 75 73 22 3a 22 70 72 6f 67 72 65 73 73 22 2c 22 72 65 63 65 69 76 65 64 22 3a 35 32 33 38 30 2c 22 74 6f 74 61 6c 22 3a 35 37 30 34 38 30 2c 22 70 65 72 63 65 6e 74 22 3a 39 7d'
}
Notification received: 7b 22 74 79 70 65 22 3a 22 6f 74 61 22 2c 22 73 74 61 74 75 73 22 3a 22 70 72 6f 67 72 65 73 73 22 2c 22 72 65 63 65 69 76 65 64 22 3a 35 32 39 32 30 2c 22 74 6f 74 61 6c 22 3a 35 37 30 34 38 30 2c 22 70 65 72 63 65 6e 74 22 3a 39 7d
[Main -> Renderer] ble:characteristicValueChanged: {
  deviceId: '10b41dcd238d',
  serviceUuid: '4fafc201-1fb5-459e-8fcc-c5c9c331914d',
  characteristicUuid: 'beb5483e-36e1-4688-b7f5-ea07361b26c2',
  value: '7b 22 74 79 70 65 22 3a 22 6f 74 61 22 2c 22 73 74 61 74 75 73 22 3a 22 70 72 6f 67 72 65 73 73 22 2c 22 72 65 63 65 69 76 65 64 22 3a 35 32 39 32 30 2c 22 74 6f 74 61 6c 22 3a 35 37 30 34 38 30 2c 22 70 65 72 63 65 6e 74 22 3a 39 7d'
}
Notification received: 7b 22 74 79 70 65 22 3a 22 6f 74 61 22 2c 22 73 74 61 74 75 73 22 3a 22 70 72 6f 67 72 65 73 73 22 2c 22 72 65 63 65 69 76 65 64 22 3a 35 33 34 36 30 2c 22 74 6f 74 61 6c 22 3a 35 37 30 34 38 30 2c 22 70 65 72 63 65 6e 74 22 3a 39 7d
[Main -> Renderer] ble:characteristicValueChanged: {
  deviceId: '10b41dcd238d',
  serviceUuid: '4fafc201-1fb5-459e-8fcc-c5c9c331914d',
  characteristicUuid: 'beb5483e-36e1-4688-b7f5-ea07361b26c2',
  value: '7b 22 74 79 70 65 22 3a 22 6f 74 61 22 2c 22 73 74 61 74 75 73 22 3a 22 70 72 6f 67 72 65 73 73 22 2c 22 72 65 63 65 69 76 65 64 22 3a 35 33 34 36 30 2c 22 74 6f 74 61 6c 22 3a 35 37 30 34 38 30 2c 22 70 65 72 63 65 6e 74 22 3a 39 7d'
}
Notification received: 7b 22 74 79 70 65 22 3a 22 6f 74 61 22 2c 22 73 74 61 74 75 73 22 3a 22 70 72 6f 67 72 65 73 73 22 2c 22 72 65 63 65 69 76 65 64 22 3a 35 34 30 30 30 2c 22 74 6f 74 61 6c 22 3a 35 37 30 34 38 30 2c 22 70 65 72 63 65 6e 74 22 3a 39 7d
[Main -> Renderer] ble:characteristicValueChanged: {
  deviceId: '10b41dcd238d',
  serviceUuid: '4fafc201-1fb5-459e-8fcc-c5c9c331914d',
  characteristicUuid: 'beb5483e-36e1-4688-b7f5-ea07361b26c2',
  value: '7b 22 74 79 70 65 22 3a 22 6f 74 61 22 2c 22 73 74 61 74 75 73 22 3a 22 70 72 6f 67 72 65 73 73 22 2c 22 72 65 63 65 69 76 65 64 22 3a 35 34 30 30 30 2c 22 74 6f 74 61 6c 22 3a 35 37 30 34 38 30 2c 22 70 65 72 63 65 6e 74 22 3a 39 7d'
}
Notification received: 7b 22 74 79 70 65 22 3a 22 6f 74 61 22 2c 22 73 74 61 74 75 73 22 3a 22 70 72 6f 67 72 65 73 73 22 2c 22 72 65 63 65 69 76 65 64 22 3a 35 34 35 34 30 2c 22 74 6f 74 61 6c 22 3a 35 37 30 34 38 30 2c 22 70 65 72 63 65 6e 74 22 3a 39 7d
[Main -> Renderer] ble:characteristicValueChanged: {
  deviceId: '10b41dcd238d',
  serviceUuid: '4fafc201-1fb5-459e-8fcc-c5c9c331914d',
  characteristicUuid: 'beb5483e-36e1-4688-b7f5-ea07361b26c2',
  value: '7b 22 74 79 70 65 22 3a 22 6f 74 61 22 2c 22 73 74 61 74 75 73 22 3a 22 70 72 6f 67 72 65 73 73 22 2c 22 72 65 63 65 69 76 65 64 22 3a 35 34 35 34 30 2c 22 74 6f 74 61 6c 22 3a 35 37 30 34 38 30 2c 22 70 65 72 63 65 6e 74 22 3a 39 7d'
}
Notification received: 7b 22 74 79 70 65 22 3a 22 6f 74 61 22 2c 22 73 74 61 74 75 73 22 3a 22 70 72 6f 67 72 65 73 73 22 2c 22 72 65 63 65 69 76 65 64 22 3a 35 35 30 38 30 2c 22 74 6f 74 61 6c 22 3a 35 37 30 34 38 30 2c 22 70 65 72 63 65 6e 74 22 3a 39 7d
[Main -> Renderer] ble:characteristicValueChanged: {
  deviceId: '10b41dcd238d',
  serviceUuid: '4fafc201-1fb5-459e-8fcc-c5c9c331914d',
  characteristicUuid: 'beb5483e-36e1-4688-b7f5-ea07361b26c2',
  value: '7b 22 74 79 70 65 22 3a 22 6f 74 61 22 2c 22 73 74 61 74 75 73 22 3a 22 70 72 6f 67 72 65 73 73 22 2c 22 72 65 63 65 69 76 65 64 22 3a 35 35 30 38 30 2c 22 74 6f 74 61 6c 22 3a 35 37 30 34 38 30 2c 22 70 65 72 63 65 6e 74 22 3a 39 7d'
}
Notification received: 7b 22 74 79 70 65 22 3a 22 6f 74 61 22 2c 22 73 74 61 74 75 73 22 3a 22 70 72 6f 67 72 65 73 73 22 2c 22 72 65 63 65 69 76 65 64 22 3a 35 35 36 32 30 2c 22 74 6f 74 61 6c 22 3a 35 37 30 34 38 30 2c 22 70 65 72 63 65 6e 74 22 3a 39 7d
[Main -> Renderer] ble:characteristicValueChanged: {
  deviceId: '10b41dcd238d',
  serviceUuid: '4fafc201-1fb5-459e-8fcc-c5c9c331914d',
  characteristicUuid: 'beb5483e-36e1-4688-b7f5-ea07361b26c2',
  value: '7b 22 74 79 70 65 22 3a 22 6f 74 61 22 2c 22 73 74 61 74 75 73 22 3a 22 70 72 6f 67 72 65 73 73 22 2c 22 72 65 63 65 69 76 65 64 22 3a 35 35 36 32 30 2c 22 74 6f 74 61 6c 22 3a 35 37 30 34 38 30 2c 22 70 65 72 63 65 6e 74 22 3a 39 7d'
}
Notification received: 7b 22 74 79 70 65 22 3a 22 6f 74 61 22 2c 22 73 74 61 74 75 73 22 3a 22 70 72 6f 67 72 65 73 73 22 2c 22 72 65 63 65 69 76 65 64 22 3a 35 36 31 36 30 2c 22 74 6f 74 61 6c 22 3a 35 37 30 34 38 30 2c 22 70 65 72 63 65 6e 74 22 3a 39 7d
[Main -> Renderer] ble:characteristicValueChanged: {
  deviceId: '10b41dcd238d',
  serviceUuid: '4fafc201-1fb5-459e-8fcc-c5c9c331914d',
  characteristicUuid: 'beb5483e-36e1-4688-b7f5-ea07361b26c2',
  value: '7b 22 74 79 70 65 22 3a 22 6f 74 61 22 2c 22 73 74 61 74 75 73 22 3a 22 70 72 6f 67 72 65 73 73 22 2c 22 72 65 63 65 69 76 65 64 22 3a 35 36 31 36 30 2c 22 74 6f 74 61 6c 22 3a 35 37 30 34 38 30 2c 22 70 65 72 63 65 6e 74 22 3a 39 7d'
}
Notification received: 7b 22 74 79 70 65 22 3a 22 6f 74 61 22 2c 22 73 74 61 74 75 73 22 3a 22 70 72 6f 67 72 65 73 73 22 2c 22 72 65 63 65 69 76 65 64 22 3a 35 36 37 30 30 2c 22 74 6f 74 61 6c 22 3a 35 37 30 34 38 30 2c 22 70 65 72 63 65 6e 74 22 3a 39 7d
[Main -> Renderer] ble:characteristicValueChanged: {
  deviceId: '10b41dcd238d',
  serviceUuid: '4fafc201-1fb5-459e-8fcc-c5c9c331914d',
  characteristicUuid: 'beb5483e-36e1-4688-b7f5-ea07361b26c2',
  value: '7b 22 74 79 70 65 22 3a 22 6f 74 61 22 2c 22 73 74 61 74 75 73 22 3a 22 70 72 6f 67 72 65 73 73 22 2c 22 72 65 63 65 69 76 65 64 22 3a 35 36 37 30 30 2c 22 74 6f 74 61 6c 22 3a 35 37 30 34 38 30 2c 22 70 65 72 63 65 6e 74 22 3a 39 7d'
}
Notification received: 7b 22 74 79 70 65 22 3a 22 6f 74 61 22 2c 22 73 74 61 74 75 73 22 3a 22 70 72 6f 67 72 65 73 73 22 2c 22 72 65 63 65 69 76 65 64 22 3a 35 37 32 34 30 2c 22 74 6f 74 61 6c 22 3a 35 37 30 34 38 30 2c 22 70 65 72 63 65 6e 74 22 3a 31 30 7d
[Main -> Renderer] ble:characteristicValueChanged: {
  deviceId: '10b41dcd238d',
  serviceUuid: '4fafc201-1fb5-459e-8fcc-c5c9c331914d',
  characteristicUuid: 'beb5483e-36e1-4688-b7f5-ea07361b26c2',
  value: '7b 22 74 79 70 65 22 3a 22 6f 74 61 22 2c 22 73 74 61 74 75 73 22 3a 22 70 72 6f 67 72 65 73 73 22 2c 22 72 65 63 65 69 76 65 64 22 3a 35 37 32 34 30 2c 22 74 6f 74 61 6c 22 3a 35 37 30 34 38 30 2c 22 70 65 72 63 65 6e 74 22 3a 31 30 7d'
}
Notification received: 7b 22 74 79 70 65 22 3a 22 6f 74 61 22 2c 22 73 74 61 74 75 73 22 3a 22 70 72 6f 67 72 65 73 73 22 2c 22 72 65 63 65 69 76 65 64 22 3a 35 37 37 38 30 2c 22 74 6f 74 61 6c 22 3a 35 37 30 34 38 30 2c 22 70 65 72 63 65 6e 74 22 3a 31 30 7d
[Main -> Renderer] ble:characteristicValueChanged: {
  deviceId: '10b41dcd238d',
  serviceUuid: '4fafc201-1fb5-459e-8fcc-c5c9c331914d',
  characteristicUuid: 'beb5483e-36e1-4688-b7f5-ea07361b26c2',
  value: '7b 22 74 79 70 65 22 3a 22 6f 74 61 22 2c 22 73 74 61 74 75 73 22 3a 22 70 72 6f 67 72 65 73 73 22 2c 22 72 65 63 65 69 76 65 64 22 3a 35 37 37 38 30 2c 22 74 6f 74 61 6c 22 3a 35 37 30 34 38 30 2c 22 70 65 72 63 65 6e 74 22 3a 31 30 7d'
}
Notification received: 7b 22 74 79 70 65 22 3a 22 6f 74 61 22 2c 22 73 74 61 74 75 73 22 3a 22 70 72 6f 67 72 65 73 73 22 2c 22 72 65 63 65 69 76 65 64 22 3a 35 38 31 34 30 2c 22 74 6f 74 61 6c 22 3a 35 37 30 34 38 30 2c 22 70 65 72 63 65 6e 74 22 3a 31 30 7d
[Main -> Renderer] ble:characteristicValueChanged: {
  deviceId: '10b41dcd238d',
  serviceUuid: '4fafc201-1fb5-459e-8fcc-c5c9c331914d',
  characteristicUuid: 'beb5483e-36e1-4688-b7f5-ea07361b26c2',
  value: '7b 22 74 79 70 65 22 3a 22 6f 74 61 22 2c 22 73 74 61 74 75 73 22 3a 22 70 72 6f 67 72 65 73 73 22 2c 22 72 65 63 65 69 76 65 64 22 3a 35 38 31 34 30 2c 22 74 6f 74 61 6c 22 3a 35 37 30 34 38 30 2c 22 70 65 72 63 65 6e 74 22 3a 31 30 7d'
}
Notification received: 7b 22 74 79 70 65 22 3a 22 6f 74 61 22 2c 22 73 74 61 74 75 73 22 3a 22 70 72 6f 67 72 65 73 73 22 2c 22 72 65 63 65 69 76 65 64 22 3a 35 38 36 38 30 2c 22 74 6f 74 61 6c 22 3a 35 37 30 34 38 30 2c 22 70 65 72 63 65 6e 74 22 3a 31 30 7d
[Main -> Renderer] ble:characteristicValueChanged: {
  deviceId: '10b41dcd238d',
  serviceUuid: '4fafc201-1fb5-459e-8fcc-c5c9c331914d',
  characteristicUuid: 'beb5483e-36e1-4688-b7f5-ea07361b26c2',
  value: '7b 22 74 79 70 65 22 3a 22 6f 74 61 22 2c 22 73 74 61 74 75 73 22 3a 22 70 72 6f 67 72 65 73 73 22 2c 22 72 65 63 65 69 76 65 64 22 3a 35 38 36 38 30 2c 22 74 6f 74 61 6c 22 3a 35 37 30 34 38 30 2c 22 70 65 72 63 65 6e 74 22 3a 31 30 7d'
}
Notification received: 7b 22 74 79 70 65 22 3a 22 6f 74 61 22 2c 22 73 74 61 74 75 73 22 3a 22 70 72 6f 67 72 65 73 73 22 2c 22 72 65 63 65 69 76 65 64 22 3a 35 39 32 32 30 2c 22 74 6f 74 61 6c 22 3a 35 37 30 34 38 30 2c 22 70 65 72 63 65 6e 74 22 3a 31 30 7d
[Main -> Renderer] ble:characteristicValueChanged: {
  deviceId: '10b41dcd238d',
  serviceUuid: '4fafc201-1fb5-459e-8fcc-c5c9c331914d',
  characteristicUuid: 'beb5483e-36e1-4688-b7f5-ea07361b26c2',
  value: '7b 22 74 79 70 65 22 3a 22 6f 74 61 22 2c 22 73 74 61 74 75 73 22 3a 22 70 72 6f 67 72 65 73 73 22 2c 22 72 65 63 65 69 76 65 64 22 3a 35 39 32 32 30 2c 22 74 6f 74 61 6c 22 3a 35 37 30 34 38 30 2c 22 70 65 72 63 65 6e 74 22 3a 31 30 7d'
}
Notification received: 7b 22 74 79 70 65 22 3a 22 6f 74 61 22 2c 22 73 74 61 74 75 73 22 3a 22 70 72 6f 67 72 65 73 73 22 2c 22 72 65 63 65 69 76 65 64 22 3a 35 39 37 36 30 2c 22 74 6f 74 61 6c 22 3a 35 37 30 34 38 30 2c 22 70 65 72 63 65 6e 74 22 3a 31 30 7d
[Main -> Renderer] ble:characteristicValueChanged: {
  deviceId: '10b41dcd238d',
  serviceUuid: '4fafc201-1fb5-459e-8fcc-c5c9c331914d',
  characteristicUuid: 'beb5483e-36e1-4688-b7f5-ea07361b26c2',
  value: '7b 22 74 79 70 65 22 3a 22 6f 74 61 22 2c 22 73 74 61 74 75 73 22 3a 22 70 72 6f 67 72 65 73 73 22 2c 22 72 65 63 65 69 76 65 64 22 3a 35 39 37 36 30 2c 22 74 6f 74 61 6c 22 3a 35 37 30 34 38 30 2c 22 70 65 72 63 65 6e 74 22 3a 31 30 7d'
}
Notification received: 7b 22 74 79 70 65 22 3a 22 6f 74 61 22 2c 22 73 74 61 74 75 73 22 3a 22 70 72 6f 67 72 65 73 73 22 2c 22 72 65 63 65 69 76 65 64 22 3a 36 30 33 30 30 2c 22 74 6f 74 61 6c 22 3a 35 37 30 34 38 30 2c 22 70 65 72 63 65 6e 74 22 3a 31 30 7d
[Main -> Renderer] ble:characteristicValueChanged: {
  deviceId: '10b41dcd238d',
  serviceUuid: '4fafc201-1fb5-459e-8fcc-c5c9c331914d',
  characteristicUuid: 'beb5483e-36e1-4688-b7f5-ea07361b26c2',
  value: '7b 22 74 79 70 65 22 3a 22 6f 74 61 22 2c 22 73 74 61 74 75 73 22 3a 22 70 72 6f 67 72 65 73 73 22 2c 22 72 65 63 65 69 76 65 64 22 3a 36 30 33 30 30 2c 22 74 6f 74 61 6c 22 3a 35 37 30 34 38 30 2c 22 70 65 72 63 65 6e 74 22 3a 31 30 7d'
}
Notification received: 7b 22 74 79 70 65 22 3a 22 6f 74 61 22 2c 22 73 74 61 74 75 73 22 3a 22 70 72 6f 67 72 65 73 73 22 2c 22 72 65 63 65 69 76 65 64 22 3a 36 30 38 34 30 2c 22 74 6f 74 61 6c 22 3a 35 37 30 34 38 30 2c 22 70 65 72 63 65 6e 74 22 3a 31 30 7d
[Main -> Renderer] ble:characteristicValueChanged: {
  deviceId: '10b41dcd238d',
  serviceUuid: '4fafc201-1fb5-459e-8fcc-c5c9c331914d',
  characteristicUuid: 'beb5483e-36e1-4688-b7f5-ea07361b26c2',
  value: '7b 22 74 79 70 65 22 3a 22 6f 74 61 22 2c 22 73 74 61 74 75 73 22 3a 22 70 72 6f 67 72 65 73 73 22 2c 22 72 65 63 65 69 76 65 64 22 3a 36 30 38 34 30 2c 22 74 6f 74 61 6c 22 3a 35 37 30 34 38 30 2c 22 70 65 72 63 65 6e 74 22 3a 31 30 7d'
}
Notification received: 7b 22 74 79 70 65 22 3a 22 6f 74 61 22 2c 22 73 74 61 74 75 73 22 3a 22 70 72 6f 67 72 65 73 73 22 2c 22 72 65 63 65 69 76 65 64 22 3a 36 31 33 38 30 2c 22 74 6f 74 61 6c 22 3a 35 37 30 34 38 30 2c 22 70 65 72 63 65 6e 74 22 3a 31 30 7d
[Main -> Renderer] ble:characteristicValueChanged: {
  deviceId: '10b41dcd238d',
  serviceUuid: '4fafc201-1fb5-459e-8fcc-c5c9c331914d',
  characteristicUuid: 'beb5483e-36e1-4688-b7f5-ea07361b26c2',
  value: '7b 22 74 79 70 65 22 3a 22 6f 74 61 22 2c 22 73 74 61 74 75 73 22 3a 22 70 72 6f 67 72 65 73 73 22 2c 22 72 65 63 65 69 76 65 64 22 3a 36 31 33 38 30 2c 22 74 6f 74 61 6c 22 3a 35 37 30 34 38 30 2c 22 70 65 72 63 65 6e 74 22 3a 31 30 7d'
}
Notification received: 7b 22 74 79 70 65 22 3a 22 6f 74 61 22 2c 22 73 74 61 74 75 73 22 3a 22 70 72 6f 67 72 65 73 73 22 2c 22 72 65 63 65 69 76 65 64 22 3a 36 31 39 32 30 2c 22 74 6f 74 61 6c 22 3a 35 37 30 34 38 30 2c 22 70 65 72 63 65 6e 74 22 3a 31 30 7d
[Main -> Renderer] ble:characteristicValueChanged: {
  deviceId: '10b41dcd238d',
  serviceUuid: '4fafc201-1fb5-459e-8fcc-c5c9c331914d',
  characteristicUuid: 'beb5483e-36e1-4688-b7f5-ea07361b26c2',
  value: '7b 22 74 79 70 65 22 3a 22 6f 74 61 22 2c 22 73 74 61 74 75 73 22 3a 22 70 72 6f 67 72 65 73 73 22 2c 22 72 65 63 65 69 76 65 64 22 3a 36 31 39 32 30 2c 22 74 6f 74 61 6c 22 3a 35 37 30 34 38 30 2c 22 70 65 72 63 65 6e 74 22 3a 31 30 7d'
}
Notification received: 7b 22 74 79 70 65 22 3a 22 6f 74 61 22 2c 22 73 74 61 74 75 73 22 3a 22 70 72 6f 67 72 65 73 73 22 2c 22 72 65 63 65 69 76 65 64 22 3a 36 32 34 36 30 2c 22 74 6f 74 61 6c 22 3a 35 37 30 34 38 30 2c 22 70 65 72 63 65 6e 74 22 3a 31 30 7d
[Main -> Renderer] ble:characteristicValueChanged: {
  deviceId: '10b41dcd238d',
  serviceUuid: '4fafc201-1fb5-459e-8fcc-c5c9c331914d',
  characteristicUuid: 'beb5483e-36e1-4688-b7f5-ea07361b26c2',
  value: '7b 22 74 79 70 65 22 3a 22 6f 74 61 22 2c 22 73 74 61 74 75 73 22 3a 22 70 72 6f 67 72 65 73 73 22 2c 22 72 65 63 65 69 76 65 64 22 3a 36 32 34 36 30 2c 22 74 6f 74 61 6c 22 3a 35 37 30 34 38 30 2c 22 70 65 72 63 65 6e 74 22 3a 31 30 7d'
}
Notification received: 7b 22 74 79 70 65 22 3a 22 6f 74 61 22 2c 22 73 74 61 74 75 73 22 3a 22 70 72 6f 67 72 65 73 73 22 2c 22 72 65 63 65 69 76 65 64 22 3a 36 33 30 30 30 2c 22 74 6f 74 61 6c 22 3a 35 37 30 34 38 30 2c 22 70 65 72 63 65 6e 74 22 3a 31 31 7d
[Main -> Renderer] ble:characteristicValueChanged: {
  deviceId: '10b41dcd238d',
  serviceUuid: '4fafc201-1fb5-459e-8fcc-c5c9c331914d',
  characteristicUuid: 'beb5483e-36e1-4688-b7f5-ea07361b26c2',
  value: '7b 22 74 79 70 65 22 3a 22 6f 74 61 22 2c 22 73 74 61 74 75 73 22 3a 22 70 72 6f 67 72 65 73 73 22 2c 22 72 65 63 65 69 76 65 64 22 3a 36 33 30 30 30 2c 22 74 6f 74 61 6c 22 3a 35 37 30 34 38 30 2c 22 70 65 72 63 65 6e 74 22 3a 31 31 7d'
}
Notification received: 7b 22 74 79 70 65 22 3a 22 6f 74 61 22 2c 22 73 74 61 74 75 73 22 3a 22 70 72 6f 67 72 65 73 73 22 2c 22 72 65 63 65 69 76 65 64 22 3a 36 33 33 36 30 2c 22 74 6f 74 61 6c 22 3a 35 37 30 34 38 30 2c 22 70 65 72 63 65 6e 74 22 3a 31 31 7d
[Main -> Renderer] ble:characteristicValueChanged: {
  deviceId: '10b41dcd238d',
  serviceUuid: '4fafc201-1fb5-459e-8fcc-c5c9c331914d',
  characteristicUuid: 'beb5483e-36e1-4688-b7f5-ea07361b26c2',
  value: '7b 22 74 79 70 65 22 3a 22 6f 74 61 22 2c 22 73 74 61 74 75 73 22 3a 22 70 72 6f 67 72 65 73 73 22 2c 22 72 65 63 65 69 76 65 64 22 3a 36 33 33 36 30 2c 22 74 6f 74 61 6c 22 3a 35 37 30 34 38 30 2c 22 70 65 72 63 65 6e 74 22 3a 31 31 7d'
}
Notification received: 7b 22 74 79 70 65 22 3a 22 6f 74 61 22 2c 22 73 74 61 74 75 73 22 3a 22 70 72 6f 67 72 65 73 73 22 2c 22 72 65 63 65 69 76 65 64 22 3a 36 33 39 30 30 2c 22 74 6f 74 61 6c 22 3a 35 37 30 34 38 30 2c 22 70 65 72 63 65 6e 74 22 3a 31 31 7d
[Main -> Renderer] ble:characteristicValueChanged: {
  deviceId: '10b41dcd238d',
  serviceUuid: '4fafc201-1fb5-459e-8fcc-c5c9c331914d',
  characteristicUuid: 'beb5483e-36e1-4688-b7f5-ea07361b26c2',
  value: '7b 22 74 79 70 65 22 3a 22 6f 74 61 22 2c 22 73 74 61 74 75 73 22 3a 22 70 72 6f 67 72 65 73 73 22 2c 22 72 65 63 65 69 76 65 64 22 3a 36 33 39 30 30 2c 22 74 6f 74 61 6c 22 3a 35 37 30 34 38 30 2c 22 70 65 72 63 65 6e 74 22 3a 31 31 7d'
}
Notification received: 7b 22 74 79 70 65 22 3a 22 6f 74 61 22 2c 22 73 74 61 74 75 73 22 3a 22 70 72 6f 67 72 65 73 73 22 2c 22 72 65 63 65 69 76 65 64 22 3a 36 34 34 34 30 2c 22 74 6f 74 61 6c 22 3a 35 37 30 34 38 30 2c 22 70 65 72 63 65 6e 74 22 3a 31 31 7d
[Main -> Renderer] ble:characteristicValueChanged: {
  deviceId: '10b41dcd238d',
  serviceUuid: '4fafc201-1fb5-459e-8fcc-c5c9c331914d',
  characteristicUuid: 'beb5483e-36e1-4688-b7f5-ea07361b26c2',
  value: '7b 22 74 79 70 65 22 3a 22 6f 74 61 22 2c 22 73 74 61 74 75 73 22 3a 22 70 72 6f 67 72 65 73 73 22 2c 22 72 65 63 65 69 76 65 64 22 3a 36 34 34 34 30 2c 22 74 6f 74 61 6c 22 3a 35 37 30 34 38 30 2c 22 70 65 72 63 65 6e 74 22 3a 31 31 7d'
}
Notification received: 7b 22 74 79 70 65 22 3a 22 6f 74 61 22 2c 22 73 74 61 74 75 73 22 3a 22 70 72 6f 67 72 65 73 73 22 2c 22 72 65 63 65 69 76 65 64 22 3a 36 34 39 38 30 2c 22 74 6f 74 61 6c 22 3a 35 37 30 34 38 30 2c 22 70 65 72 63 65 6e 74 22 3a 31 31 7d
[Main -> Renderer] ble:characteristicValueChanged: {
  deviceId: '10b41dcd238d',
  serviceUuid: '4fafc201-1fb5-459e-8fcc-c5c9c331914d',
  characteristicUuid: 'beb5483e-36e1-4688-b7f5-ea07361b26c2',
  value: '7b 22 74 79 70 65 22 3a 22 6f 74 61 22 2c 22 73 74 61 74 75 73 22 3a 22 70 72 6f 67 72 65 73 73 22 2c 22 72 65 63 65 69 76 65 64 22 3a 36 34 39 38 30 2c 22 74 6f 74 61 6c 22 3a 35 37 30 34 38 30 2c 22 70 65 72 63 65 6e 74 22 3a 31 31 7d'
}
Notification received: 7b 22 74 79 70 65 22 3a 22 6f 74 61 22 2c 22 73 74 61 74 75 73 22 3a 22 70 72 6f 67 72 65 73 73 22 2c 22 72 65 63 65 69 76 65 64 22 3a 36 35 35 32 30 2c 22 74 6f 74 61 6c 22 3a 35 37 30 34 38 30 2c 22 70 65 72 63 65 6e 74 22 3a 31 31 7d
[Main -> Renderer] ble:characteristicValueChanged: {
  deviceId: '10b41dcd238d',
  serviceUuid: '4fafc201-1fb5-459e-8fcc-c5c9c331914d',
  characteristicUuid: 'beb5483e-36e1-4688-b7f5-ea07361b26c2',
  value: '7b 22 74 79 70 65 22 3a 22 6f 74 61 22 2c 22 73 74 61 74 75 73 22 3a 22 70 72 6f 67 72 65 73 73 22 2c 22 72 65 63 65 69 76 65 64 22 3a 36 35 35 32 30 2c 22 74 6f 74 61 6c 22 3a 35 37 30 34 38 30 2c 22 70 65 72 63 65 6e 74 22 3a 31 31 7d'
}
Notification received: 7b 22 74 79 70 65 22 3a 22 6f 74 61 22 2c 22 73 74 61 74 75 73 22 3a 22 70 72 6f 67 72 65 73 73 22 2c 22 72 65 63 65 69 76 65 64 22 3a 36 36 30 36 30 2c 22 74 6f 74 61 6c 22 3a 35 37 30 34 38 30 2c 22 70 65 72 63 65 6e 74 22 3a 31 31 7d
[Main -> Renderer] ble:characteristicValueChanged: {
  deviceId: '10b41dcd238d',
  serviceUuid: '4fafc201-1fb5-459e-8fcc-c5c9c331914d',
  characteristicUuid: 'beb5483e-36e1-4688-b7f5-ea07361b26c2',
  value: '7b 22 74 79 70 65 22 3a 22 6f 74 61 22 2c 22 73 74 61 74 75 73 22 3a 22 70 72 6f 67 72 65 73 73 22 2c 22 72 65 63 65 69 76 65 64 22 3a 36 36 30 36 30 2c 22 74 6f 74 61 6c 22 3a 35 37 30 34 38 30 2c 22 70 65 72 63 65 6e 74 22 3a 31 31 7d'
}
Notification received: 7b 22 74 79 70 65 22 3a 22 6f 74 61 22 2c 22 73 74 61 74 75 73 22 3a 22 70 72 6f 67 72 65 73 73 22 2c 22 72 65 63 65 69 76 65 64 22 3a 36 36 36 30 30 2c 22 74 6f 74 61 6c 22 3a 35 37 30 34 38 30 2c 22 70 65 72 63 65 6e 74 22 3a 31 31 7d
[Main -> Renderer] ble:characteristicValueChanged: {
  deviceId: '10b41dcd238d',
  serviceUuid: '4fafc201-1fb5-459e-8fcc-c5c9c331914d',
  characteristicUuid: 'beb5483e-36e1-4688-b7f5-ea07361b26c2',
  value: '7b 22 74 79 70 65 22 3a 22 6f 74 61 22 2c 22 73 74 61 74 75 73 22 3a 22 70 72 6f 67 72 65 73 73 22 2c 22 72 65 63 65 69 76 65 64 22 3a 36 36 36 30 30 2c 22 74 6f 74 61 6c 22 3a 35 37 30 34 38 30 2c 22 70 65 72 63 65 6e 74 22 3a 31 31 7d'
}
Notification received: 7b 22 74 79 70 65 22 3a 22 6f 74 61 22 2c 22 73 74 61 74 75 73 22 3a 22 70 72 6f 67 72 65 73 73 22 2c 22 72 65 63 65 69 76 65 64 22 3a 36 37 31 34 30 2c 22 74 6f 74 61 6c 22 3a 35 37 30 34 38 30 2c 22 70 65 72 63 65 6e 74 22 3a 31 31 7d
[Main -> Renderer] ble:characteristicValueChanged: {
  deviceId: '10b41dcd238d',
  serviceUuid: '4fafc201-1fb5-459e-8fcc-c5c9c331914d',
  characteristicUuid: 'beb5483e-36e1-4688-b7f5-ea07361b26c2',
  value: '7b 22 74 79 70 65 22 3a 22 6f 74 61 22 2c 22 73 74 61 74 75 73 22 3a 22 70 72 6f 67 72 65 73 73 22 2c 22 72 65 63 65 69 76 65 64 22 3a 36 37 31 34 30 2c 22 74 6f 74 61 6c 22 3a 35 37 30 34 38 30 2c 22 70 65 72 63 65 6e 74 22 3a 31 31 7d'
}
Notification received: 7b 22 74 79 70 65 22 3a 22 6f 74 61 22 2c 22 73 74 61 74 75 73 22 3a 22 70 72 6f 67 72 65 73 73 22 2c 22 72 65 63 65 69 76 65 64 22 3a 36 37 36 38 30 2c 22 74 6f 74 61 6c 22 3a 35 37 30 34 38 30 2c 22 70 65 72 63 65 6e 74 22 3a 31 31 7d
[Main -> Renderer] ble:characteristicValueChanged: {
  deviceId: '10b41dcd238d',
  serviceUuid: '4fafc201-1fb5-459e-8fcc-c5c9c331914d',
  characteristicUuid: 'beb5483e-36e1-4688-b7f5-ea07361b26c2',
  value: '7b 22 74 79 70 65 22 3a 22 6f 74 61 22 2c 22 73 74 61 74 75 73 22 3a 22 70 72 6f 67 72 65 73 73 22 2c 22 72 65 63 65 69 76 65 64 22 3a 36 37 36 38 30 2c 22 74 6f 74 61 6c 22 3a 35 37 30 34 38 30 2c 22 70 65 72 63 65 6e 74 22 3a 31 31 7d'
}
Notification received: 7b 22 74 79 70 65 22 3a 22 6f 74 61 22 2c 22 73 74 61 74 75 73 22 3a 22 70 72 6f 67 72 65 73 73 22 2c 22 72 65 63 65 69 76 65 64 22 3a 36 38 32 32 30 2c 22 74 6f 74 61 6c 22 3a 35 37 30 34 38 30 2c 22 70 65 72 63 65 6e 74 22 3a 31 31 7d
[Main -> Renderer] ble:characteristicValueChanged: {
  deviceId: '10b41dcd238d',
  serviceUuid: '4fafc201-1fb5-459e-8fcc-c5c9c331914d',
  characteristicUuid: 'beb5483e-36e1-4688-b7f5-ea07361b26c2',
  value: '7b 22 74 79 70 65 22 3a 22 6f 74 61 22 2c 22 73 74 61 74 75 73 22 3a 22 70 72 6f 67 72 65 73 73 22 2c 22 72 65 63 65 69 76 65 64 22 3a 36 38 32 32 30 2c 22 74 6f 74 61 6c 22 3a 35 37 30 34 38 30 2c 22 70 65 72 63 65 6e 74 22 3a 31 31 7d'
}
Notification received: 7b 22 74 79 70 65 22 3a 22 6f 74 61 22 2c 22 73 74 61 74 75 73 22 3a 22 70 72 6f 67 72 65 73 73 22 2c 22 72 65 63 65 69 76 65 64 22 3a 36 38 37 36 30 2c 22 74 6f 74 61 6c 22 3a 35 37 30 34 38 30 2c 22 70 65 72 63 65 6e 74 22 3a 31 32 7d
[Main -> Renderer] ble:characteristicValueChanged: {
  deviceId: '10b41dcd238d',
  serviceUuid: '4fafc201-1fb5-459e-8fcc-c5c9c331914d',
  characteristicUuid: 'beb5483e-36e1-4688-b7f5-ea07361b26c2',
  value: '7b 22 74 79 70 65 22 3a 22 6f 74 61 22 2c 22 73 74 61 74 75 73 22 3a 22 70 72 6f 67 72 65 73 73 22 2c 22 72 65 63 65 69 76 65 64 22 3a 36 38 37 36 30 2c 22 74 6f 74 61 6c 22 3a 35 37 30 34 38 30 2c 22 70 65 72 63 65 6e 74 22 3a 31 32 7d'
}
Notification received: 7b 22 74 79 70 65 22 3a 22 6f 74 61 22 2c 22 73 74 61 74 75 73 22 3a 22 70 72 6f 67 72 65 73 73 22 2c 22 72 65 63 65 69 76 65 64 22 3a 36 39 31 32 30 2c 22 74 6f 74 61 6c 22 3a 35 37 30 34 38 30 2c 22 70 65 72 63 65 6e 74 22 3a 31 32 7d
[Main -> Renderer] ble:characteristicValueChanged: {
  deviceId: '10b41dcd238d',
  serviceUuid: '4fafc201-1fb5-459e-8fcc-c5c9c331914d',
  characteristicUuid: 'beb5483e-36e1-4688-b7f5-ea07361b26c2',
  value: '7b 22 74 79 70 65 22 3a 22 6f 74 61 22 2c 22 73 74 61 74 75 73 22 3a 22 70 72 6f 67 72 65 73 73 22 2c 22 72 65 63 65 69 76 65 64 22 3a 36 39 31 32 30 2c 22 74 6f 74 61 6c 22 3a 35 37 30 34 38 30 2c 22 70 65 72 63 65 6e 74 22 3a 31 32 7d'
}
Notification received: 7b 22 74 79 70 65 22 3a 22 6f 74 61 22 2c 22 73 74 61 74 75 73 22 3a 22 70 72 6f 67 72 65 73 73 22 2c 22 72 65 63 65 69 76 65 64 22 3a 36 39 36 36 30 2c 22 74 6f 74 61 6c 22 3a 35 37 30 34 38 30 2c 22 70 65 72 63 65 6e 74 22 3a 31 32 7d
[Main -> Renderer] ble:characteristicValueChanged: {
  deviceId: '10b41dcd238d',
  serviceUuid: '4fafc201-1fb5-459e-8fcc-c5c9c331914d',
  characteristicUuid: 'beb5483e-36e1-4688-b7f5-ea07361b26c2',
  value: '7b 22 74 79 70 65 22 3a 22 6f 74 61 22 2c 22 73 74 61 74 75 73 22 3a 22 70 72 6f 67 72 65 73 73 22 2c 22 72 65 63 65 69 76 65 64 22 3a 36 39 36 36 30 2c 22 74 6f 74 61 6c 22 3a 35 37 30 34 38 30 2c 22 70 65 72 63 65 6e 74 22 3a 31 32 7d'
}
Notification received: 7b 22 74 79 70 65 22 3a 22 6f 74 61 22 2c 22 73 74 61 74 75 73 22 3a 22 70 72 6f 67 72 65 73 73 22 2c 22 72 65 63 65 69 76 65 64 22 3a 37 30 30 32 30 2c 22 74 6f 74 61 6c 22 3a 35 37 30 34 38 30 2c 22 70 65 72 63 65 6e 74 22 3a 31 32 7d
[Main -> Renderer] ble:characteristicValueChanged: {
  deviceId: '10b41dcd238d',
  serviceUuid: '4fafc201-1fb5-459e-8fcc-c5c9c331914d',
  characteristicUuid: 'beb5483e-36e1-4688-b7f5-ea07361b26c2',
  value: '7b 22 74 79 70 65 22 3a 22 6f 74 61 22 2c 22 73 74 61 74 75 73 22 3a 22 70 72 6f 67 72 65 73 73 22 2c 22 72 65 63 65 69 76 65 64 22 3a 37 30 30 32 30 2c 22 74 6f 74 61 6c 22 3a 35 37 30 34 38 30 2c 22 70 65 72 63 65 6e 74 22 3a 31 32 7d'
}
Notification received: 7b 22 74 79 70 65 22 3a 22 6f 74 61 22 2c 22 73 74 61 74 75 73 22 3a 22 70 72 6f 67 72 65 73 73 22 2c 22 72 65 63 65 69 76 65 64 22 3a 37 30 35 36 30 2c 22 74 6f 74 61 6c 22 3a 35 37 30 34 38 30 2c 22 70 65 72 63 65 6e 74 22 3a 31 32 7d
[Main -> Renderer] ble:characteristicValueChanged: {
  deviceId: '10b41dcd238d',
  serviceUuid: '4fafc201-1fb5-459e-8fcc-c5c9c331914d',
  characteristicUuid: 'beb5483e-36e1-4688-b7f5-ea07361b26c2',
  value: '7b 22 74 79 70 65 22 3a 22 6f 74 61 22 2c 22 73 74 61 74 75 73 22 3a 22 70 72 6f 67 72 65 73 73 22 2c 22 72 65 63 65 69 76 65 64 22 3a 37 30 35 36 30 2c 22 74 6f 74 61 6c 22 3a 35 37 30 34 38 30 2c 22 70 65 72 63 65 6e 74 22 3a 31 32 7d'
}
Notification received: 7b 22 74 79 70 65 22 3a 22 6f 74 61 22 2c 22 73 74 61 74 75 73 22 3a 22 70 72 6f 67 72 65 73 73 22 2c 22 72 65 63 65 69 76 65 64 22 3a 37 31 31 30 30 2c 22 74 6f 74 61 6c 22 3a 35 37 30 34 38 30 2c 22 70 65 72 63 65 6e 74 22 3a 31 32 7d
[Main -> Renderer] ble:characteristicValueChanged: {
  deviceId: '10b41dcd238d',
  serviceUuid: '4fafc201-1fb5-459e-8fcc-c5c9c331914d',
  characteristicUuid: 'beb5483e-36e1-4688-b7f5-ea07361b26c2',
  value: '7b 22 74 79 70 65 22 3a 22 6f 74 61 22 2c 22 73 74 61 74 75 73 22 3a 22 70 72 6f 67 72 65 73 73 22 2c 22 72 65 63 65 69 76 65 64 22 3a 37 31 31 30 30 2c 22 74 6f 74 61 6c 22 3a 35 37 30 34 38 30 2c 22 70 65 72 63 65 6e 74 22 3a 31 32 7d'
}
Notification received: 7b 22 74 79 70 65 22 3a 22 6f 74 61 22 2c 22 73 74 61 74 75 73 22 3a 22 70 72 6f 67 72 65 73 73 22 2c 22 72 65 63 65 69 76 65 64 22 3a 37 31 34 36 30 2c 22 74 6f 74 61 6c 22 3a 35 37 30 34 38 30 2c 22 70 65 72 63 65 6e 74 22 3a 31 32 7d
[Main -> Renderer] ble:characteristicValueChanged: {
  deviceId: '10b41dcd238d',
  serviceUuid: '4fafc201-1fb5-459e-8fcc-c5c9c331914d',
  characteristicUuid: 'beb5483e-36e1-4688-b7f5-ea07361b26c2',
  value: '7b 22 74 79 70 65 22 3a 22 6f 74 61 22 2c 22 73 74 61 74 75 73 22 3a 22 70 72 6f 67 72 65 73 73 22 2c 22 72 65 63 65 69 76 65 64 22 3a 37 31 34 36 30 2c 22 74 6f 74 61 6c 22 3a 35 37 30 34 38 30 2c 22 70 65 72 63 65 6e 74 22 3a 31 32 7d'
}
Notification received: 7b 22 74 79 70 65 22 3a 22 6f 74 61 22 2c 22 73 74 61 74 75 73 22 3a 22 70 72 6f 67 72 65 73 73 22 2c 22 72 65 63 65 69 76 65 64 22 3a 37 32 30 30 30 2c 22 74 6f 74 61 6c 22 3a 35 37 30 34 38 30 2c 22 70 65 72 63 65 6e 74 22 3a 31 32 7d
[Main -> Renderer] ble:characteristicValueChanged: {
  deviceId: '10b41dcd238d',
  serviceUuid: '4fafc201-1fb5-459e-8fcc-c5c9c331914d',
  characteristicUuid: 'beb5483e-36e1-4688-b7f5-ea07361b26c2',
  value: '7b 22 74 79 70 65 22 3a 22 6f 74 61 22 2c 22 73 74 61 74 75 73 22 3a 22 70 72 6f 67 72 65 73 73 22 2c 22 72 65 63 65 69 76 65 64 22 3a 37 32 30 30 30 2c 22 74 6f 74 61 6c 22 3a 35 37 30 34 38 30 2c 22 70 65 72 63 65 6e 74 22 3a 31 32 7d'
}
Notification received: 7b 22 74 79 70 65 22 3a 22 6f 74 61 22 2c 22 73 74 61 74 75 73 22 3a 22 70 72 6f 67 72 65 73 73 22 2c 22 72 65 63 65 69 76 65 64 22 3a 37 32 35 34 30 2c 22 74 6f 74 61 6c 22 3a 35 37 30 34 38 30 2c 22 70 65 72 63 65 6e 74 22 3a 31 32 7d
[Main -> Renderer] ble:characteristicValueChanged: {
  deviceId: '10b41dcd238d',
  serviceUuid: '4fafc201-1fb5-459e-8fcc-c5c9c331914d',
  characteristicUuid: 'beb5483e-36e1-4688-b7f5-ea07361b26c2',
  value: '7b 22 74 79 70 65 22 3a 22 6f 74 61 22 2c 22 73 74 61 74 75 73 22 3a 22 70 72 6f 67 72 65 73 73 22 2c 22 72 65 63 65 69 76 65 64 22 3a 37 32 35 34 30 2c 22 74 6f 74 61 6c 22 3a 35 37 30 34 38 30 2c 22 70 65 72 63 65 6e 74 22 3a 31 32 7d'
}
Notification received: 7b 22 74 79 70 65 22 3a 22 6f 74 61 22 2c 22 73 74 61 74 75 73 22 3a 22 70 72 6f 67 72 65 73 73 22 2c 22 72 65 63 65 69 76 65 64 22 3a 37 33 30 38 30 2c 22 74 6f 74 61 6c 22 3a 35 37 30 34 38 30 2c 22 70 65 72 63 65 6e 74 22 3a 31 32 7d
[Main -> Renderer] ble:characteristicValueChanged: {
  deviceId: '10b41dcd238d',
  serviceUuid: '4fafc201-1fb5-459e-8fcc-c5c9c331914d',
  characteristicUuid: 'beb5483e-36e1-4688-b7f5-ea07361b26c2',
  value: '7b 22 74 79 70 65 22 3a 22 6f 74 61 22 2c 22 73 74 61 74 75 73 22 3a 22 70 72 6f 67 72 65 73 73 22 2c 22 72 65 63 65 69 76 65 64 22 3a 37 33 30 38 30 2c 22 74 6f 74 61 6c 22 3a 35 37 30 34 38 30 2c 22 70 65 72 63 65 6e 74 22 3a 31 32 7d'
}
Notification received: 7b 22 74 79 70 65 22 3a 22 6f 74 61 22 2c 22 73 74 61 74 75 73 22 3a 22 70 72 6f 67 72 65 73 73 22 2c 22 72 65 63 65 69 76 65 64 22 3a 37 33 36 32 30 2c 22 74 6f 74 61 6c 22 3a 35 37 30 34 38 30 2c 22 70 65 72 63 65 6e 74 22 3a 31 32 7d
[Main -> Renderer] ble:characteristicValueChanged: {
  deviceId: '10b41dcd238d',
  serviceUuid: '4fafc201-1fb5-459e-8fcc-c5c9c331914d',
  characteristicUuid: 'beb5483e-36e1-4688-b7f5-ea07361b26c2',
  value: '7b 22 74 79 70 65 22 3a 22 6f 74 61 22 2c 22 73 74 61 74 75 73 22 3a 22 70 72 6f 67 72 65 73 73 22 2c 22 72 65 63 65 69 76 65 64 22 3a 37 33 36 32 30 2c 22 74 6f 74 61 6c 22 3a 35 37 30 34 38 30 2c 22 70 65 72 63 65 6e 74 22 3a 31 32 7d'
}
Notification received: 7b 22 74 79 70 65 22 3a 22 6f 74 61 22 2c 22 73 74 61 74 75 73 22 3a 22 70 72 6f 67 72 65 73 73 22 2c 22 72 65 63 65 69 76 65 64 22 3a 37 34 31 36 30 2c 22 74 6f 74 61 6c 22 3a 35 37 30 34 38 30 2c 22 70 65 72 63 65 6e 74 22 3a 31 32 7d
[Main -> Renderer] ble:characteristicValueChanged: {
  deviceId: '10b41dcd238d',
  serviceUuid: '4fafc201-1fb5-459e-8fcc-c5c9c331914d',
  characteristicUuid: 'beb5483e-36e1-4688-b7f5-ea07361b26c2',
  value: '7b 22 74 79 70 65 22 3a 22 6f 74 61 22 2c 22 73 74 61 74 75 73 22 3a 22 70 72 6f 67 72 65 73 73 22 2c 22 72 65 63 65 69 76 65 64 22 3a 37 34 31 36 30 2c 22 74 6f 74 61 6c 22 3a 35 37 30 34 38 30 2c 22 70 65 72 63 65 6e 74 22 3a 31 32 7d'
}
Notification received: 7b 22 74 79 70 65 22 3a 22 6f 74 61 22 2c 22 73 74 61 74 75 73 22 3a 22 70 72 6f 67 72 65 73 73 22 2c 22 72 65 63 65 69 76 65 64 22 3a 37 34 37 30 30 2c 22 74 6f 74 61 6c 22 3a 35 37 30 34 38 30 2c 22 70 65 72 63 65 6e 74 22 3a 31 33 7d
[Main -> Renderer] ble:characteristicValueChanged: {
  deviceId: '10b41dcd238d',
  serviceUuid: '4fafc201-1fb5-459e-8fcc-c5c9c331914d',
  characteristicUuid: 'beb5483e-36e1-4688-b7f5-ea07361b26c2',
  value: '7b 22 74 79 70 65 22 3a 22 6f 74 61 22 2c 22 73 74 61 74 75 73 22 3a 22 70 72 6f 67 72 65 73 73 22 2c 22 72 65 63 65 69 76 65 64 22 3a 37 34 37 30 30 2c 22 74 6f 74 61 6c 22 3a 35 37 30 34 38 30 2c 22 70 65 72 63 65 6e 74 22 3a 31 33 7d'
}
Notification received: 7b 22 74 79 70 65 22 3a 22 6f 74 61 22 2c 22 73 74 61 74 75 73 22 3a 22 70 72 6f 67 72 65 73 73 22 2c 22 72 65 63 65 69 76 65 64 22 3a 37 35 32 34 30 2c 22 74 6f 74 61 6c 22 3a 35 37 30 34 38 30 2c 22 70 65 72 63 65 6e 74 22 3a 31 33 7d
[Main -> Renderer] ble:characteristicValueChanged: {
  deviceId: '10b41dcd238d',
  serviceUuid: '4fafc201-1fb5-459e-8fcc-c5c9c331914d',
  characteristicUuid: 'beb5483e-36e1-4688-b7f5-ea07361b26c2',
  value: '7b 22 74 79 70 65 22 3a 22 6f 74 61 22 2c 22 73 74 61 74 75 73 22 3a 22 70 72 6f 67 72 65 73 73 22 2c 22 72 65 63 65 69 76 65 64 22 3a 37 35 32 34 30 2c 22 74 6f 74 61 6c 22 3a 35 37 30 34 38 30 2c 22 70 65 72 63 65 6e 74 22 3a 31 33 7d'
}
Notification received: 7b 22 74 79 70 65 22 3a 22 6f 74 61 22 2c 22 73 74 61 74 75 73 22 3a 22 70 72 6f 67 72 65 73 73 22 2c 22 72 65 63 65 69 76 65 64 22 3a 37 35 37 38 30 2c 22 74 6f 74 61 6c 22 3a 35 37 30 34 38 30 2c 22 70 65 72 63 65 6e 74 22 3a 31 33 7d
[Main -> Renderer] ble:characteristicValueChanged: {
  deviceId: '10b41dcd238d',
  serviceUuid: '4fafc201-1fb5-459e-8fcc-c5c9c331914d',
  characteristicUuid: 'beb5483e-36e1-4688-b7f5-ea07361b26c2',
  value: '7b 22 74 79 70 65 22 3a 22 6f 74 61 22 2c 22 73 74 61 74 75 73 22 3a 22 70 72 6f 67 72 65 73 73 22 2c 22 72 65 63 65 69 76 65 64 22 3a 37 35 37 38 30 2c 22 74 6f 74 61 6c 22 3a 35 37 30 34 38 30 2c 22 70 65 72 63 65 6e 74 22 3a 31 33 7d'
}
Notification received: 7b 22 74 79 70 65 22 3a 22 6f 74 61 22 2c 22 73 74 61 74 75 73 22 3a 22 70 72 6f 67 72 65 73 73 22 2c 22 72 65 63 65 69 76 65 64 22 3a 37 36 33 32 30 2c 22 74 6f 74 61 6c 22 3a 35 37 30 34 38 30 2c 22 70 65 72 63 65 6e 74 22 3a 31 33 7d
[Main -> Renderer] ble:characteristicValueChanged: {
  deviceId: '10b41dcd238d',
  serviceUuid: '4fafc201-1fb5-459e-8fcc-c5c9c331914d',
  characteristicUuid: 'beb5483e-36e1-4688-b7f5-ea07361b26c2',
  value: '7b 22 74 79 70 65 22 3a 22 6f 74 61 22 2c 22 73 74 61 74 75 73 22 3a 22 70 72 6f 67 72 65 73 73 22 2c 22 72 65 63 65 69 76 65 64 22 3a 37 36 33 32 30 2c 22 74 6f 74 61 6c 22 3a 35 37 30 34 38 30 2c 22 70 65 72 63 65 6e 74 22 3a 31 33 7d'
}
Notification received: 7b 22 74 79 70 65 22 3a 22 6f 74 61 22 2c 22 73 74 61 74 75 73 22 3a 22 70 72 6f 67 72 65 73 73 22 2c 22 72 65 63 65 69 76 65 64 22 3a 37 36 38 36 30 2c 22 74 6f 74 61 6c 22 3a 35 37 30 34 38 30 2c 22 70 65 72 63 65 6e 74 22 3a 31 33 7d
[Main -> Renderer] ble:characteristicValueChanged: {
  deviceId: '10b41dcd238d',
  serviceUuid: '4fafc201-1fb5-459e-8fcc-c5c9c331914d',
  characteristicUuid: 'beb5483e-36e1-4688-b7f5-ea07361b26c2',
  value: '7b 22 74 79 70 65 22 3a 22 6f 74 61 22 2c 22 73 74 61 74 75 73 22 3a 22 70 72 6f 67 72 65 73 73 22 2c 22 72 65 63 65 69 76 65 64 22 3a 37 36 38 36 30 2c 22 74 6f 74 61 6c 22 3a 35 37 30 34 38 30 2c 22 70 65 72 63 65 6e 74 22 3a 31 33 7d'
}
Notification received: 7b 22 74 79 70 65 22 3a 22 6f 74 61 22 2c 22 73 74 61 74 75 73 22 3a 22 70 72 6f 67 72 65 73 73 22 2c 22 72 65 63 65 69 76 65 64 22 3a 37 37 32 32 30 2c 22 74 6f 74 61 6c 22 3a 35 37 30 34 38 30 2c 22 70 65 72 63 65 6e 74 22 3a 31 33 7d
[Main -> Renderer] ble:characteristicValueChanged: {
  deviceId: '10b41dcd238d',
  serviceUuid: '4fafc201-1fb5-459e-8fcc-c5c9c331914d',
  characteristicUuid: 'beb5483e-36e1-4688-b7f5-ea07361b26c2',
  value: '7b 22 74 79 70 65 22 3a 22 6f 74 61 22 2c 22 73 74 61 74 75 73 22 3a 22 70 72 6f 67 72 65 73 73 22 2c 22 72 65 63 65 69 76 65 64 22 3a 37 37 32 32 30 2c 22 74 6f 74 61 6c 22 3a 35 37 30 34 38 30 2c 22 70 65 72 63 65 6e 74 22 3a 31 33 7d'
}
Notification received: 7b 22 74 79 70 65 22 3a 22 6f 74 61 22 2c 22 73 74 61 74 75 73 22 3a 22 70 72 6f 67 72 65 73 73 22 2c 22 72 65 63 65 69 76 65 64 22 3a 37 37 37 36 30 2c 22 74 6f 74 61 6c 22 3a 35 37 30 34 38 30 2c 22 70 65 72 63 65 6e 74 22 3a 31 33 7d
[Main -> Renderer] ble:characteristicValueChanged: {
  deviceId: '10b41dcd238d',
  serviceUuid: '4fafc201-1fb5-459e-8fcc-c5c9c331914d',
  characteristicUuid: 'beb5483e-36e1-4688-b7f5-ea07361b26c2',
  value: '7b 22 74 79 70 65 22 3a 22 6f 74 61 22 2c 22 73 74 61 74 75 73 22 3a 22 70 72 6f 67 72 65 73 73 22 2c 22 72 65 63 65 69 76 65 64 22 3a 37 37 37 36 30 2c 22 74 6f 74 61 6c 22 3a 35 37 30 34 38 30 2c 22 70 65 72 63 65 6e 74 22 3a 31 33 7d'
}
Notification received: 7b 22 74 79 70 65 22 3a 22 6f 74 61 22 2c 22 73 74 61 74 75 73 22 3a 22 70 72 6f 67 72 65 73 73 22 2c 22 72 65 63 65 69 76 65 64 22 3a 37 38 33 30 30 2c 22 74 6f 74 61 6c 22 3a 35 37 30 34 38 30 2c 22 70 65 72 63 65 6e 74 22 3a 31 33 7d
[Main -> Renderer] ble:characteristicValueChanged: {
  deviceId: '10b41dcd238d',
  serviceUuid: '4fafc201-1fb5-459e-8fcc-c5c9c331914d',
  characteristicUuid: 'beb5483e-36e1-4688-b7f5-ea07361b26c2',
  value: '7b 22 74 79 70 65 22 3a 22 6f 74 61 22 2c 22 73 74 61 74 75 73 22 3a 22 70 72 6f 67 72 65 73 73 22 2c 22 72 65 63 65 69 76 65 64 22 3a 37 38 33 30 30 2c 22 74 6f 74 61 6c 22 3a 35 37 30 34 38 30 2c 22 70 65 72 63 65 6e 74 22 3a 31 33 7d'
}
Notification received: 7b 22 74 79 70 65 22 3a 22 6f 74 61 22 2c 22 73 74 61 74 75 73 22 3a 22 70 72 6f 67 72 65 73 73 22 2c 22 72 65 63 65 69 76 65 64 22 3a 37 38 38 34 30 2c 22 74 6f 74 61 6c 22 3a 35 37 30 34 38 30 2c 22 70 65 72 63 65 6e 74 22 3a 31 33 7d
[Main -> Renderer] ble:characteristicValueChanged: {
  deviceId: '10b41dcd238d',
  serviceUuid: '4fafc201-1fb5-459e-8fcc-c5c9c331914d',
  characteristicUuid: 'beb5483e-36e1-4688-b7f5-ea07361b26c2',
  value: '7b 22 74 79 70 65 22 3a 22 6f 74 61 22 2c 22 73 74 61 74 75 73 22 3a 22 70 72 6f 67 72 65 73 73 22 2c 22 72 65 63 65 69 76 65 64 22 3a 37 38 38 34 30 2c 22 74 6f 74 61 6c 22 3a 35 37 30 34 38 30 2c 22 70 65 72 63 65 6e 74 22 3a 31 33 7d'
}
Notification received: 7b 22 74 79 70 65 22 3a 22 6f 74 61 22 2c 22 73 74 61 74 75 73 22 3a 22 70 72 6f 67 72 65 73 73 22 2c 22 72 65 63 65 69 76 65 64 22 3a 37 39 33 38 30 2c 22 74 6f 74 61 6c 22 3a 35 37 30 34 38 30 2c 22 70 65 72 63 65 6e 74 22 3a 31 33 7d
[Main -> Renderer] ble:characteristicValueChanged: {
  deviceId: '10b41dcd238d',
  serviceUuid: '4fafc201-1fb5-459e-8fcc-c5c9c331914d',
  characteristicUuid: 'beb5483e-36e1-4688-b7f5-ea07361b26c2',
  value: '7b 22 74 79 70 65 22 3a 22 6f 74 61 22 2c 22 73 74 61 74 75 73 22 3a 22 70 72 6f 67 72 65 73 73 22 2c 22 72 65 63 65 69 76 65 64 22 3a 37 39 33 38 30 2c 22 74 6f 74 61 6c 22 3a 35 37 30 34 38 30 2c 22 70 65 72 63 65 6e 74 22 3a 31 33 7d'
}
Notification received: 7b 22 74 79 70 65 22 3a 22 6f 74 61 22 2c 22 73 74 61 74 75 73 22 3a 22 70 72 6f 67 72 65 73 73 22 2c 22 72 65 63 65 69 76 65 64 22 3a 37 39 39 32 30 2c 22 74 6f 74 61 6c 22 3a 35 37 30 34 38 30 2c 22 70 65 72 63 65 6e 74 22 3a 31 34 7d
[Main -> Renderer] ble:characteristicValueChanged: {
  deviceId: '10b41dcd238d',
  serviceUuid: '4fafc201-1fb5-459e-8fcc-c5c9c331914d',
  characteristicUuid: 'beb5483e-36e1-4688-b7f5-ea07361b26c2',
  value: '7b 22 74 79 70 65 22 3a 22 6f 74 61 22 2c 22 73 74 61 74 75 73 22 3a 22 70 72 6f 67 72 65 73 73 22 2c 22 72 65 63 65 69 76 65 64 22 3a 37 39 39 32 30 2c 22 74 6f 74 61 6c 22 3a 35 37 30 34 38 30 2c 22 70 65 72 63 65 6e 74 22 3a 31 34 7d'
}
Notification received: 7b 22 74 79 70 65 22 3a 22 6f 74 61 22 2c 22 73 74 61 74 75 73 22 3a 22 70 72 6f 67 72 65 73 73 22 2c 22 72 65 63 65 69 76 65 64 22 3a 38 30 34 36 30 2c 22 74 6f 74 61 6c 22 3a 35 37 30 34 38 30 2c 22 70 65 72 63 65 6e 74 22 3a 31 34 7d
[Main -> Renderer] ble:characteristicValueChanged: {
  deviceId: '10b41dcd238d',
  serviceUuid: '4fafc201-1fb5-459e-8fcc-c5c9c331914d',
  characteristicUuid: 'beb5483e-36e1-4688-b7f5-ea07361b26c2',
  value: '7b 22 74 79 70 65 22 3a 22 6f 74 61 22 2c 22 73 74 61 74 75 73 22 3a 22 70 72 6f 67 72 65 73 73 22 2c 22 72 65 63 65 69 76 65 64 22 3a 38 30 34 36 30 2c 22 74 6f 74 61 6c 22 3a 35 37 30 34 38 30 2c 22 70 65 72 63 65 6e 74 22 3a 31 34 7d'
}
Notification received: 7b 22 74 79 70 65 22 3a 22 6f 74 61 22 2c 22 73 74 61 74 75 73 22 3a 22 70 72 6f 67 72 65 73 73 22 2c 22 72 65 63 65 69 76 65 64 22 3a 38 31 30 30 30 2c 22 74 6f 74 61 6c 22 3a 35 37 30 34 38 30 2c 22 70 65 72 63 65 6e 74 22 3a 31 34 7d
[Main -> Renderer] ble:characteristicValueChanged: {
  deviceId: '10b41dcd238d',
  serviceUuid: '4fafc201-1fb5-459e-8fcc-c5c9c331914d',
  characteristicUuid: 'beb5483e-36e1-4688-b7f5-ea07361b26c2',
  value: '7b 22 74 79 70 65 22 3a 22 6f 74 61 22 2c 22 73 74 61 74 75 73 22 3a 22 70 72 6f 67 72 65 73 73 22 2c 22 72 65 63 65 69 76 65 64 22 3a 38 31 30 30 30 2c 22 74 6f 74 61 6c 22 3a 35 37 30 34 38 30 2c 22 70 65 72 63 65 6e 74 22 3a 31 34 7d'
}
Notification received: 7b 22 74 79 70 65 22 3a 22 6f 74 61 22 2c 22 73 74 61 74 75 73 22 3a 22 70 72 6f 67 72 65 73 73 22 2c 22 72 65 63 65 69 76 65 64 22 3a 38 31 35 34 30 2c 22 74 6f 74 61 6c 22 3a 35 37 30 34 38 30 2c 22 70 65 72 63 65 6e 74 22 3a 31 34 7d
[Main -> Renderer] ble:characteristicValueChanged: {
  deviceId: '10b41dcd238d',
  serviceUuid: '4fafc201-1fb5-459e-8fcc-c5c9c331914d',
  characteristicUuid: 'beb5483e-36e1-4688-b7f5-ea07361b26c2',
  value: '7b 22 74 79 70 65 22 3a 22 6f 74 61 22 2c 22 73 74 61 74 75 73 22 3a 22 70 72 6f 67 72 65 73 73 22 2c 22 72 65 63 65 69 76 65 64 22 3a 38 31 35 34 30 2c 22 74 6f 74 61 6c 22 3a 35 37 30 34 38 30 2c 22 70 65 72 63 65 6e 74 22 3a 31 34 7d'
}
Notification received: 7b 22 74 79 70 65 22 3a 22 6f 74 61 22 2c 22 73 74 61 74 75 73 22 3a 22 70 72 6f 67 72 65 73 73 22 2c 22 72 65 63 65 69 76 65 64 22 3a 38 32 30 38 30 2c 22 74 6f 74 61 6c 22 3a 35 37 30 34 38 30 2c 22 70 65 72 63 65 6e 74 22 3a 31 34 7d
[Main -> Renderer] ble:characteristicValueChanged: {
  deviceId: '10b41dcd238d',
  serviceUuid: '4fafc201-1fb5-459e-8fcc-c5c9c331914d',
  characteristicUuid: 'beb5483e-36e1-4688-b7f5-ea07361b26c2',
  value: '7b 22 74 79 70 65 22 3a 22 6f 74 61 22 2c 22 73 74 61 74 75 73 22 3a 22 70 72 6f 67 72 65 73 73 22 2c 22 72 65 63 65 69 76 65 64 22 3a 38 32 30 38 30 2c 22 74 6f 74 61 6c 22 3a 35 37 30 34 38 30 2c 22 70 65 72 63 65 6e 74 22 3a 31 34 7d'
}
Notification received: 7b 22 74 79 70 65 22 3a 22 6f 74 61 22 2c 22 73 74 61 74 75 73 22 3a 22 70 72 6f 67 72 65 73 73 22 2c 22 72 65 63 65 69 76 65 64 22 3a 38 32 36 32 30 2c 22 74 6f 74 61 6c 22 3a 35 37 30 34 38 30 2c 22 70 65 72 63 65 6e 74 22 3a 31 34 7d
[Main -> Renderer] ble:characteristicValueChanged: {
  deviceId: '10b41dcd238d',
  serviceUuid: '4fafc201-1fb5-459e-8fcc-c5c9c331914d',
  characteristicUuid: 'beb5483e-36e1-4688-b7f5-ea07361b26c2',
  value: '7b 22 74 79 70 65 22 3a 22 6f 74 61 22 2c 22 73 74 61 74 75 73 22 3a 22 70 72 6f 67 72 65 73 73 22 2c 22 72 65 63 65 69 76 65 64 22 3a 38 32 36 32 30 2c 22 74 6f 74 61 6c 22 3a 35 37 30 34 38 30 2c 22 70 65 72 63 65 6e 74 22 3a 31 34 7d'
}
Notification received: 7b 22 74 79 70 65 22 3a 22 6f 74 61 22 2c 22 73 74 61 74 75 73 22 3a 22 70 72 6f 67 72 65 73 73 22 2c 22 72 65 63 65 69 76 65 64 22 3a 38 33 31 36 30 2c 22 74 6f 74 61 6c 22 3a 35 37 30 34 38 30 2c 22 70 65 72 63 65 6e 74 22 3a 31 34 7d
[Main -> Renderer] ble:characteristicValueChanged: {
  deviceId: '10b41dcd238d',
  serviceUuid: '4fafc201-1fb5-459e-8fcc-c5c9c331914d',
  characteristicUuid: 'beb5483e-36e1-4688-b7f5-ea07361b26c2',
  value: '7b 22 74 79 70 65 22 3a 22 6f 74 61 22 2c 22 73 74 61 74 75 73 22 3a 22 70 72 6f 67 72 65 73 73 22 2c 22 72 65 63 65 69 76 65 64 22 3a 38 33 31 36 30 2c 22 74 6f 74 61 6c 22 3a 35 37 30 34 38 30 2c 22 70 65 72 63 65 6e 74 22 3a 31 34 7d'
}
Notification received: 7b 22 74 79 70 65 22 3a 22 6f 74 61 22 2c 22 73 74 61 74 75 73 22 3a 22 70 72 6f 67 72 65 73 73 22 2c 22 72 65 63 65 69 76 65 64 22 3a 38 33 37 30 30 2c 22 74 6f 74 61 6c 22 3a 35 37 30 34 38 30 2c 22 70 65 72 63 65 6e 74 22 3a 31 34 7d
[Main -> Renderer] ble:characteristicValueChanged: {
  deviceId: '10b41dcd238d',
  serviceUuid: '4fafc201-1fb5-459e-8fcc-c5c9c331914d',
  characteristicUuid: 'beb5483e-36e1-4688-b7f5-ea07361b26c2',
  value: '7b 22 74 79 70 65 22 3a 22 6f 74 61 22 2c 22 73 74 61 74 75 73 22 3a 22 70 72 6f 67 72 65 73 73 22 2c 22 72 65 63 65 69 76 65 64 22 3a 38 33 37 30 30 2c 22 74 6f 74 61 6c 22 3a 35 37 30 34 38 30 2c 22 70 65 72 63 65 6e 74 22 3a 31 34 7d'
}
Notification received: 7b 22 74 79 70 65 22 3a 22 6f 74 61 22 2c 22 73 74 61 74 75 73 22 3a 22 70 72 6f 67 72 65 73 73 22 2c 22 72 65 63 65 69 76 65 64 22 3a 38 34 30 36 30 2c 22 74 6f 74 61 6c 22 3a 35 37 30 34 38 30 2c 22 70 65 72 63 65 6e 74 22 3a 31 34 7d
[Main -> Renderer] ble:characteristicValueChanged: {
  deviceId: '10b41dcd238d',
  serviceUuid: '4fafc201-1fb5-459e-8fcc-c5c9c331914d',
  characteristicUuid: 'beb5483e-36e1-4688-b7f5-ea07361b26c2',
  value: '7b 22 74 79 70 65 22 3a 22 6f 74 61 22 2c 22 73 74 61 74 75 73 22 3a 22 70 72 6f 67 72 65 73 73 22 2c 22 72 65 63 65 69 76 65 64 22 3a 38 34 30 36 30 2c 22 74 6f 74 61 6c 22 3a 35 37 30 34 38 30 2c 22 70 65 72 63 65 6e 74 22 3a 31 34 7d'
}
Notification received: 7b 22 74 79 70 65 22 3a 22 6f 74 61 22 2c 22 73 74 61 74 75 73 22 3a 22 70 72 6f 67 72 65 73 73 22 2c 22 72 65 63 65 69 76 65 64 22 3a 38 34 34 32 30 2c 22 74 6f 74 61 6c 22 3a 35 37 30 34 38 30 2c 22 70 65 72 63 65 6e 74 22 3a 31 34 7d
[Main -> Renderer] ble:characteristicValueChanged: {
  deviceId: '10b41dcd238d',
  serviceUuid: '4fafc201-1fb5-459e-8fcc-c5c9c331914d',
  characteristicUuid: 'beb5483e-36e1-4688-b7f5-ea07361b26c2',
  value: '7b 22 74 79 70 65 22 3a 22 6f 74 61 22 2c 22 73 74 61 74 75 73 22 3a 22 70 72 6f 67 72 65 73 73 22 2c 22 72 65 63 65 69 76 65 64 22 3a 38 34 34 32 30 2c 22 74 6f 74 61 6c 22 3a 35 37 30 34 38 30 2c 22 70 65 72 63 65 6e 74 22 3a 31 34 7d'
}
Notification received: 7b 22 74 79 70 65 22 3a 22 6f 74 61 22 2c 22 73 74 61 74 75 73 22 3a 22 70 72 6f 67 72 65 73 73 22 2c 22 72 65 63 65 69 76 65 64 22 3a 38 34 39 36 30 2c 22 74 6f 74 61 6c 22 3a 35 37 30 34 38 30 2c 22 70 65 72 63 65 6e 74 22 3a 31 34 7d
[Main -> Renderer] ble:characteristicValueChanged: {
  deviceId: '10b41dcd238d',
  serviceUuid: '4fafc201-1fb5-459e-8fcc-c5c9c331914d',
  characteristicUuid: 'beb5483e-36e1-4688-b7f5-ea07361b26c2',
  value: '7b 22 74 79 70 65 22 3a 22 6f 74 61 22 2c 22 73 74 61 74 75 73 22 3a 22 70 72 6f 67 72 65 73 73 22 2c 22 72 65 63 65 69 76 65 64 22 3a 38 34 39 36 30 2c 22 74 6f 74 61 6c 22 3a 35 37 30 34 38 30 2c 22 70 65 72 63 65 6e 74 22 3a 31 34 7d'
}
Notification received: 7b 22 74 79 70 65 22 3a 22 6f 74 61 22 2c 22 73 74 61 74 75 73 22 3a 22 70 72 6f 67 72 65 73 73 22 2c 22 72 65 63 65 69 76 65 64 22 3a 38 35 35 30 30 2c 22 74 6f 74 61 6c 22 3a 35 37 30 34 38 30 2c 22 70 65 72 63 65 6e 74 22 3a 31 34 7d
[Main -> Renderer] ble:characteristicValueChanged: {
  deviceId: '10b41dcd238d',
  serviceUuid: '4fafc201-1fb5-459e-8fcc-c5c9c331914d',
  characteristicUuid: 'beb5483e-36e1-4688-b7f5-ea07361b26c2',
  value: '7b 22 74 79 70 65 22 3a 22 6f 74 61 22 2c 22 73 74 61 74 75 73 22 3a 22 70 72 6f 67 72 65 73 73 22 2c 22 72 65 63 65 69 76 65 64 22 3a 38 35 35 30 30 2c 22 74 6f 74 61 6c 22 3a 35 37 30 34 38 30 2c 22 70 65 72 63 65 6e 74 22 3a 31 34 7d'
}
Notification received: 7b 22 74 79 70 65 22 3a 22 6f 74 61 22 2c 22 73 74 61 74 75 73 22 3a 22 70 72 6f 67 72 65 73 73 22 2c 22 72 65 63 65 69 76 65 64 22 3a 38 35 38 36 30 2c 22 74 6f 74 61 6c 22 3a 35 37 30 34 38 30 2c 22 70 65 72 63 65 6e 74 22 3a 31 35 7d
[Main -> Renderer] ble:characteristicValueChanged: {
  deviceId: '10b41dcd238d',
  serviceUuid: '4fafc201-1fb5-459e-8fcc-c5c9c331914d',
  characteristicUuid: 'beb5483e-36e1-4688-b7f5-ea07361b26c2',
  value: '7b 22 74 79 70 65 22 3a 22 6f 74 61 22 2c 22 73 74 61 74 75 73 22 3a 22 70 72 6f 67 72 65 73 73 22 2c 22 72 65 63 65 69 76 65 64 22 3a 38 35 38 36 30 2c 22 74 6f 74 61 6c 22 3a 35 37 30 34 38 30 2c 22 70 65 72 63 65 6e 74 22 3a 31 35 7d'
}
Notification received: 7b 22 74 79 70 65 22 3a 22 6f 74 61 22 2c 22 73 74 61 74 75 73 22 3a 22 70 72 6f 67 72 65 73 73 22 2c 22 72 65 63 65 69 76 65 64 22 3a 38 36 34 30 30 2c 22 74 6f 74 61 6c 22 3a 35 37 30 34 38 30 2c 22 70 65 72 63 65 6e 74 22 3a 31 35 7d
[Main -> Renderer] ble:characteristicValueChanged: {
  deviceId: '10b41dcd238d',
  serviceUuid: '4fafc201-1fb5-459e-8fcc-c5c9c331914d',
  characteristicUuid: 'beb5483e-36e1-4688-b7f5-ea07361b26c2',
  value: '7b 22 74 79 70 65 22 3a 22 6f 74 61 22 2c 22 73 74 61 74 75 73 22 3a 22 70 72 6f 67 72 65 73 73 22 2c 22 72 65 63 65 69 76 65 64 22 3a 38 36 34 30 30 2c 22 74 6f 74 61 6c 22 3a 35 37 30 34 38 30 2c 22 70 65 72 63 65 6e 74 22 3a 31 35 7d'
}
Notification received: 7b 22 74 79 70 65 22 3a 22 6f 74 61 22 2c 22 73 74 61 74 75 73 22 3a 22 70 72 6f 67 72 65 73 73 22 2c 22 72 65 63 65 69 76 65 64 22 3a 38 36 37 36 30 2c 22 74 6f 74 61 6c 22 3a 35 37 30 34 38 30 2c 22 70 65 72 63 65 6e 74 22 3a 31 35 7d
[Main -> Renderer] ble:characteristicValueChanged: {
  deviceId: '10b41dcd238d',
  serviceUuid: '4fafc201-1fb5-459e-8fcc-c5c9c331914d',
  characteristicUuid: 'beb5483e-36e1-4688-b7f5-ea07361b26c2',
  value: '7b 22 74 79 70 65 22 3a 22 6f 74 61 22 2c 22 73 74 61 74 75 73 22 3a 22 70 72 6f 67 72 65 73 73 22 2c 22 72 65 63 65 69 76 65 64 22 3a 38 36 37 36 30 2c 22 74 6f 74 61 6c 22 3a 35 37 30 34 38 30 2c 22 70 65 72 63 65 6e 74 22 3a 31 35 7d'
}
Notification received: 7b 22 74 79 70 65 22 3a 22 6f 74 61 22 2c 22 73 74 61 74 75 73 22 3a 22 70 72 6f 67 72 65 73 73 22 2c 22 72 65 63 65 69 76 65 64 22 3a 38 37 31 32 30 2c 22 74 6f 74 61 6c 22 3a 35 37 30 34 38 30 2c 22 70 65 72 63 65 6e 74 22 3a 31 35 7d
[Main -> Renderer] ble:characteristicValueChanged: {
  deviceId: '10b41dcd238d',
  serviceUuid: '4fafc201-1fb5-459e-8fcc-c5c9c331914d',
  characteristicUuid: 'beb5483e-36e1-4688-b7f5-ea07361b26c2',
  value: '7b 22 74 79 70 65 22 3a 22 6f 74 61 22 2c 22 73 74 61 74 75 73 22 3a 22 70 72 6f 67 72 65 73 73 22 2c 22 72 65 63 65 69 76 65 64 22 3a 38 37 31 32 30 2c 22 74 6f 74 61 6c 22 3a 35 37 30 34 38 30 2c 22 70 65 72 63 65 6e 74 22 3a 31 35 7d'
}
Notification received: 7b 22 74 79 70 65 22 3a 22 6f 74 61 22 2c 22 73 74 61 74 75 73 22 3a 22 70 72 6f 67 72 65 73 73 22 2c 22 72 65 63 65 69 76 65 64 22 3a 38 37 36 36 30 2c 22 74 6f 74 61 6c 22 3a 35 37 30 34 38 30 2c 22 70 65 72 63 65 6e 74 22 3a 31 35 7d
[Main -> Renderer] ble:characteristicValueChanged: {
  deviceId: '10b41dcd238d',
  serviceUuid: '4fafc201-1fb5-459e-8fcc-c5c9c331914d',
  characteristicUuid: 'beb5483e-36e1-4688-b7f5-ea07361b26c2',
  value: '7b 22 74 79 70 65 22 3a 22 6f 74 61 22 2c 22 73 74 61 74 75 73 22 3a 22 70 72 6f 67 72 65 73 73 22 2c 22 72 65 63 65 69 76 65 64 22 3a 38 37 36 36 30 2c 22 74 6f 74 61 6c 22 3a 35 37 30 34 38 30 2c 22 70 65 72 63 65 6e 74 22 3a 31 35 7d'
}
Notification received: 7b 22 74 79 70 65 22 3a 22 6f 74 61 22 2c 22 73 74 61 74 75 73 22 3a 22 70 72 6f 67 72 65 73 73 22 2c 22 72 65 63 65 69 76 65 64 22 3a 38 38 32 30 30 2c 22 74 6f 74 61 6c 22 3a 35 37 30 34 38 30 2c 22 70 65 72 63 65 6e 74 22 3a 31 35 7d
[Main -> Renderer] ble:characteristicValueChanged: {
  deviceId: '10b41dcd238d',
  serviceUuid: '4fafc201-1fb5-459e-8fcc-c5c9c331914d',
  characteristicUuid: 'beb5483e-36e1-4688-b7f5-ea07361b26c2',
  value: '7b 22 74 79 70 65 22 3a 22 6f 74 61 22 2c 22 73 74 61 74 75 73 22 3a 22 70 72 6f 67 72 65 73 73 22 2c 22 72 65 63 65 69 76 65 64 22 3a 38 38 32 30 30 2c 22 74 6f 74 61 6c 22 3a 35 37 30 34 38 30 2c 22 70 65 72 63 65 6e 74 22 3a 31 35 7d'
}
Notification received: 7b 22 74 79 70 65 22 3a 22 6f 74 61 22 2c 22 73 74 61 74 75 73 22 3a 22 70 72 6f 67 72 65 73 73 22 2c 22 72 65 63 65 69 76 65 64 22 3a 38 38 37 34 30 2c 22 74 6f 74 61 6c 22 3a 35 37 30 34 38 30 2c 22 70 65 72 63 65 6e 74 22 3a 31 35 7d
[Main -> Renderer] ble:characteristicValueChanged: {
  deviceId: '10b41dcd238d',
  serviceUuid: '4fafc201-1fb5-459e-8fcc-c5c9c331914d',
  characteristicUuid: 'beb5483e-36e1-4688-b7f5-ea07361b26c2',
  value: '7b 22 74 79 70 65 22 3a 22 6f 74 61 22 2c 22 73 74 61 74 75 73 22 3a 22 70 72 6f 67 72 65 73 73 22 2c 22 72 65 63 65 69 76 65 64 22 3a 38 38 37 34 30 2c 22 74 6f 74 61 6c 22 3a 35 37 30 34 38 30 2c 22 70 65 72 63 65 6e 74 22 3a 31 35 7d'
}
Notification received: 7b 22 74 79 70 65 22 3a 22 6f 74 61 22 2c 22 73 74 61 74 75 73 22 3a 22 70 72 6f 67 72 65 73 73 22 2c 22 72 65 63 65 69 76 65 64 22 3a 38 39 31 30 30 2c 22 74 6f 74 61 6c 22 3a 35 37 30 34 38 30 2c 22 70 65 72 63 65 6e 74 22 3a 31 35 7d
[Main -> Renderer] ble:characteristicValueChanged: {
  deviceId: '10b41dcd238d',
  serviceUuid: '4fafc201-1fb5-459e-8fcc-c5c9c331914d',
  characteristicUuid: 'beb5483e-36e1-4688-b7f5-ea07361b26c2',
  value: '7b 22 74 79 70 65 22 3a 22 6f 74 61 22 2c 22 73 74 61 74 75 73 22 3a 22 70 72 6f 67 72 65 73 73 22 2c 22 72 65 63 65 69 76 65 64 22 3a 38 39 31 30 30 2c 22 74 6f 74 61 6c 22 3a 35 37 30 34 38 30 2c 22 70 65 72 63 65 6e 74 22 3a 31 35 7d'
}
Notification received: 7b 22 74 79 70 65 22 3a 22 6f 74 61 22 2c 22 73 74 61 74 75 73 22 3a 22 70 72 6f 67 72 65 73 73 22 2c 22 72 65 63 65 69 76 65 64 22 3a 38 39 36 34 30 2c 22 74 6f 74 61 6c 22 3a 35 37 30 34 38 30 2c 22 70 65 72 63 65 6e 74 22 3a 31 35 7d
[Main -> Renderer] ble:characteristicValueChanged: {
  deviceId: '10b41dcd238d',
  serviceUuid: '4fafc201-1fb5-459e-8fcc-c5c9c331914d',
  characteristicUuid: 'beb5483e-36e1-4688-b7f5-ea07361b26c2',
  value: '7b 22 74 79 70 65 22 3a 22 6f 74 61 22 2c 22 73 74 61 74 75 73 22 3a 22 70 72 6f 67 72 65 73 73 22 2c 22 72 65 63 65 69 76 65 64 22 3a 38 39 36 34 30 2c 22 74 6f 74 61 6c 22 3a 35 37 30 34 38 30 2c 22 70 65 72 63 65 6e 74 22 3a 31 35 7d'
}
Notification received: 7b 22 74 79 70 65 22 3a 22 6f 74 61 22 2c 22 73 74 61 74 75 73 22 3a 22 70 72 6f 67 72 65 73 73 22 2c 22 72 65 63 65 69 76 65 64 22 3a 39 30 31 38 30 2c 22 74 6f 74 61 6c 22 3a 35 37 30 34 38 30 2c 22 70 65 72 63 65 6e 74 22 3a 31 35 7d
[Main -> Renderer] ble:characteristicValueChanged: {
  deviceId: '10b41dcd238d',
  serviceUuid: '4fafc201-1fb5-459e-8fcc-c5c9c331914d',
  characteristicUuid: 'beb5483e-36e1-4688-b7f5-ea07361b26c2',
  value: '7b 22 74 79 70 65 22 3a 22 6f 74 61 22 2c 22 73 74 61 74 75 73 22 3a 22 70 72 6f 67 72 65 73 73 22 2c 22 72 65 63 65 69 76 65 64 22 3a 39 30 31 38 30 2c 22 74 6f 74 61 6c 22 3a 35 37 30 34 38 30 2c 22 70 65 72 63 65 6e 74 22 3a 31 35 7d'
}
Notification received: 7b 22 74 79 70 65 22 3a 22 6f 74 61 22 2c 22 73 74 61 74 75 73 22 3a 22 70 72 6f 67 72 65 73 73 22 2c 22 72 65 63 65 69 76 65 64 22 3a 39 30 37 32 30 2c 22 74 6f 74 61 6c 22 3a 35 37 30 34 38 30 2c 22 70 65 72 63 65 6e 74 22 3a 31 35 7d
[Main -> Renderer] ble:characteristicValueChanged: {
  deviceId: '10b41dcd238d',
  serviceUuid: '4fafc201-1fb5-459e-8fcc-c5c9c331914d',
  characteristicUuid: 'beb5483e-36e1-4688-b7f5-ea07361b26c2',
  value: '7b 22 74 79 70 65 22 3a 22 6f 74 61 22 2c 22 73 74 61 74 75 73 22 3a 22 70 72 6f 67 72 65 73 73 22 2c 22 72 65 63 65 69 76 65 64 22 3a 39 30 37 32 30 2c 22 74 6f 74 61 6c 22 3a 35 37 30 34 38 30 2c 22 70 65 72 63 65 6e 74 22 3a 31 35 7d'
}
Notification received: 7b 22 74 79 70 65 22 3a 22 6f 74 61 22 2c 22 73 74 61 74 75 73 22 3a 22 70 72 6f 67 72 65 73 73 22 2c 22 72 65 63 65 69 76 65 64 22 3a 39 31 32 36 30 2c 22 74 6f 74 61 6c 22 3a 35 37 30 34 38 30 2c 22 70 65 72 63 65 6e 74 22 3a 31 35 7d
[Main -> Renderer] ble:characteristicValueChanged: {
  deviceId: '10b41dcd238d',
  serviceUuid: '4fafc201-1fb5-459e-8fcc-c5c9c331914d',
  characteristicUuid: 'beb5483e-36e1-4688-b7f5-ea07361b26c2',
  value: '7b 22 74 79 70 65 22 3a 22 6f 74 61 22 2c 22 73 74 61 74 75 73 22 3a 22 70 72 6f 67 72 65 73 73 22 2c 22 72 65 63 65 69 76 65 64 22 3a 39 31 32 36 30 2c 22 74 6f 74 61 6c 22 3a 35 37 30 34 38 30 2c 22 70 65 72 63 65 6e 74 22 3a 31 35 7d'
}
Notification received: 7b 22 74 79 70 65 22 3a 22 6f 74 61 22 2c 22 73 74 61 74 75 73 22 3a 22 70 72 6f 67 72 65 73 73 22 2c 22 72 65 63 65 69 76 65 64 22 3a 39 31 38 30 30 2c 22 74 6f 74 61 6c 22 3a 35 37 30 34 38 30 2c 22 70 65 72 63 65 6e 74 22 3a 31 36 7d
[Main -> Renderer] ble:characteristicValueChanged: {
  deviceId: '10b41dcd238d',
  serviceUuid: '4fafc201-1fb5-459e-8fcc-c5c9c331914d',
  characteristicUuid: 'beb5483e-36e1-4688-b7f5-ea07361b26c2',
  value: '7b 22 74 79 70 65 22 3a 22 6f 74 61 22 2c 22 73 74 61 74 75 73 22 3a 22 70 72 6f 67 72 65 73 73 22 2c 22 72 65 63 65 69 76 65 64 22 3a 39 31 38 30 30 2c 22 74 6f 74 61 6c 22 3a 35 37 30 34 38 30 2c 22 70 65 72 63 65 6e 74 22 3a 31 36 7d'
}
Notification received: 7b 22 74 79 70 65 22 3a 22 6f 74 61 22 2c 22 73 74 61 74 75 73 22 3a 22 70 72 6f 67 72 65 73 73 22 2c 22 72 65 63 65 69 76 65 64 22 3a 39 32 33 34 30 2c 22 74 6f 74 61 6c 22 3a 35 37 30 34 38 30 2c 22 70 65 72 63 65 6e 74 22 3a 31 36 7d
[Main -> Renderer] ble:characteristicValueChanged: {
  deviceId: '10b41dcd238d',
  serviceUuid: '4fafc201-1fb5-459e-8fcc-c5c9c331914d',
  characteristicUuid: 'beb5483e-36e1-4688-b7f5-ea07361b26c2',
  value: '7b 22 74 79 70 65 22 3a 22 6f 74 61 22 2c 22 73 74 61 74 75 73 22 3a 22 70 72 6f 67 72 65 73 73 22 2c 22 72 65 63 65 69 76 65 64 22 3a 39 32 33 34 30 2c 22 74 6f 74 61 6c 22 3a 35 37 30 34 38 30 2c 22 70 65 72 63 65 6e 74 22 3a 31 36 7d'
}
Notification received: 7b 22 74 79 70 65 22 3a 22 6f 74 61 22 2c 22 73 74 61 74 75 73 22 3a 22 70 72 6f 67 72 65 73 73 22 2c 22 72 65 63 65 69 76 65 64 22 3a 39 32 38 38 30 2c 22 74 6f 74 61 6c 22 3a 35 37 30 34 38 30 2c 22 70 65 72 63 65 6e 74 22 3a 31 36 7d
[Main -> Renderer] ble:characteristicValueChanged: {
  deviceId: '10b41dcd238d',
  serviceUuid: '4fafc201-1fb5-459e-8fcc-c5c9c331914d',
  characteristicUuid: 'beb5483e-36e1-4688-b7f5-ea07361b26c2',
  value: '7b 22 74 79 70 65 22 3a 22 6f 74 61 22 2c 22 73 74 61 74 75 73 22 3a 22 70 72 6f 67 72 65 73 73 22 2c 22 72 65 63 65 69 76 65 64 22 3a 39 32 38 38 30 2c 22 74 6f 74 61 6c 22 3a 35 37 30 34 38 30 2c 22 70 65 72 63 65 6e 74 22 3a 31 36 7d'
}
Notification received: 7b 22 74 79 70 65 22 3a 22 6f 74 61 22 2c 22 73 74 61 74 75 73 22 3a 22 70 72 6f 67 72 65 73 73 22 2c 22 72 65 63 65 69 76 65 64 22 3a 39 33 34 32 30 2c 22 74 6f 74 61 6c 22 3a 35 37 30 34 38 30 2c 22 70 65 72 63 65 6e 74 22 3a 31 36 7d
[Main -> Renderer] ble:characteristicValueChanged: {
  deviceId: '10b41dcd238d',
  serviceUuid: '4fafc201-1fb5-459e-8fcc-c5c9c331914d',
  characteristicUuid: 'beb5483e-36e1-4688-b7f5-ea07361b26c2',
  value: '7b 22 74 79 70 65 22 3a 22 6f 74 61 22 2c 22 73 74 61 74 75 73 22 3a 22 70 72 6f 67 72 65 73 73 22 2c 22 72 65 63 65 69 76 65 64 22 3a 39 33 34 32 30 2c 22 74 6f 74 61 6c 22 3a 35 37 30 34 38 30 2c 22 70 65 72 63 65 6e 74 22 3a 31 36 7d'
}
Notification received: 7b 22 74 79 70 65 22 3a 22 6f 74 61 22 2c 22 73 74 61 74 75 73 22 3a 22 70 72 6f 67 72 65 73 73 22 2c 22 72 65 63 65 69 76 65 64 22 3a 39 33 39 36 30 2c 22 74 6f 74 61 6c 22 3a 35 37 30 34 38 30 2c 22 70 65 72 63 65 6e 74 22 3a 31 36 7d
[Main -> Renderer] ble:characteristicValueChanged: {
  deviceId: '10b41dcd238d',
  serviceUuid: '4fafc201-1fb5-459e-8fcc-c5c9c331914d',
  characteristicUuid: 'beb5483e-36e1-4688-b7f5-ea07361b26c2',
  value: '7b 22 74 79 70 65 22 3a 22 6f 74 61 22 2c 22 73 74 61 74 75 73 22 3a 22 70 72 6f 67 72 65 73 73 22 2c 22 72 65 63 65 69 76 65 64 22 3a 39 33 39 36 30 2c 22 74 6f 74 61 6c 22 3a 35 37 30 34 38 30 2c 22 70 65 72 63 65 6e 74 22 3a 31 36 7d'
}
Notification received: 7b 22 74 79 70 65 22 3a 22 6f 74 61 22 2c 22 73 74 61 74 75 73 22 3a 22 70 72 6f 67 72 65 73 73 22 2c 22 72 65 63 65 69 76 65 64 22 3a 39 34 35 30 30 2c 22 74 6f 74 61 6c 22 3a 35 37 30 34 38 30 2c 22 70 65 72 63 65 6e 74 22 3a 31 36 7d
[Main -> Renderer] ble:characteristicValueChanged: {
  deviceId: '10b41dcd238d',
  serviceUuid: '4fafc201-1fb5-459e-8fcc-c5c9c331914d',
  characteristicUuid: 'beb5483e-36e1-4688-b7f5-ea07361b26c2',
  value: '7b 22 74 79 70 65 22 3a 22 6f 74 61 22 2c 22 73 74 61 74 75 73 22 3a 22 70 72 6f 67 72 65 73 73 22 2c 22 72 65 63 65 69 76 65 64 22 3a 39 34 35 30 30 2c 22 74 6f 74 61 6c 22 3a 35 37 30 34 38 30 2c 22 70 65 72 63 65 6e 74 22 3a 31 36 7d'
}
Notification received: 7b 22 74 79 70 65 22 3a 22 6f 74 61 22 2c 22 73 74 61 74 75 73 22 3a 22 70 72 6f 67 72 65 73 73 22 2c 22 72 65 63 65 69 76 65 64 22 3a 39 35 30 34 30 2c 22 74 6f 74 61 6c 22 3a 35 37 30 34 38 30 2c 22 70 65 72 63 65 6e 74 22 3a 31 36 7d
[Main -> Renderer] ble:characteristicValueChanged: {
  deviceId: '10b41dcd238d',
  serviceUuid: '4fafc201-1fb5-459e-8fcc-c5c9c331914d',
  characteristicUuid: 'beb5483e-36e1-4688-b7f5-ea07361b26c2',
  value: '7b 22 74 79 70 65 22 3a 22 6f 74 61 22 2c 22 73 74 61 74 75 73 22 3a 22 70 72 6f 67 72 65 73 73 22 2c 22 72 65 63 65 69 76 65 64 22 3a 39 35 30 34 30 2c 22 74 6f 74 61 6c 22 3a 35 37 30 34 38 30 2c 22 70 65 72 63 65 6e 74 22 3a 31 36 7d'
}
Notification received: 7b 22 74 79 70 65 22 3a 22 6f 74 61 22 2c 22 73 74 61 74 75 73 22 3a 22 70 72 6f 67 72 65 73 73 22 2c 22 72 65 63 65 69 76 65 64 22 3a 39 35 35 38 30 2c 22 74 6f 74 61 6c 22 3a 35 37 30 34 38 30 2c 22 70 65 72 63 65 6e 74 22 3a 31 36 7d
[Main -> Renderer] ble:characteristicValueChanged: {
  deviceId: '10b41dcd238d',
  serviceUuid: '4fafc201-1fb5-459e-8fcc-c5c9c331914d',
  characteristicUuid: 'beb5483e-36e1-4688-b7f5-ea07361b26c2',
  value: '7b 22 74 79 70 65 22 3a 22 6f 74 61 22 2c 22 73 74 61 74 75 73 22 3a 22 70 72 6f 67 72 65 73 73 22 2c 22 72 65 63 65 69 76 65 64 22 3a 39 35 35 38 30 2c 22 74 6f 74 61 6c 22 3a 35 37 30 34 38 30 2c 22 70 65 72 63 65 6e 74 22 3a 31 36 7d'
}
Notification received: 7b 22 74 79 70 65 22 3a 22 6f 74 61 22 2c 22 73 74 61 74 75 73 22 3a 22 70 72 6f 67 72 65 73 73 22 2c 22 72 65 63 65 69 76 65 64 22 3a 39 36 31 32 30 2c 22 74 6f 74 61 6c 22 3a 35 37 30 34 38 30 2c 22 70 65 72 63 65 6e 74 22 3a 31 36 7d
[Main -> Renderer] ble:characteristicValueChanged: {
  deviceId: '10b41dcd238d',
  serviceUuid: '4fafc201-1fb5-459e-8fcc-c5c9c331914d',
  characteristicUuid: 'beb5483e-36e1-4688-b7f5-ea07361b26c2',
  value: '7b 22 74 79 70 65 22 3a 22 6f 74 61 22 2c 22 73 74 61 74 75 73 22 3a 22 70 72 6f 67 72 65 73 73 22 2c 22 72 65 63 65 69 76 65 64 22 3a 39 36 31 32 30 2c 22 74 6f 74 61 6c 22 3a 35 37 30 34 38 30 2c 22 70 65 72 63 65 6e 74 22 3a 31 36 7d'
}
Notification received: 7b 22 74 79 70 65 22 3a 22 6f 74 61 22 2c 22 73 74 61 74 75 73 22 3a 22 70 72 6f 67 72 65 73 73 22 2c 22 72 65 63 65 69 76 65 64 22 3a 39 36 34 38 30 2c 22 74 6f 74 61 6c 22 3a 35 37 30 34 38 30 2c 22 70 65 72 63 65 6e 74 22 3a 31 36 7d
[Main -> Renderer] ble:characteristicValueChanged: {
  deviceId: '10b41dcd238d',
  serviceUuid: '4fafc201-1fb5-459e-8fcc-c5c9c331914d',
  characteristicUuid: 'beb5483e-36e1-4688-b7f5-ea07361b26c2',
  value: '7b 22 74 79 70 65 22 3a 22 6f 74 61 22 2c 22 73 74 61 74 75 73 22 3a 22 70 72 6f 67 72 65 73 73 22 2c 22 72 65 63 65 69 76 65 64 22 3a 39 36 34 38 30 2c 22 74 6f 74 61 6c 22 3a 35 37 30 34 38 30 2c 22 70 65 72 63 65 6e 74 22 3a 31 36 7d'
}
Notification received: 7b 22 74 79 70 65 22 3a 22 6f 74 61 22 2c 22 73 74 61 74 75 73 22 3a 22 70 72 6f 67 72 65 73 73 22 2c 22 72 65 63 65 69 76 65 64 22 3a 39 36 38 34 30 2c 22 74 6f 74 61 6c 22 3a 35 37 30 34 38 30 2c 22 70 65 72 63 65 6e 74 22 3a 31 36 7d
[Main -> Renderer] ble:characteristicValueChanged: {
  deviceId: '10b41dcd238d',
  serviceUuid: '4fafc201-1fb5-459e-8fcc-c5c9c331914d',
  characteristicUuid: 'beb5483e-36e1-4688-b7f5-ea07361b26c2',
  value: '7b 22 74 79 70 65 22 3a 22 6f 74 61 22 2c 22 73 74 61 74 75 73 22 3a 22 70 72 6f 67 72 65 73 73 22 2c 22 72 65 63 65 69 76 65 64 22 3a 39 36 38 34 30 2c 22 74 6f 74 61 6c 22 3a 35 37 30 34 38 30 2c 22 70 65 72 63 65 6e 74 22 3a 31 36 7d'
}
Notification received: 7b 22 74 79 70 65 22 3a 22 6f 74 61 22 2c 22 73 74 61 74 75 73 22 3a 22 70 72 6f 67 72 65 73 73 22 2c 22 72 65 63 65 69 76 65 64 22 3a 39 37 32 30 30 2c 22 74 6f 74 61 6c 22 3a 35 37 30 34 38 30 2c 22 70 65 72 63 65 6e 74 22 3a 31 37 7d
[Main -> Renderer] ble:characteristicValueChanged: {
  deviceId: '10b41dcd238d',
  serviceUuid: '4fafc201-1fb5-459e-8fcc-c5c9c331914d',
  characteristicUuid: 'beb5483e-36e1-4688-b7f5-ea07361b26c2',
  value: '7b 22 74 79 70 65 22 3a 22 6f 74 61 22 2c 22 73 74 61 74 75 73 22 3a 22 70 72 6f 67 72 65 73 73 22 2c 22 72 65 63 65 69 76 65 64 22 3a 39 37 32 30 30 2c 22 74 6f 74 61 6c 22 3a 35 37 30 34 38 30 2c 22 70 65 72 63 65 6e 74 22 3a 31 37 7d'
}
Notification received: 7b 22 74 79 70 65 22 3a 22 6f 74 61 22 2c 22 73 74 61 74 75 73 22 3a 22 70 72 6f 67 72 65 73 73 22 2c 22 72 65 63 65 69 76 65 64 22 3a 39 37 35 36 30 2c 22 74 6f 74 61 6c 22 3a 35 37 30 34 38 30 2c 22 70 65 72 63 65 6e 74 22 3a 31 37 7d
[Main -> Renderer] ble:characteristicValueChanged: {
  deviceId: '10b41dcd238d',
  serviceUuid: '4fafc201-1fb5-459e-8fcc-c5c9c331914d',
  characteristicUuid: 'beb5483e-36e1-4688-b7f5-ea07361b26c2',
  value: '7b 22 74 79 70 65 22 3a 22 6f 74 61 22 2c 22 73 74 61 74 75 73 22 3a 22 70 72 6f 67 72 65 73 73 22 2c 22 72 65 63 65 69 76 65 64 22 3a 39 37 35 36 30 2c 22 74 6f 74 61 6c 22 3a 35 37 30 34 38 30 2c 22 70 65 72 63 65 6e 74 22 3a 31 37 7d'
}
Notification received: 7b 22 74 79 70 65 22 3a 22 6f 74 61 22 2c 22 73 74 61 74 75 73 22 3a 22 70 72 6f 67 72 65 73 73 22 2c 22 72 65 63 65 69 76 65 64 22 3a 39 37 39 32 30 2c 22 74 6f 74 61 6c 22 3a 35 37 30 34 38 30 2c 22 70 65 72 63 65 6e 74 22 3a 31 37 7d
[Main -> Renderer] ble:characteristicValueChanged: {
  deviceId: '10b41dcd238d',
  serviceUuid: '4fafc201-1fb5-459e-8fcc-c5c9c331914d',
  characteristicUuid: 'beb5483e-36e1-4688-b7f5-ea07361b26c2',
  value: '7b 22 74 79 70 65 22 3a 22 6f 74 61 22 2c 22 73 74 61 74 75 73 22 3a 22 70 72 6f 67 72 65 73 73 22 2c 22 72 65 63 65 69 76 65 64 22 3a 39 37 39 32 30 2c 22 74 6f 74 61 6c 22 3a 35 37 30 34 38 30 2c 22 70 65 72 63 65 6e 74 22 3a 31 37 7d'
}
Notification received: 7b 22 74 79 70 65 22 3a 22 6f 74 61 22 2c 22 73 74 61 74 75 73 22 3a 22 70 72 6f 67 72 65 73 73 22 2c 22 72 65 63 65 69 76 65 64 22 3a 39 38 32 38 30 2c 22 74 6f 74 61 6c 22 3a 35 37 30 34 38 30 2c 22 70 65 72 63 65 6e 74 22 3a 31 37 7d
[Main -> Renderer] ble:characteristicValueChanged: {
  deviceId: '10b41dcd238d',
  serviceUuid: '4fafc201-1fb5-459e-8fcc-c5c9c331914d',
  characteristicUuid: 'beb5483e-36e1-4688-b7f5-ea07361b26c2',
  value: '7b 22 74 79 70 65 22 3a 22 6f 74 61 22 2c 22 73 74 61 74 75 73 22 3a 22 70 72 6f 67 72 65 73 73 22 2c 22 72 65 63 65 69 76 65 64 22 3a 39 38 32 38 30 2c 22 74 6f 74 61 6c 22 3a 35 37 30 34 38 30 2c 22 70 65 72 63 65 6e 74 22 3a 31 37 7d'
}
Notification received: 7b 22 74 79 70 65 22 3a 22 6f 74 61 22 2c 22 73 74 61 74 75 73 22 3a 22 70 72 6f 67 72 65 73 73 22 2c 22 72 65 63 65 69 76 65 64 22 3a 39 38 38 32 30 2c 22 74 6f 74 61 6c 22 3a 35 37 30 34 38 30 2c 22 70 65 72 63 65 6e 74 22 3a 31 37 7d
[Main -> Renderer] ble:characteristicValueChanged: {
  deviceId: '10b41dcd238d',
  serviceUuid: '4fafc201-1fb5-459e-8fcc-c5c9c331914d',
  characteristicUuid: 'beb5483e-36e1-4688-b7f5-ea07361b26c2',
  value: '7b 22 74 79 70 65 22 3a 22 6f 74 61 22 2c 22 73 74 61 74 75 73 22 3a 22 70 72 6f 67 72 65 73 73 22 2c 22 72 65 63 65 69 76 65 64 22 3a 39 38 38 32 30 2c 22 74 6f 74 61 6c 22 3a 35 37 30 34 38 30 2c 22 70 65 72 63 65 6e 74 22 3a 31 37 7d'
}
Notification received: 7b 22 74 79 70 65 22 3a 22 6f 74 61 22 2c 22 73 74 61 74 75 73 22 3a 22 70 72 6f 67 72 65 73 73 22 2c 22 72 65 63 65 69 76 65 64 22 3a 39 39 31 38 30 2c 22 74 6f 74 61 6c 22 3a 35 37 30 34 38 30 2c 22 70 65 72 63 65 6e 74 22 3a 31 37 7d
[Main -> Renderer] ble:characteristicValueChanged: {
  deviceId: '10b41dcd238d',
  serviceUuid: '4fafc201-1fb5-459e-8fcc-c5c9c331914d',
  characteristicUuid: 'beb5483e-36e1-4688-b7f5-ea07361b26c2',
  value: '7b 22 74 79 70 65 22 3a 22 6f 74 61 22 2c 22 73 74 61 74 75 73 22 3a 22 70 72 6f 67 72 65 73 73 22 2c 22 72 65 63 65 69 76 65 64 22 3a 39 39 31 38 30 2c 22 74 6f 74 61 6c 22 3a 35 37 30 34 38 30 2c 22 70 65 72 63 65 6e 74 22 3a 31 37 7d'
}
Notification received: 7b 22 74 79 70 65 22 3a 22 6f 74 61 22 2c 22 73 74 61 74 75 73 22 3a 22 70 72 6f 67 72 65 73 73 22 2c 22 72 65 63 65 69 76 65 64 22 3a 39 39 35 34 30 2c 22 74 6f 74 61 6c 22 3a 35 37 30 34 38 30 2c 22 70 65 72 63 65 6e 74 22 3a 31 37 7d
[Main -> Renderer] ble:characteristicValueChanged: {
  deviceId: '10b41dcd238d',
  serviceUuid: '4fafc201-1fb5-459e-8fcc-c5c9c331914d',
  characteristicUuid: 'beb5483e-36e1-4688-b7f5-ea07361b26c2',
  value: '7b 22 74 79 70 65 22 3a 22 6f 74 61 22 2c 22 73 74 61 74 75 73 22 3a 22 70 72 6f 67 72 65 73 73 22 2c 22 72 65 63 65 69 76 65 64 22 3a 39 39 35 34 30 2c 22 74 6f 74 61 6c 22 3a 35 37 30 34 38 30 2c 22 70 65 72 63 65 6e 74 22 3a 31 37 7d'
}
Notification received: 7b 22 74 79 70 65 22 3a 22 6f 74 61 22 2c 22 73 74 61 74 75 73 22 3a 22 70 72 6f 67 72 65 73 73 22 2c 22 72 65 63 65 69 76 65 64 22 3a 39 39 39 30 30 2c 22 74 6f 74 61 6c 22 3a 35 37 30 34 38 30 2c 22 70 65 72 63 65 6e 74 22 3a 31 37 7d
[Main -> Renderer] ble:characteristicValueChanged: {
  deviceId: '10b41dcd238d',
  serviceUuid: '4fafc201-1fb5-459e-8fcc-c5c9c331914d',
  characteristicUuid: 'beb5483e-36e1-4688-b7f5-ea07361b26c2',
  value: '7b 22 74 79 70 65 22 3a 22 6f 74 61 22 2c 22 73 74 61 74 75 73 22 3a 22 70 72 6f 67 72 65 73 73 22 2c 22 72 65 63 65 69 76 65 64 22 3a 39 39 39 30 30 2c 22 74 6f 74 61 6c 22 3a 35 37 30 34 38 30 2c 22 70 65 72 63 65 6e 74 22 3a 31 37 7d'
}
Notification received: 7b 22 74 79 70 65 22 3a 22 6f 74 61 22 2c 22 73 74 61 74 75 73 22 3a 22 70 72 6f 67 72 65 73 73 22 2c 22 72 65 63 65 69 76 65 64 22 3a 31 30 30 32 36 30 2c 22 74 6f 74 61 6c 22 3a 35 37 30 34 38 30 2c 22 70 65 72 63 65 6e 74 22 3a 31 37 7d
[Main -> Renderer] ble:characteristicValueChanged: {
  deviceId: '10b41dcd238d',
  serviceUuid: '4fafc201-1fb5-459e-8fcc-c5c9c331914d',
  characteristicUuid: 'beb5483e-36e1-4688-b7f5-ea07361b26c2',
  value: '7b 22 74 79 70 65 22 3a 22 6f 74 61 22 2c 22 73 74 61 74 75 73 22 3a 22 70 72 6f 67 72 65 73 73 22 2c 22 72 65 63 65 69 76 65 64 22 3a 31 30 30 32 36 30 2c 22 74 6f 74 61 6c 22 3a 35 37 30 34 38 30 2c 22 70 65 72 63 65 6e 74 22 3a 31 37 7d'
}
Notification received: 7b 22 74 79 70 65 22 3a 22 6f 74 61 22 2c 22 73 74 61 74 75 73 22 3a 22 70 72 6f 67 72 65 73 73 22 2c 22 72 65 63 65 69 76 65 64 22 3a 31 30 30 36 32 30 2c 22 74 6f 74 61 6c 22 3a 35 37 30 34 38 30 2c 22 70 65 72 63 65 6e 74 22 3a 31 37 7d
[Main -> Renderer] ble:characteristicValueChanged: {
  deviceId: '10b41dcd238d',
  serviceUuid: '4fafc201-1fb5-459e-8fcc-c5c9c331914d',
  characteristicUuid: 'beb5483e-36e1-4688-b7f5-ea07361b26c2',
  value: '7b 22 74 79 70 65 22 3a 22 6f 74 61 22 2c 22 73 74 61 74 75 73 22 3a 22 70 72 6f 67 72 65 73 73 22 2c 22 72 65 63 65 69 76 65 64 22 3a 31 30 30 36 32 30 2c 22 74 6f 74 61 6c 22 3a 35 37 30 34 38 30 2c 22 70 65 72 63 65 6e 74 22 3a 31 37 7d'
}
Notification received: 7b 22 74 79 70 65 22 3a 22 6f 74 61 22 2c 22 73 74 61 74 75 73 22 3a 22 70 72 6f 67 72 65 73 73 22 2c 22 72 65 63 65 69 76 65 64 22 3a 31 30 30 39 38 30 2c 22 74 6f 74 61 6c 22 3a 35 37 30 34 38 30 2c 22 70 65 72 63 65 6e 74 22 3a 31 37 7d
[Main -> Renderer] ble:characteristicValueChanged: {
  deviceId: '10b41dcd238d',
  serviceUuid: '4fafc201-1fb5-459e-8fcc-c5c9c331914d',
  characteristicUuid: 'beb5483e-36e1-4688-b7f5-ea07361b26c2',
  value: '7b 22 74 79 70 65 22 3a 22 6f 74 61 22 2c 22 73 74 61 74 75 73 22 3a 22 70 72 6f 67 72 65 73 73 22 2c 22 72 65 63 65 69 76 65 64 22 3a 31 30 30 39 38 30 2c 22 74 6f 74 61 6c 22 3a 35 37 30 34 38 30 2c 22 70 65 72 63 65 6e 74 22 3a 31 37 7d'
}
Notification received: 7b 22 74 79 70 65 22 3a 22 6f 74 61 22 2c 22 73 74 61 74 75 73 22 3a 22 70 72 6f 67 72 65 73 73 22 2c 22 72 65 63 65 69 76 65 64 22 3a 31 30 31 35 32 30 2c 22 74 6f 74 61 6c 22 3a 35 37 30 34 38 30 2c 22 70 65 72 63 65 6e 74 22 3a 31 37 7d
[Main -> Renderer] ble:characteristicValueChanged: {
  deviceId: '10b41dcd238d',
  serviceUuid: '4fafc201-1fb5-459e-8fcc-c5c9c331914d',
  characteristicUuid: 'beb5483e-36e1-4688-b7f5-ea07361b26c2',
  value: '7b 22 74 79 70 65 22 3a 22 6f 74 61 22 2c 22 73 74 61 74 75 73 22 3a 22 70 72 6f 67 72 65 73 73 22 2c 22 72 65 63 65 69 76 65 64 22 3a 31 30 31 35 32 30 2c 22 74 6f 74 61 6c 22 3a 35 37 30 34 38 30 2c 22 70 65 72 63 65 6e 74 22 3a 31 37 7d'
}
Notification received: 7b 22 74 79 70 65 22 3a 22 6f 74 61 22 2c 22 73 74 61 74 75 73 22 3a 22 70 72 6f 67 72 65 73 73 22 2c 22 72 65 63 65 69 76 65 64 22 3a 31 30 32 30 36 30 2c 22 74 6f 74 61 6c 22 3a 35 37 30 34 38 30 2c 22 70 65 72 63 65 6e 74 22 3a 31 37 7d
[Main -> Renderer] ble:characteristicValueChanged: {
  deviceId: '10b41dcd238d',
  serviceUuid: '4fafc201-1fb5-459e-8fcc-c5c9c331914d',
  characteristicUuid: 'beb5483e-36e1-4688-b7f5-ea07361b26c2',
  value: '7b 22 74 79 70 65 22 3a 22 6f 74 61 22 2c 22 73 74 61 74 75 73 22 3a 22 70 72 6f 67 72 65 73 73 22 2c 22 72 65 63 65 69 76 65 64 22 3a 31 30 32 30 36 30 2c 22 74 6f 74 61 6c 22 3a 35 37 30 34 38 30 2c 22 70 65 72 63 65 6e 74 22 3a 31 37 7d'
}
Notification received: 7b 22 74 79 70 65 22 3a 22 6f 74 61 22 2c 22 73 74 61 74 75 73 22 3a 22 70 72 6f 67 72 65 73 73 22 2c 22 72 65 63 65 69 76 65 64 22 3a 31 30 32 36 30 30 2c 22 74 6f 74 61 6c 22 3a 35 37 30 34 38 30 2c 22 70 65 72 63 65 6e 74 22 3a 31 37 7d
[Main -> Renderer] ble:characteristicValueChanged: {
  deviceId: '10b41dcd238d',
  serviceUuid: '4fafc201-1fb5-459e-8fcc-c5c9c331914d',
  characteristicUuid: 'beb5483e-36e1-4688-b7f5-ea07361b26c2',
  value: '7b 22 74 79 70 65 22 3a 22 6f 74 61 22 2c 22 73 74 61 74 75 73 22 3a 22 70 72 6f 67 72 65 73 73 22 2c 22 72 65 63 65 69 76 65 64 22 3a 31 30 32 36 30 30 2c 22 74 6f 74 61 6c 22 3a 35 37 30 34 38 30 2c 22 70 65 72 63 65 6e 74 22 3a 31 37 7d'
}
Notification received: 7b 22 74 79 70 65 22 3a 22 6f 74 61 22 2c 22 73 74 61 74 75 73 22 3a 22 70 72 6f 67 72 65 73 73 22 2c 22 72 65 63 65 69 76 65 64 22 3a 31 30 33 31 34 30 2c 22 74 6f 74 61 6c 22 3a 35 37 30 34 38 30 2c 22 70 65 72 63 65 6e 74 22 3a 31 38 7d
[Main -> Renderer] ble:characteristicValueChanged: {
  deviceId: '10b41dcd238d',
  serviceUuid: '4fafc201-1fb5-459e-8fcc-c5c9c331914d',
  characteristicUuid: 'beb5483e-36e1-4688-b7f5-ea07361b26c2',
  value: '7b 22 74 79 70 65 22 3a 22 6f 74 61 22 2c 22 73 74 61 74 75 73 22 3a 22 70 72 6f 67 72 65 73 73 22 2c 22 72 65 63 65 69 76 65 64 22 3a 31 30 33 31 34 30 2c 22 74 6f 74 61 6c 22 3a 35 37 30 34 38 30 2c 22 70 65 72 63 65 6e 74 22 3a 31 38 7d'
}
Notification received: 7b 22 74 79 70 65 22 3a 22 6f 74 61 22 2c 22 73 74 61 74 75 73 22 3a 22 70 72 6f 67 72 65 73 73 22 2c 22 72 65 63 65 69 76 65 64 22 3a 31 30 33 36 38 30 2c 22 74 6f 74 61 6c 22 3a 35 37 30 34 38 30 2c 22 70 65 72 63 65 6e 74 22 3a 31 38 7d
[Main -> Renderer] ble:characteristicValueChanged: {
  deviceId: '10b41dcd238d',
  serviceUuid: '4fafc201-1fb5-459e-8fcc-c5c9c331914d',
  characteristicUuid: 'beb5483e-36e1-4688-b7f5-ea07361b26c2',
  value: '7b 22 74 79 70 65 22 3a 22 6f 74 61 22 2c 22 73 74 61 74 75 73 22 3a 22 70 72 6f 67 72 65 73 73 22 2c 22 72 65 63 65 69 76 65 64 22 3a 31 30 33 36 38 30 2c 22 74 6f 74 61 6c 22 3a 35 37 30 34 38 30 2c 22 70 65 72 63 65 6e 74 22 3a 31 38 7d'
}
Notification received: 7b 22 74 79 70 65 22 3a 22 6f 74 61 22 2c 22 73 74 61 74 75 73 22 3a 22 70 72 6f 67 72 65 73 73 22 2c 22 72 65 63 65 69 76 65 64 22 3a 31 30 34 32 32 30 2c 22 74 6f 74 61 6c 22 3a 35 37 30 34 38 30 2c 22 70 65 72 63 65 6e 74 22 3a 31 38 7d
[Main -> Renderer] ble:characteristicValueChanged: {
  deviceId: '10b41dcd238d',
  serviceUuid: '4fafc201-1fb5-459e-8fcc-c5c9c331914d',
  characteristicUuid: 'beb5483e-36e1-4688-b7f5-ea07361b26c2',
  value: '7b 22 74 79 70 65 22 3a 22 6f 74 61 22 2c 22 73 74 61 74 75 73 22 3a 22 70 72 6f 67 72 65 73 73 22 2c 22 72 65 63 65 69 76 65 64 22 3a 31 30 34 32 32 30 2c 22 74 6f 74 61 6c 22 3a 35 37 30 34 38 30 2c 22 70 65 72 63 65 6e 74 22 3a 31 38 7d'
}
Notification received: 7b 22 74 79 70 65 22 3a 22 6f 74 61 22 2c 22 73 74 61 74 75 73 22 3a 22 70 72 6f 67 72 65 73 73 22 2c 22 72 65 63 65 69 76 65 64 22 3a 31 30 34 37 36 30 2c 22 74 6f 74 61 6c 22 3a 35 37 30 34 38 30 2c 22 70 65 72 63 65 6e 74 22 3a 31 38 7d
[Main -> Renderer] ble:characteristicValueChanged: {
  deviceId: '10b41dcd238d',
  serviceUuid: '4fafc201-1fb5-459e-8fcc-c5c9c331914d',
  characteristicUuid: 'beb5483e-36e1-4688-b7f5-ea07361b26c2',
  value: '7b 22 74 79 70 65 22 3a 22 6f 74 61 22 2c 22 73 74 61 74 75 73 22 3a 22 70 72 6f 67 72 65 73 73 22 2c 22 72 65 63 65 69 76 65 64 22 3a 31 30 34 37 36 30 2c 22 74 6f 74 61 6c 22 3a 35 37 30 34 38 30 2c 22 70 65 72 63 65 6e 74 22 3a 31 38 7d'
}
Notification received: 7b 22 74 79 70 65 22 3a 22 6f 74 61 22 2c 22 73 74 61 74 75 73 22 3a 22 70 72 6f 67 72 65 73 73 22 2c 22 72 65 63 65 69 76 65 64 22 3a 31 30 35 31 32 30 2c 22 74 6f 74 61 6c 22 3a 35 37 30 34 38 30 2c 22 70 65 72 63 65 6e 74 22 3a 31 38 7d
[Main -> Renderer] ble:characteristicValueChanged: {
  deviceId: '10b41dcd238d',
  serviceUuid: '4fafc201-1fb5-459e-8fcc-c5c9c331914d',
  characteristicUuid: 'beb5483e-36e1-4688-b7f5-ea07361b26c2',
  value: '7b 22 74 79 70 65 22 3a 22 6f 74 61 22 2c 22 73 74 61 74 75 73 22 3a 22 70 72 6f 67 72 65 73 73 22 2c 22 72 65 63 65 69 76 65 64 22 3a 31 30 35 31 32 30 2c 22 74 6f 74 61 6c 22 3a 35 37 30 34 38 30 2c 22 70 65 72 63 65 6e 74 22 3a 31 38 7d'
}
Notification received: 7b 22 74 79 70 65 22 3a 22 6f 74 61 22 2c 22 73 74 61 74 75 73 22 3a 22 70 72 6f 67 72 65 73 73 22 2c 22 72 65 63 65 69 76 65 64 22 3a 31 30 35 36 36 30 2c 22 74 6f 74 61 6c 22 3a 35 37 30 34 38 30 2c 22 70 65 72 63 65 6e 74 22 3a 31 38 7d
[Main -> Renderer] ble:characteristicValueChanged: {
  deviceId: '10b41dcd238d',
  serviceUuid: '4fafc201-1fb5-459e-8fcc-c5c9c331914d',
  characteristicUuid: 'beb5483e-36e1-4688-b7f5-ea07361b26c2',
  value: '7b 22 74 79 70 65 22 3a 22 6f 74 61 22 2c 22 73 74 61 74 75 73 22 3a 22 70 72 6f 67 72 65 73 73 22 2c 22 72 65 63 65 69 76 65 64 22 3a 31 30 35 36 36 30 2c 22 74 6f 74 61 6c 22 3a 35 37 30 34 38 30 2c 22 70 65 72 63 65 6e 74 22 3a 31 38 7d'
}
Notification received: 7b 22 74 79 70 65 22 3a 22 6f 74 61 22 2c 22 73 74 61 74 75 73 22 3a 22 70 72 6f 67 72 65 73 73 22 2c 22 72 65 63 65 69 76 65 64 22 3a 31 30 36 32 30 30 2c 22 74 6f 74 61 6c 22 3a 35 37 30 34 38 30 2c 22 70 65 72 63 65 6e 74 22 3a 31 38 7d
[Main -> Renderer] ble:characteristicValueChanged: {
  deviceId: '10b41dcd238d',
  serviceUuid: '4fafc201-1fb5-459e-8fcc-c5c9c331914d',
  characteristicUuid: 'beb5483e-36e1-4688-b7f5-ea07361b26c2',
  value: '7b 22 74 79 70 65 22 3a 22 6f 74 61 22 2c 22 73 74 61 74 75 73 22 3a 22 70 72 6f 67 72 65 73 73 22 2c 22 72 65 63 65 69 76 65 64 22 3a 31 30 36 32 30 30 2c 22 74 6f 74 61 6c 22 3a 35 37 30 34 38 30 2c 22 70 65 72 63 65 6e 74 22 3a 31 38 7d'
}
Notification received: 7b 22 74 79 70 65 22 3a 22 6f 74 61 22 2c 22 73 74 61 74 75 73 22 3a 22 70 72 6f 67 72 65 73 73 22 2c 22 72 65 63 65 69 76 65 64 22 3a 31 30 36 35 36 30 2c 22 74 6f 74 61 6c 22 3a 35 37 30 34 38 30 2c 22 70 65 72 63 65 6e 74 22 3a 31 38 7d
[Main -> Renderer] ble:characteristicValueChanged: {
  deviceId: '10b41dcd238d',
  serviceUuid: '4fafc201-1fb5-459e-8fcc-c5c9c331914d',
  characteristicUuid: 'beb5483e-36e1-4688-b7f5-ea07361b26c2',
  value: '7b 22 74 79 70 65 22 3a 22 6f 74 61 22 2c 22 73 74 61 74 75 73 22 3a 22 70 72 6f 67 72 65 73 73 22 2c 22 72 65 63 65 69 76 65 64 22 3a 31 30 36 35 36 30 2c 22 74 6f 74 61 6c 22 3a 35 37 30 34 38 30 2c 22 70 65 72 63 65 6e 74 22 3a 31 38 7d'
}
Notification received: 7b 22 74 79 70 65 22 3a 22 6f 74 61 22 2c 22 73 74 61 74 75 73 22 3a 22 70 72 6f 67 72 65 73 73 22 2c 22 72 65 63 65 69 76 65 64 22 3a 31 30 37 31 30 30 2c 22 74 6f 74 61 6c 22 3a 35 37 30 34 38 30 2c 22 70 65 72 63 65 6e 74 22 3a 31 38 7d
[Main -> Renderer] ble:characteristicValueChanged: {
  deviceId: '10b41dcd238d',
  serviceUuid: '4fafc201-1fb5-459e-8fcc-c5c9c331914d',
  characteristicUuid: 'beb5483e-36e1-4688-b7f5-ea07361b26c2',
  value: '7b 22 74 79 70 65 22 3a 22 6f 74 61 22 2c 22 73 74 61 74 75 73 22 3a 22 70 72 6f 67 72 65 73 73 22 2c 22 72 65 63 65 69 76 65 64 22 3a 31 30 37 31 30 30 2c 22 74 6f 74 61 6c 22 3a 35 37 30 34 38 30 2c 22 70 65 72 63 65 6e 74 22 3a 31 38 7d'
}
Notification received: 7b 22 74 79 70 65 22 3a 22 6f 74 61 22 2c 22 73 74 61 74 75 73 22 3a 22 70 72 6f 67 72 65 73 73 22 2c 22 72 65 63 65 69 76 65 64 22 3a 31 30 37 34 36 30 2c 22 74 6f 74 61 6c 22 3a 35 37 30 34 38 30 2c 22 70 65 72 63 65 6e 74 22 3a 31 38 7d
[Main -> Renderer] ble:characteristicValueChanged: {
  deviceId: '10b41dcd238d',
  serviceUuid: '4fafc201-1fb5-459e-8fcc-c5c9c331914d',
  characteristicUuid: 'beb5483e-36e1-4688-b7f5-ea07361b26c2',
  value: '7b 22 74 79 70 65 22 3a 22 6f 74 61 22 2c 22 73 74 61 74 75 73 22 3a 22 70 72 6f 67 72 65 73 73 22 2c 22 72 65 63 65 69 76 65 64 22 3a 31 30 37 34 36 30 2c 22 74 6f 74 61 6c 22 3a 35 37 30 34 38 30 2c 22 70 65 72 63 65 6e 74 22 3a 31 38 7d'
}
Notification received: 7b 22 74 79 70 65 22 3a 22 6f 74 61 22 2c 22 73 74 61 74 75 73 22 3a 22 70 72 6f 67 72 65 73 73 22 2c 22 72 65 63 65 69 76 65 64 22 3a 31 30 38 30 30 30 2c 22 74 6f 74 61 6c 22 3a 35 37 30 34 38 30 2c 22 70 65 72 63 65 6e 74 22 3a 31 38 7d
[Main -> Renderer] ble:characteristicValueChanged: {
  deviceId: '10b41dcd238d',
  serviceUuid: '4fafc201-1fb5-459e-8fcc-c5c9c331914d',
  characteristicUuid: 'beb5483e-36e1-4688-b7f5-ea07361b26c2',
  value: '7b 22 74 79 70 65 22 3a 22 6f 74 61 22 2c 22 73 74 61 74 75 73 22 3a 22 70 72 6f 67 72 65 73 73 22 2c 22 72 65 63 65 69 76 65 64 22 3a 31 30 38 30 30 30 2c 22 74 6f 74 61 6c 22 3a 35 37 30 34 38 30 2c 22 70 65 72 63 65 6e 74 22 3a 31 38 7d'
}
Notification received: 7b 22 74 79 70 65 22 3a 22 6f 74 61 22 2c 22 73 74 61 74 75 73 22 3a 22 70 72 6f 67 72 65 73 73 22 2c 22 72 65 63 65 69 76 65 64 22 3a 31 30 38 35 34 30 2c 22 74 6f 74 61 6c 22 3a 35 37 30 34 38 30 2c 22 70 65 72 63 65 6e 74 22 3a 31 39 7d
[Main -> Renderer] ble:characteristicValueChanged: {
  deviceId: '10b41dcd238d',
  serviceUuid: '4fafc201-1fb5-459e-8fcc-c5c9c331914d',
  characteristicUuid: 'beb5483e-36e1-4688-b7f5-ea07361b26c2',
  value: '7b 22 74 79 70 65 22 3a 22 6f 74 61 22 2c 22 73 74 61 74 75 73 22 3a 22 70 72 6f 67 72 65 73 73 22 2c 22 72 65 63 65 69 76 65 64 22 3a 31 30 38 35 34 30 2c 22 74 6f 74 61 6c 22 3a 35 37 30 34 38 30 2c 22 70 65 72 63 65 6e 74 22 3a 31 39 7d'
}
Notification received: 7b 22 74 79 70 65 22 3a 22 6f 74 61 22 2c 22 73 74 61 74 75 73 22 3a 22 70 72 6f 67 72 65 73 73 22 2c 22 72 65 63 65 69 76 65 64 22 3a 31 30 38 39 30 30 2c 22 74 6f 74 61 6c 22 3a 35 37 30 34 38 30 2c 22 70 65 72 63 65 6e 74 22 3a 31 39 7d
[Main -> Renderer] ble:characteristicValueChanged: {
  deviceId: '10b41dcd238d',
  serviceUuid: '4fafc201-1fb5-459e-8fcc-c5c9c331914d',
  characteristicUuid: 'beb5483e-36e1-4688-b7f5-ea07361b26c2',
  value: '7b 22 74 79 70 65 22 3a 22 6f 74 61 22 2c 22 73 74 61 74 75 73 22 3a 22 70 72 6f 67 72 65 73 73 22 2c 22 72 65 63 65 69 76 65 64 22 3a 31 30 38 39 30 30 2c 22 74 6f 74 61 6c 22 3a 35 37 30 34 38 30 2c 22 70 65 72 63 65 6e 74 22 3a 31 39 7d'
}
Notification received: 7b 22 74 79 70 65 22 3a 22 6f 74 61 22 2c 22 73 74 61 74 75 73 22 3a 22 70 72 6f 67 72 65 73 73 22 2c 22 72 65 63 65 69 76 65 64 22 3a 31 30 39 34 34 30 2c 22 74 6f 74 61 6c 22 3a 35 37 30 34 38 30 2c 22 70 65 72 63 65 6e 74 22 3a 31 39 7d
[Main -> Renderer] ble:characteristicValueChanged: {
  deviceId: '10b41dcd238d',
  serviceUuid: '4fafc201-1fb5-459e-8fcc-c5c9c331914d',
  characteristicUuid: 'beb5483e-36e1-4688-b7f5-ea07361b26c2',
  value: '7b 22 74 79 70 65 22 3a 22 6f 74 61 22 2c 22 73 74 61 74 75 73 22 3a 22 70 72 6f 67 72 65 73 73 22 2c 22 72 65 63 65 69 76 65 64 22 3a 31 30 39 34 34 30 2c 22 74 6f 74 61 6c 22 3a 35 37 30 34 38 30 2c 22 70 65 72 63 65 6e 74 22 3a 31 39 7d'
}
Notification received: 7b 22 74 79 70 65 22 3a 22 6f 74 61 22 2c 22 73 74 61 74 75 73 22 3a 22 70 72 6f 67 72 65 73 73 22 2c 22 72 65 63 65 69 76 65 64 22 3a 31 30 39 39 38 30 2c 22 74 6f 74 61 6c 22 3a 35 37 30 34 38 30 2c 22 70 65 72 63 65 6e 74 22 3a 31 39 7d
[Main -> Renderer] ble:characteristicValueChanged: {
  deviceId: '10b41dcd238d',
  serviceUuid: '4fafc201-1fb5-459e-8fcc-c5c9c331914d',
  characteristicUuid: 'beb5483e-36e1-4688-b7f5-ea07361b26c2',
  value: '7b 22 74 79 70 65 22 3a 22 6f 74 61 22 2c 22 73 74 61 74 75 73 22 3a 22 70 72 6f 67 72 65 73 73 22 2c 22 72 65 63 65 69 76 65 64 22 3a 31 30 39 39 38 30 2c 22 74 6f 74 61 6c 22 3a 35 37 30 34 38 30 2c 22 70 65 72 63 65 6e 74 22 3a 31 39 7d'
}
Notification received: 7b 22 74 79 70 65 22 3a 22 6f 74 61 22 2c 22 73 74 61 74 75 73 22 3a 22 70 72 6f 67 72 65 73 73 22 2c 22 72 65 63 65 69 76 65 64 22 3a 31 31 30 35 32 30 2c 22 74 6f 74 61 6c 22 3a 35 37 30 34 38 30 2c 22 70 65 72 63 65 6e 74 22 3a 31 39 7d
[Main -> Renderer] ble:characteristicValueChanged: {
  deviceId: '10b41dcd238d',
  serviceUuid: '4fafc201-1fb5-459e-8fcc-c5c9c331914d',
  characteristicUuid: 'beb5483e-36e1-4688-b7f5-ea07361b26c2',
  value: '7b 22 74 79 70 65 22 3a 22 6f 74 61 22 2c 22 73 74 61 74 75 73 22 3a 22 70 72 6f 67 72 65 73 73 22 2c 22 72 65 63 65 69 76 65 64 22 3a 31 31 30 35 32 30 2c 22 74 6f 74 61 6c 22 3a 35 37 30 34 38 30 2c 22 70 65 72 63 65 6e 74 22 3a 31 39 7d'
}
Notification received: 7b 22 74 79 70 65 22 3a 22 6f 74 61 22 2c 22 73 74 61 74 75 73 22 3a 22 70 72 6f 67 72 65 73 73 22 2c 22 72 65 63 65 69 76 65 64 22 3a 31 31 31 30 36 30 2c 22 74 6f 74 61 6c 22 3a 35 37 30 34 38 30 2c 22 70 65 72 63 65 6e 74 22 3a 31 39 7d
[Main -> Renderer] ble:characteristicValueChanged: {
  deviceId: '10b41dcd238d',
  serviceUuid: '4fafc201-1fb5-459e-8fcc-c5c9c331914d',
  characteristicUuid: 'beb5483e-36e1-4688-b7f5-ea07361b26c2',
  value: '7b 22 74 79 70 65 22 3a 22 6f 74 61 22 2c 22 73 74 61 74 75 73 22 3a 22 70 72 6f 67 72 65 73 73 22 2c 22 72 65 63 65 69 76 65 64 22 3a 31 31 31 30 36 30 2c 22 74 6f 74 61 6c 22 3a 35 37 30 34 38 30 2c 22 70 65 72 63 65 6e 74 22 3a 31 39 7d'
}
Notification received: 7b 22 74 79 70 65 22 3a 22 6f 74 61 22 2c 22 73 74 61 74 75 73 22 3a 22 70 72 6f 67 72 65 73 73 22 2c 22 72 65 63 65 69 76 65 64 22 3a 31 31 31 36 30 30 2c 22 74 6f 74 61 6c 22 3a 35 37 30 34 38 30 2c 22 70 65 72 63 65 6e 74 22 3a 31 39 7d
[Main -> Renderer] ble:characteristicValueChanged: {
  deviceId: '10b41dcd238d',
  serviceUuid: '4fafc201-1fb5-459e-8fcc-c5c9c331914d',
  characteristicUuid: 'beb5483e-36e1-4688-b7f5-ea07361b26c2',
  value: '7b 22 74 79 70 65 22 3a 22 6f 74 61 22 2c 22 73 74 61 74 75 73 22 3a 22 70 72 6f 67 72 65 73 73 22 2c 22 72 65 63 65 69 76 65 64 22 3a 31 31 31 36 30 30 2c 22 74 6f 74 61 6c 22 3a 35 37 30 34 38 30 2c 22 70 65 72 63 65 6e 74 22 3a 31 39 7d'
}
Notification received: 7b 22 74 79 70 65 22 3a 22 6f 74 61 22 2c 22 73 74 61 74 75 73 22 3a 22 70 72 6f 67 72 65 73 73 22 2c 22 72 65 63 65 69 76 65 64 22 3a 31 31 32 31 34 30 2c 22 74 6f 74 61 6c 22 3a 35 37 30 34 38 30 2c 22 70 65 72 63 65 6e 74 22 3a 31 39 7d
[Main -> Renderer] ble:characteristicValueChanged: {
  deviceId: '10b41dcd238d',
  serviceUuid: '4fafc201-1fb5-459e-8fcc-c5c9c331914d',
  characteristicUuid: 'beb5483e-36e1-4688-b7f5-ea07361b26c2',
  value: '7b 22 74 79 70 65 22 3a 22 6f 74 61 22 2c 22 73 74 61 74 75 73 22 3a 22 70 72 6f 67 72 65 73 73 22 2c 22 72 65 63 65 69 76 65 64 22 3a 31 31 32 31 34 30 2c 22 74 6f 74 61 6c 22 3a 35 37 30 34 38 30 2c 22 70 65 72 63 65 6e 74 22 3a 31 39 7d'
}
Notification received: 7b 22 74 79 70 65 22 3a 22 6f 74 61 22 2c 22 73 74 61 74 75 73 22 3a 22 70 72 6f 67 72 65 73 73 22 2c 22 72 65 63 65 69 76 65 64 22 3a 31 31 32 35 30 30 2c 22 74 6f 74 61 6c 22 3a 35 37 30 34 38 30 2c 22 70 65 72 63 65 6e 74 22 3a 31 39 7d
[Main -> Renderer] ble:characteristicValueChanged: {
  deviceId: '10b41dcd238d',
  serviceUuid: '4fafc201-1fb5-459e-8fcc-c5c9c331914d',
  characteristicUuid: 'beb5483e-36e1-4688-b7f5-ea07361b26c2',
  value: '7b 22 74 79 70 65 22 3a 22 6f 74 61 22 2c 22 73 74 61 74 75 73 22 3a 22 70 72 6f 67 72 65 73 73 22 2c 22 72 65 63 65 69 76 65 64 22 3a 31 31 32 35 30 30 2c 22 74 6f 74 61 6c 22 3a 35 37 30 34 38 30 2c 22 70 65 72 63 65 6e 74 22 3a 31 39 7d'
}
Notification received: 7b 22 74 79 70 65 22 3a 22 6f 74 61 22 2c 22 73 74 61 74 75 73 22 3a 22 70 72 6f 67 72 65 73 73 22 2c 22 72 65 63 65 69 76 65 64 22 3a 31 31 32 38 36 30 2c 22 74 6f 74 61 6c 22 3a 35 37 30 34 38 30 2c 22 70 65 72 63 65 6e 74 22 3a 31 39 7d
[Main -> Renderer] ble:characteristicValueChanged: {
  deviceId: '10b41dcd238d',
  serviceUuid: '4fafc201-1fb5-459e-8fcc-c5c9c331914d',
  characteristicUuid: 'beb5483e-36e1-4688-b7f5-ea07361b26c2',
  value: '7b 22 74 79 70 65 22 3a 22 6f 74 61 22 2c 22 73 74 61 74 75 73 22 3a 22 70 72 6f 67 72 65 73 73 22 2c 22 72 65 63 65 69 76 65 64 22 3a 31 31 32 38 36 30 2c 22 74 6f 74 61 6c 22 3a 35 37 30 34 38 30 2c 22 70 65 72 63 65 6e 74 22 3a 31 39 7d'
}
Notification received: 7b 22 74 79 70 65 22 3a 22 6f 74 61 22 2c 22 73 74 61 74 75 73 22 3a 22 70 72 6f 67 72 65 73 73 22 2c 22 72 65 63 65 69 76 65 64 22 3a 31 31 33 32 32 30 2c 22 74 6f 74 61 6c 22 3a 35 37 30 34 38 30 2c 22 70 65 72 63 65 6e 74 22 3a 31 39 7d
[Main -> Renderer] ble:characteristicValueChanged: {
  deviceId: '10b41dcd238d',
  serviceUuid: '4fafc201-1fb5-459e-8fcc-c5c9c331914d',
  characteristicUuid: 'beb5483e-36e1-4688-b7f5-ea07361b26c2',
  value: '7b 22 74 79 70 65 22 3a 22 6f 74 61 22 2c 22 73 74 61 74 75 73 22 3a 22 70 72 6f 67 72 65 73 73 22 2c 22 72 65 63 65 69 76 65 64 22 3a 31 31 33 32 32 30 2c 22 74 6f 74 61 6c 22 3a 35 37 30 34 38 30 2c 22 70 65 72 63 65 6e 74 22 3a 31 39 7d'
}
Notification received: 7b 22 74 79 70 65 22 3a 22 6f 74 61 22 2c 22 73 74 61 74 75 73 22 3a 22 70 72 6f 67 72 65 73 73 22 2c 22 72 65 63 65 69 76 65 64 22 3a 31 31 33 35 38 30 2c 22 74 6f 74 61 6c 22 3a 35 37 30 34 38 30 2c 22 70 65 72 63 65 6e 74 22 3a 31 39 7d
[Main -> Renderer] ble:characteristicValueChanged: {
  deviceId: '10b41dcd238d',
  serviceUuid: '4fafc201-1fb5-459e-8fcc-c5c9c331914d',
  characteristicUuid: 'beb5483e-36e1-4688-b7f5-ea07361b26c2',
  value: '7b 22 74 79 70 65 22 3a 22 6f 74 61 22 2c 22 73 74 61 74 75 73 22 3a 22 70 72 6f 67 72 65 73 73 22 2c 22 72 65 63 65 69 76 65 64 22 3a 31 31 33 35 38 30 2c 22 74 6f 74 61 6c 22 3a 35 37 30 34 38 30 2c 22 70 65 72 63 65 6e 74 22 3a 31 39 7d'
}
Notification received: 7b 22 74 79 70 65 22 3a 22 6f 74 61 22 2c 22 73 74 61 74 75 73 22 3a 22 70 72 6f 67 72 65 73 73 22 2c 22 72 65 63 65 69 76 65 64 22 3a 31 31 33 39 34 30 2c 22 74 6f 74 61 6c 22 3a 35 37 30 34 38 30 2c 22 70 65 72 63 65 6e 74 22 3a 31 39 7d
[Main -> Renderer] ble:characteristicValueChanged: {
  deviceId: '10b41dcd238d',
  serviceUuid: '4fafc201-1fb5-459e-8fcc-c5c9c331914d',
  characteristicUuid: 'beb5483e-36e1-4688-b7f5-ea07361b26c2',
  value: '7b 22 74 79 70 65 22 3a 22 6f 74 61 22 2c 22 73 74 61 74 75 73 22 3a 22 70 72 6f 67 72 65 73 73 22 2c 22 72 65 63 65 69 76 65 64 22 3a 31 31 33 39 34 30 2c 22 74 6f 74 61 6c 22 3a 35 37 30 34 38 30 2c 22 70 65 72 63 65 6e 74 22 3a 31 39 7d'
}
Notification received: 7b 22 74 79 70 65 22 3a 22 6f 74 61 22 2c 22 73 74 61 74 75 73 22 3a 22 70 72 6f 67 72 65 73 73 22 2c 22 72 65 63 65 69 76 65 64 22 3a 31 31 34 34 38 30 2c 22 74 6f 74 61 6c 22 3a 35 37 30 34 38 30 2c 22 70 65 72 63 65 6e 74 22 3a 32 30 7d
[Main -> Renderer] ble:characteristicValueChanged: {
  deviceId: '10b41dcd238d',
  serviceUuid: '4fafc201-1fb5-459e-8fcc-c5c9c331914d',
  characteristicUuid: 'beb5483e-36e1-4688-b7f5-ea07361b26c2',
  value: '7b 22 74 79 70 65 22 3a 22 6f 74 61 22 2c 22 73 74 61 74 75 73 22 3a 22 70 72 6f 67 72 65 73 73 22 2c 22 72 65 63 65 69 76 65 64 22 3a 31 31 34 34 38 30 2c 22 74 6f 74 61 6c 22 3a 35 37 30 34 38 30 2c 22 70 65 72 63 65 6e 74 22 3a 32 30 7d'
}
Notification received: 7b 22 74 79 70 65 22 3a 22 6f 74 61 22 2c 22 73 74 61 74 75 73 22 3a 22 70 72 6f 67 72 65 73 73 22 2c 22 72 65 63 65 69 76 65 64 22 3a 31 31 34 38 34 30 2c 22 74 6f 74 61 6c 22 3a 35 37 30 34 38 30 2c 22 70 65 72 63 65 6e 74 22 3a 32 30 7d
[Main -> Renderer] ble:characteristicValueChanged: {
  deviceId: '10b41dcd238d',
  serviceUuid: '4fafc201-1fb5-459e-8fcc-c5c9c331914d',
  characteristicUuid: 'beb5483e-36e1-4688-b7f5-ea07361b26c2',
  value: '7b 22 74 79 70 65 22 3a 22 6f 74 61 22 2c 22 73 74 61 74 75 73 22 3a 22 70 72 6f 67 72 65 73 73 22 2c 22 72 65 63 65 69 76 65 64 22 3a 31 31 34 38 34 30 2c 22 74 6f 74 61 6c 22 3a 35 37 30 34 38 30 2c 22 70 65 72 63 65 6e 74 22 3a 32 30 7d'
}
Notification received: 7b 22 74 79 70 65 22 3a 22 6f 74 61 22 2c 22 73 74 61 74 75 73 22 3a 22 70 72 6f 67 72 65 73 73 22 2c 22 72 65 63 65 69 76 65 64 22 3a 31 31 35 32 30 30 2c 22 74 6f 74 61 6c 22 3a 35 37 30 34 38 30 2c 22 70 65 72 63 65 6e 74 22 3a 32 30 7d
[Main -> Renderer] ble:characteristicValueChanged: {
  deviceId: '10b41dcd238d',
  serviceUuid: '4fafc201-1fb5-459e-8fcc-c5c9c331914d',
  characteristicUuid: 'beb5483e-36e1-4688-b7f5-ea07361b26c2',
  value: '7b 22 74 79 70 65 22 3a 22 6f 74 61 22 2c 22 73 74 61 74 75 73 22 3a 22 70 72 6f 67 72 65 73 73 22 2c 22 72 65 63 65 69 76 65 64 22 3a 31 31 35 32 30 30 2c 22 74 6f 74 61 6c 22 3a 35 37 30 34 38 30 2c 22 70 65 72 63 65 6e 74 22 3a 32 30 7d'
}
Notification received: 7b 22 74 79 70 65 22 3a 22 6f 74 61 22 2c 22 73 74 61 74 75 73 22 3a 22 70 72 6f 67 72 65 73 73 22 2c 22 72 65 63 65 69 76 65 64 22 3a 31 31 35 35 36 30 2c 22 74 6f 74 61 6c 22 3a 35 37 30 34 38 30 2c 22 70 65 72 63 65 6e 74 22 3a 32 30 7d
[Main -> Renderer] ble:characteristicValueChanged: {
  deviceId: '10b41dcd238d',
  serviceUuid: '4fafc201-1fb5-459e-8fcc-c5c9c331914d',
  characteristicUuid: 'beb5483e-36e1-4688-b7f5-ea07361b26c2',
  value: '7b 22 74 79 70 65 22 3a 22 6f 74 61 22 2c 22 73 74 61 74 75 73 22 3a 22 70 72 6f 67 72 65 73 73 22 2c 22 72 65 63 65 69 76 65 64 22 3a 31 31 35 35 36 30 2c 22 74 6f 74 61 6c 22 3a 35 37 30 34 38 30 2c 22 70 65 72 63 65 6e 74 22 3a 32 30 7d'
}
Notification received: 7b 22 74 79 70 65 22 3a 22 6f 74 61 22 2c 22 73 74 61 74 75 73 22 3a 22 70 72 6f 67 72 65 73 73 22 2c 22 72 65 63 65 69 76 65 64 22 3a 31 31 36 31 30 30 2c 22 74 6f 74 61 6c 22 3a 35 37 30 34 38 30 2c 22 70 65 72 63 65 6e 74 22 3a 32 30 7d
[Main -> Renderer] ble:characteristicValueChanged: {
  deviceId: '10b41dcd238d',
  serviceUuid: '4fafc201-1fb5-459e-8fcc-c5c9c331914d',
  characteristicUuid: 'beb5483e-36e1-4688-b7f5-ea07361b26c2',
  value: '7b 22 74 79 70 65 22 3a 22 6f 74 61 22 2c 22 73 74 61 74 75 73 22 3a 22 70 72 6f 67 72 65 73 73 22 2c 22 72 65 63 65 69 76 65 64 22 3a 31 31 36 31 30 30 2c 22 74 6f 74 61 6c 22 3a 35 37 30 34 38 30 2c 22 70 65 72 63 65 6e 74 22 3a 32 30 7d'
}
Notification received: 7b 22 74 79 70 65 22 3a 22 6f 74 61 22 2c 22 73 74 61 74 75 73 22 3a 22 70 72 6f 67 72 65 73 73 22 2c 22 72 65 63 65 69 76 65 64 22 3a 31 31 36 34 36 30 2c 22 74 6f 74 61 6c 22 3a 35 37 30 34 38 30 2c 22 70 65 72 63 65 6e 74 22 3a 32 30 7d
[Main -> Renderer] ble:characteristicValueChanged: {
  deviceId: '10b41dcd238d',
  serviceUuid: '4fafc201-1fb5-459e-8fcc-c5c9c331914d',
  characteristicUuid: 'beb5483e-36e1-4688-b7f5-ea07361b26c2',
  value: '7b 22 74 79 70 65 22 3a 22 6f 74 61 22 2c 22 73 74 61 74 75 73 22 3a 22 70 72 6f 67 72 65 73 73 22 2c 22 72 65 63 65 69 76 65 64 22 3a 31 31 36 34 36 30 2c 22 74 6f 74 61 6c 22 3a 35 37 30 34 38 30 2c 22 70 65 72 63 65 6e 74 22 3a 32 30 7d'
}
Notification received: 7b 22 74 79 70 65 22 3a 22 6f 74 61 22 2c 22 73 74 61 74 75 73 22 3a 22 70 72 6f 67 72 65 73 73 22 2c 22 72 65 63 65 69 76 65 64 22 3a 31 31 36 38 32 30 2c 22 74 6f 74 61 6c 22 3a 35 37 30 34 38 30 2c 22 70 65 72 63 65 6e 74 22 3a 32 30 7d
[Main -> Renderer] ble:characteristicValueChanged: {
  deviceId: '10b41dcd238d',
  serviceUuid: '4fafc201-1fb5-459e-8fcc-c5c9c331914d',
  characteristicUuid: 'beb5483e-36e1-4688-b7f5-ea07361b26c2',
  value: '7b 22 74 79 70 65 22 3a 22 6f 74 61 22 2c 22 73 74 61 74 75 73 22 3a 22 70 72 6f 67 72 65 73 73 22 2c 22 72 65 63 65 69 76 65 64 22 3a 31 31 36 38 32 30 2c 22 74 6f 74 61 6c 22 3a 35 37 30 34 38 30 2c 22 70 65 72 63 65 6e 74 22 3a 32 30 7d'
}
Notification received: 7b 22 74 79 70 65 22 3a 22 6f 74 61 22 2c 22 73 74 61 74 75 73 22 3a 22 70 72 6f 67 72 65 73 73 22 2c 22 72 65 63 65 69 76 65 64 22 3a 31 31 37 31 38 30 2c 22 74 6f 74 61 6c 22 3a 35 37 30 34 38 30 2c 22 70 65 72 63 65 6e 74 22 3a 32 30 7d
[Main -> Renderer] ble:characteristicValueChanged: {
  deviceId: '10b41dcd238d',
  serviceUuid: '4fafc201-1fb5-459e-8fcc-c5c9c331914d',
  characteristicUuid: 'beb5483e-36e1-4688-b7f5-ea07361b26c2',
  value: '7b 22 74 79 70 65 22 3a 22 6f 74 61 22 2c 22 73 74 61 74 75 73 22 3a 22 70 72 6f 67 72 65 73 73 22 2c 22 72 65 63 65 69 76 65 64 22 3a 31 31 37 31 38 30 2c 22 74 6f 74 61 6c 22 3a 35 37 30 34 38 30 2c 22 70 65 72 63 65 6e 74 22 3a 32 30 7d'
}
Notification received: 7b 22 74 79 70 65 22 3a 22 6f 74 61 22 2c 22 73 74 61 74 75 73 22 3a 22 70 72 6f 67 72 65 73 73 22 2c 22 72 65 63 65 69 76 65 64 22 3a 31 31 37 37 32 30 2c 22 74 6f 74 61 6c 22 3a 35 37 30 34 38 30 2c 22 70 65 72 63 65 6e 74 22 3a 32 30 7d
[Main -> Renderer] ble:characteristicValueChanged: {
  deviceId: '10b41dcd238d',
  serviceUuid: '4fafc201-1fb5-459e-8fcc-c5c9c331914d',
  characteristicUuid: 'beb5483e-36e1-4688-b7f5-ea07361b26c2',
  value: '7b 22 74 79 70 65 22 3a 22 6f 74 61 22 2c 22 73 74 61 74 75 73 22 3a 22 70 72 6f 67 72 65 73 73 22 2c 22 72 65 63 65 69 76 65 64 22 3a 31 31 37 37 32 30 2c 22 74 6f 74 61 6c 22 3a 35 37 30 34 38 30 2c 22 70 65 72 63 65 6e 74 22 3a 32 30 7d'
}
Notification received: 7b 22 74 79 70 65 22 3a 22 6f 74 61 22 2c 22 73 74 61 74 75 73 22 3a 22 70 72 6f 67 72 65 73 73 22 2c 22 72 65 63 65 69 76 65 64 22 3a 31 31 38 32 36 30 2c 22 74 6f 74 61 6c 22 3a 35 37 30 34 38 30 2c 22 70 65 72 63 65 6e 74 22 3a 32 30 7d
[Main -> Renderer] ble:characteristicValueChanged: {
  deviceId: '10b41dcd238d',
  serviceUuid: '4fafc201-1fb5-459e-8fcc-c5c9c331914d',
  characteristicUuid: 'beb5483e-36e1-4688-b7f5-ea07361b26c2',
  value: '7b 22 74 79 70 65 22 3a 22 6f 74 61 22 2c 22 73 74 61 74 75 73 22 3a 22 70 72 6f 67 72 65 73 73 22 2c 22 72 65 63 65 69 76 65 64 22 3a 31 31 38 32 36 30 2c 22 74 6f 74 61 6c 22 3a 35 37 30 34 38 30 2c 22 70 65 72 63 65 6e 74 22 3a 32 30 7d'
}
Notification received: 7b 22 74 79 70 65 22 3a 22 6f 74 61 22 2c 22 73 74 61 74 75 73 22 3a 22 70 72 6f 67 72 65 73 73 22 2c 22 72 65 63 65 69 76 65 64 22 3a 31 31 38 38 30 30 2c 22 74 6f 74 61 6c 22 3a 35 37 30 34 38 30 2c 22 70 65 72 63 65 6e 74 22 3a 32 30 7d
[Main -> Renderer] ble:characteristicValueChanged: {
  deviceId: '10b41dcd238d',
  serviceUuid: '4fafc201-1fb5-459e-8fcc-c5c9c331914d',
  characteristicUuid: 'beb5483e-36e1-4688-b7f5-ea07361b26c2',
  value: '7b 22 74 79 70 65 22 3a 22 6f 74 61 22 2c 22 73 74 61 74 75 73 22 3a 22 70 72 6f 67 72 65 73 73 22 2c 22 72 65 63 65 69 76 65 64 22 3a 31 31 38 38 30 30 2c 22 74 6f 74 61 6c 22 3a 35 37 30 34 38 30 2c 22 70 65 72 63 65 6e 74 22 3a 32 30 7d'
}
Notification received: 7b 22 74 79 70 65 22 3a 22 6f 74 61 22 2c 22 73 74 61 74 75 73 22 3a 22 70 72 6f 67 72 65 73 73 22 2c 22 72 65 63 65 69 76 65 64 22 3a 31 31 39 33 34 30 2c 22 74 6f 74 61 6c 22 3a 35 37 30 34 38 30 2c 22 70 65 72 63 65 6e 74 22 3a 32 30 7d
[Main -> Renderer] ble:characteristicValueChanged: {
  deviceId: '10b41dcd238d',
  serviceUuid: '4fafc201-1fb5-459e-8fcc-c5c9c331914d',
  characteristicUuid: 'beb5483e-36e1-4688-b7f5-ea07361b26c2',
  value: '7b 22 74 79 70 65 22 3a 22 6f 74 61 22 2c 22 73 74 61 74 75 73 22 3a 22 70 72 6f 67 72 65 73 73 22 2c 22 72 65 63 65 69 76 65 64 22 3a 31 31 39 33 34 30 2c 22 74 6f 74 61 6c 22 3a 35 37 30 34 38 30 2c 22 70 65 72 63 65 6e 74 22 3a 32 30 7d'
}
Notification received: 7b 22 74 79 70 65 22 3a 22 6f 74 61 22 2c 22 73 74 61 74 75 73 22 3a 22 70 72 6f 67 72 65 73 73 22 2c 22 72 65 63 65 69 76 65 64 22 3a 31 31 39 38 38 30 2c 22 74 6f 74 61 6c 22 3a 35 37 30 34 38 30 2c 22 70 65 72 63 65 6e 74 22 3a 32 31 7d
[Main -> Renderer] ble:characteristicValueChanged: {
  deviceId: '10b41dcd238d',
  serviceUuid: '4fafc201-1fb5-459e-8fcc-c5c9c331914d',
  characteristicUuid: 'beb5483e-36e1-4688-b7f5-ea07361b26c2',
  value: '7b 22 74 79 70 65 22 3a 22 6f 74 61 22 2c 22 73 74 61 74 75 73 22 3a 22 70 72 6f 67 72 65 73 73 22 2c 22 72 65 63 65 69 76 65 64 22 3a 31 31 39 38 38 30 2c 22 74 6f 74 61 6c 22 3a 35 37 30 34 38 30 2c 22 70 65 72 63 65 6e 74 22 3a 32 31 7d'
}
Notification received: 7b 22 74 79 70 65 22 3a 22 6f 74 61 22 2c 22 73 74 61 74 75 73 22 3a 22 70 72 6f 67 72 65 73 73 22 2c 22 72 65 63 65 69 76 65 64 22 3a 31 32 30 32 34 30 2c 22 74 6f 74 61 6c 22 3a 35 37 30 34 38 30 2c 22 70 65 72 63 65 6e 74 22 3a 32 31 7d
[Main -> Renderer] ble:characteristicValueChanged: {
  deviceId: '10b41dcd238d',
  serviceUuid: '4fafc201-1fb5-459e-8fcc-c5c9c331914d',
  characteristicUuid: 'beb5483e-36e1-4688-b7f5-ea07361b26c2',
  value: '7b 22 74 79 70 65 22 3a 22 6f 74 61 22 2c 22 73 74 61 74 75 73 22 3a 22 70 72 6f 67 72 65 73 73 22 2c 22 72 65 63 65 69 76 65 64 22 3a 31 32 30 32 34 30 2c 22 74 6f 74 61 6c 22 3a 35 37 30 34 38 30 2c 22 70 65 72 63 65 6e 74 22 3a 32 31 7d'
}
Notification received: 7b 22 74 79 70 65 22 3a 22 6f 74 61 22 2c 22 73 74 61 74 75 73 22 3a 22 70 72 6f 67 72 65 73 73 22 2c 22 72 65 63 65 69 76 65 64 22 3a 31 32 30 37 38 30 2c 22 74 6f 74 61 6c 22 3a 35 37 30 34 38 30 2c 22 70 65 72 63 65 6e 74 22 3a 32 31 7d
[Main -> Renderer] ble:characteristicValueChanged: {
  deviceId: '10b41dcd238d',
  serviceUuid: '4fafc201-1fb5-459e-8fcc-c5c9c331914d',
  characteristicUuid: 'beb5483e-36e1-4688-b7f5-ea07361b26c2',
  value: '7b 22 74 79 70 65 22 3a 22 6f 74 61 22 2c 22 73 74 61 74 75 73 22 3a 22 70 72 6f 67 72 65 73 73 22 2c 22 72 65 63 65 69 76 65 64 22 3a 31 32 30 37 38 30 2c 22 74 6f 74 61 6c 22 3a 35 37 30 34 38 30 2c 22 70 65 72 63 65 6e 74 22 3a 32 31 7d'
}
Notification received: 7b 22 74 79 70 65 22 3a 22 6f 74 61 22 2c 22 73 74 61 74 75 73 22 3a 22 70 72 6f 67 72 65 73 73 22 2c 22 72 65 63 65 69 76 65 64 22 3a 31 32 31 31 34 30 2c 22 74 6f 74 61 6c 22 3a 35 37 30 34 38 30 2c 22 70 65 72 63 65 6e 74 22 3a 32 31 7d
[Main -> Renderer] ble:characteristicValueChanged: {
  deviceId: '10b41dcd238d',
  serviceUuid: '4fafc201-1fb5-459e-8fcc-c5c9c331914d',
  characteristicUuid: 'beb5483e-36e1-4688-b7f5-ea07361b26c2',
  value: '7b 22 74 79 70 65 22 3a 22 6f 74 61 22 2c 22 73 74 61 74 75 73 22 3a 22 70 72 6f 67 72 65 73 73 22 2c 22 72 65 63 65 69 76 65 64 22 3a 31 32 31 31 34 30 2c 22 74 6f 74 61 6c 22 3a 35 37 30 34 38 30 2c 22 70 65 72 63 65 6e 74 22 3a 32 31 7d'
}
Notification received: 7b 22 74 79 70 65 22 3a 22 6f 74 61 22 2c 22 73 74 61 74 75 73 22 3a 22 70 72 6f 67 72 65 73 73 22 2c 22 72 65 63 65 69 76 65 64 22 3a 31 32 31 36 38 30 2c 22 74 6f 74 61 6c 22 3a 35 37 30 34 38 30 2c 22 70 65 72 63 65 6e 74 22 3a 32 31 7d
[Main -> Renderer] ble:characteristicValueChanged: {
  deviceId: '10b41dcd238d',
  serviceUuid: '4fafc201-1fb5-459e-8fcc-c5c9c331914d',
  characteristicUuid: 'beb5483e-36e1-4688-b7f5-ea07361b26c2',
  value: '7b 22 74 79 70 65 22 3a 22 6f 74 61 22 2c 22 73 74 61 74 75 73 22 3a 22 70 72 6f 67 72 65 73 73 22 2c 22 72 65 63 65 69 76 65 64 22 3a 31 32 31 36 38 30 2c 22 74 6f 74 61 6c 22 3a 35 37 30 34 38 30 2c 22 70 65 72 63 65 6e 74 22 3a 32 31 7d'
}
Notification received: 7b 22 74 79 70 65 22 3a 22 6f 74 61 22 2c 22 73 74 61 74 75 73 22 3a 22 70 72 6f 67 72 65 73 73 22 2c 22 72 65 63 65 69 76 65 64 22 3a 31 32 32 32 32 30 2c 22 74 6f 74 61 6c 22 3a 35 37 30 34 38 30 2c 22 70 65 72 63 65 6e 74 22 3a 32 31 7d
[Main -> Renderer] ble:characteristicValueChanged: {
  deviceId: '10b41dcd238d',
  serviceUuid: '4fafc201-1fb5-459e-8fcc-c5c9c331914d',
  characteristicUuid: 'beb5483e-36e1-4688-b7f5-ea07361b26c2',
  value: '7b 22 74 79 70 65 22 3a 22 6f 74 61 22 2c 22 73 74 61 74 75 73 22 3a 22 70 72 6f 67 72 65 73 73 22 2c 22 72 65 63 65 69 76 65 64 22 3a 31 32 32 32 32 30 2c 22 74 6f 74 61 6c 22 3a 35 37 30 34 38 30 2c 22 70 65 72 63 65 6e 74 22 3a 32 31 7d'
}
Notification received: 7b 22 74 79 70 65 22 3a 22 6f 74 61 22 2c 22 73 74 61 74 75 73 22 3a 22 70 72 6f 67 72 65 73 73 22 2c 22 72 65 63 65 69 76 65 64 22 3a 31 32 32 37 36 30 2c 22 74 6f 74 61 6c 22 3a 35 37 30 34 38 30 2c 22 70 65 72 63 65 6e 74 22 3a 32 31 7d
[Main -> Renderer] ble:characteristicValueChanged: {
  deviceId: '10b41dcd238d',
  serviceUuid: '4fafc201-1fb5-459e-8fcc-c5c9c331914d',
  characteristicUuid: 'beb5483e-36e1-4688-b7f5-ea07361b26c2',
  value: '7b 22 74 79 70 65 22 3a 22 6f 74 61 22 2c 22 73 74 61 74 75 73 22 3a 22 70 72 6f 67 72 65 73 73 22 2c 22 72 65 63 65 69 76 65 64 22 3a 31 32 32 37 36 30 2c 22 74 6f 74 61 6c 22 3a 35 37 30 34 38 30 2c 22 70 65 72 63 65 6e 74 22 3a 32 31 7d'
}
Notification received: 7b 22 74 79 70 65 22 3a 22 6f 74 61 22 2c 22 73 74 61 74 75 73 22 3a 22 70 72 6f 67 72 65 73 73 22 2c 22 72 65 63 65 69 76 65 64 22 3a 31 32 33 33 30 30 2c 22 74 6f 74 61 6c 22 3a 35 37 30 34 38 30 2c 22 70 65 72 63 65 6e 74 22 3a 32 31 7d
[Main -> Renderer] ble:characteristicValueChanged: {
  deviceId: '10b41dcd238d',
  serviceUuid: '4fafc201-1fb5-459e-8fcc-c5c9c331914d',
  characteristicUuid: 'beb5483e-36e1-4688-b7f5-ea07361b26c2',
  value: '7b 22 74 79 70 65 22 3a 22 6f 74 61 22 2c 22 73 74 61 74 75 73 22 3a 22 70 72 6f 67 72 65 73 73 22 2c 22 72 65 63 65 69 76 65 64 22 3a 31 32 33 33 30 30 2c 22 74 6f 74 61 6c 22 3a 35 37 30 34 38 30 2c 22 70 65 72 63 65 6e 74 22 3a 32 31 7d'
}
Notification received: 7b 22 74 79 70 65 22 3a 22 6f 74 61 22 2c 22 73 74 61 74 75 73 22 3a 22 70 72 6f 67 72 65 73 73 22 2c 22 72 65 63 65 69 76 65 64 22 3a 31 32 33 38 34 30 2c 22 74 6f 74 61 6c 22 3a 35 37 30 34 38 30 2c 22 70 65 72 63 65 6e 74 22 3a 32 31 7d
[Main -> Renderer] ble:characteristicValueChanged: {
  deviceId: '10b41dcd238d',
  serviceUuid: '4fafc201-1fb5-459e-8fcc-c5c9c331914d',
  characteristicUuid: 'beb5483e-36e1-4688-b7f5-ea07361b26c2',
  value: '7b 22 74 79 70 65 22 3a 22 6f 74 61 22 2c 22 73 74 61 74 75 73 22 3a 22 70 72 6f 67 72 65 73 73 22 2c 22 72 65 63 65 69 76 65 64 22 3a 31 32 33 38 34 30 2c 22 74 6f 74 61 6c 22 3a 35 37 30 34 38 30 2c 22 70 65 72 63 65 6e 74 22 3a 32 31 7d'
}
Notification received: 7b 22 74 79 70 65 22 3a 22 6f 74 61 22 2c 22 73 74 61 74 75 73 22 3a 22 70 72 6f 67 72 65 73 73 22 2c 22 72 65 63 65 69 76 65 64 22 3a 31 32 34 33 38 30 2c 22 74 6f 74 61 6c 22 3a 35 37 30 34 38 30 2c 22 70 65 72 63 65 6e 74 22 3a 32 31 7d
[Main -> Renderer] ble:characteristicValueChanged: {
  deviceId: '10b41dcd238d',
  serviceUuid: '4fafc201-1fb5-459e-8fcc-c5c9c331914d',
  characteristicUuid: 'beb5483e-36e1-4688-b7f5-ea07361b26c2',
  value: '7b 22 74 79 70 65 22 3a 22 6f 74 61 22 2c 22 73 74 61 74 75 73 22 3a 22 70 72 6f 67 72 65 73 73 22 2c 22 72 65 63 65 69 76 65 64 22 3a 31 32 34 33 38 30 2c 22 74 6f 74 61 6c 22 3a 35 37 30 34 38 30 2c 22 70 65 72 63 65 6e 74 22 3a 32 31 7d'
}
Notification received: 7b 22 74 79 70 65 22 3a 22 6f 74 61 22 2c 22 73 74 61 74 75 73 22 3a 22 70 72 6f 67 72 65 73 73 22 2c 22 72 65 63 65 69 76 65 64 22 3a 31 32 34 39 32 30 2c 22 74 6f 74 61 6c 22 3a 35 37 30 34 38 30 2c 22 70 65 72 63 65 6e 74 22 3a 32 31 7d
[Main -> Renderer] ble:characteristicValueChanged: {
  deviceId: '10b41dcd238d',
  serviceUuid: '4fafc201-1fb5-459e-8fcc-c5c9c331914d',
  characteristicUuid: 'beb5483e-36e1-4688-b7f5-ea07361b26c2',
  value: '7b 22 74 79 70 65 22 3a 22 6f 74 61 22 2c 22 73 74 61 74 75 73 22 3a 22 70 72 6f 67 72 65 73 73 22 2c 22 72 65 63 65 69 76 65 64 22 3a 31 32 34 39 32 30 2c 22 74 6f 74 61 6c 22 3a 35 37 30 34 38 30 2c 22 70 65 72 63 65 6e 74 22 3a 32 31 7d'
}
Notification received: 7b 22 74 79 70 65 22 3a 22 6f 74 61 22 2c 22 73 74 61 74 75 73 22 3a 22 70 72 6f 67 72 65 73 73 22 2c 22 72 65 63 65 69 76 65 64 22 3a 31 32 35 32 38 30 2c 22 74 6f 74 61 6c 22 3a 35 37 30 34 38 30 2c 22 70 65 72 63 65 6e 74 22 3a 32 31 7d
[Main -> Renderer] ble:characteristicValueChanged: {
  deviceId: '10b41dcd238d',
  serviceUuid: '4fafc201-1fb5-459e-8fcc-c5c9c331914d',
  characteristicUuid: 'beb5483e-36e1-4688-b7f5-ea07361b26c2',
  value: '7b 22 74 79 70 65 22 3a 22 6f 74 61 22 2c 22 73 74 61 74 75 73 22 3a 22 70 72 6f 67 72 65 73 73 22 2c 22 72 65 63 65 69 76 65 64 22 3a 31 32 35 32 38 30 2c 22 74 6f 74 61 6c 22 3a 35 37 30 34 38 30 2c 22 70 65 72 63 65 6e 74 22 3a 32 31 7d'
}
Notification received: 7b 22 74 79 70 65 22 3a 22 6f 74 61 22 2c 22 73 74 61 74 75 73 22 3a 22 70 72 6f 67 72 65 73 73 22 2c 22 72 65 63 65 69 76 65 64 22 3a 31 32 35 36 34 30 2c 22 74 6f 74 61 6c 22 3a 35 37 30 34 38 30 2c 22 70 65 72 63 65 6e 74 22 3a 32 32 7d
[Main -> Renderer] ble:characteristicValueChanged: {
  deviceId: '10b41dcd238d',
  serviceUuid: '4fafc201-1fb5-459e-8fcc-c5c9c331914d',
  characteristicUuid: 'beb5483e-36e1-4688-b7f5-ea07361b26c2',
  value: '7b 22 74 79 70 65 22 3a 22 6f 74 61 22 2c 22 73 74 61 74 75 73 22 3a 22 70 72 6f 67 72 65 73 73 22 2c 22 72 65 63 65 69 76 65 64 22 3a 31 32 35 36 34 30 2c 22 74 6f 74 61 6c 22 3a 35 37 30 34 38 30 2c 22 70 65 72 63 65 6e 74 22 3a 32 32 7d'
}
Notification received: 7b 22 74 79 70 65 22 3a 22 6f 74 61 22 2c 22 73 74 61 74 75 73 22 3a 22 70 72 6f 67 72 65 73 73 22 2c 22 72 65 63 65 69 76 65 64 22 3a 31 32 36 31 38 30 2c 22 74 6f 74 61 6c 22 3a 35 37 30 34 38 30 2c 22 70 65 72 63 65 6e 74 22 3a 32 32 7d
[Main -> Renderer] ble:characteristicValueChanged: {
  deviceId: '10b41dcd238d',
  serviceUuid: '4fafc201-1fb5-459e-8fcc-c5c9c331914d',
  characteristicUuid: 'beb5483e-36e1-4688-b7f5-ea07361b26c2',
  value: '7b 22 74 79 70 65 22 3a 22 6f 74 61 22 2c 22 73 74 61 74 75 73 22 3a 22 70 72 6f 67 72 65 73 73 22 2c 22 72 65 63 65 69 76 65 64 22 3a 31 32 36 31 38 30 2c 22 74 6f 74 61 6c 22 3a 35 37 30 34 38 30 2c 22 70 65 72 63 65 6e 74 22 3a 32 32 7d'
}
Notification received: 7b 22 74 79 70 65 22 3a 22 6f 74 61 22 2c 22 73 74 61 74 75 73 22 3a 22 70 72 6f 67 72 65 73 73 22 2c 22 72 65 63 65 69 76 65 64 22 3a 31 32 36 35 34 30 2c 22 74 6f 74 61 6c 22 3a 35 37 30 34 38 30 2c 22 70 65 72 63 65 6e 74 22 3a 32 32 7d
[Main -> Renderer] ble:characteristicValueChanged: {
  deviceId: '10b41dcd238d',
  serviceUuid: '4fafc201-1fb5-459e-8fcc-c5c9c331914d',
  characteristicUuid: 'beb5483e-36e1-4688-b7f5-ea07361b26c2',
  value: '7b 22 74 79 70 65 22 3a 22 6f 74 61 22 2c 22 73 74 61 74 75 73 22 3a 22 70 72 6f 67 72 65 73 73 22 2c 22 72 65 63 65 69 76 65 64 22 3a 31 32 36 35 34 30 2c 22 74 6f 74 61 6c 22 3a 35 37 30 34 38 30 2c 22 70 65 72 63 65 6e 74 22 3a 32 32 7d'
}
Notification received: 7b 22 74 79 70 65 22 3a 22 6f 74 61 22 2c 22 73 74 61 74 75 73 22 3a 22 70 72 6f 67 72 65 73 73 22 2c 22 72 65 63 65 69 76 65 64 22 3a 31 32 37 30 38 30 2c 22 74 6f 74 61 6c 22 3a 35 37 30 34 38 30 2c 22 70 65 72 63 65 6e 74 22 3a 32 32 7d
[Main -> Renderer] ble:characteristicValueChanged: {
  deviceId: '10b41dcd238d',
  serviceUuid: '4fafc201-1fb5-459e-8fcc-c5c9c331914d',
  characteristicUuid: 'beb5483e-36e1-4688-b7f5-ea07361b26c2',
  value: '7b 22 74 79 70 65 22 3a 22 6f 74 61 22 2c 22 73 74 61 74 75 73 22 3a 22 70 72 6f 67 72 65 73 73 22 2c 22 72 65 63 65 69 76 65 64 22 3a 31 32 37 30 38 30 2c 22 74 6f 74 61 6c 22 3a 35 37 30 34 38 30 2c 22 70 65 72 63 65 6e 74 22 3a 32 32 7d'
}
Notification received: 7b 22 74 79 70 65 22 3a 22 6f 74 61 22 2c 22 73 74 61 74 75 73 22 3a 22 70 72 6f 67 72 65 73 73 22 2c 22 72 65 63 65 69 76 65 64 22 3a 31 32 37 36 32 30 2c 22 74 6f 74 61 6c 22 3a 35 37 30 34 38 30 2c 22 70 65 72 63 65 6e 74 22 3a 32 32 7d
[Main -> Renderer] ble:characteristicValueChanged: {
  deviceId: '10b41dcd238d',
  serviceUuid: '4fafc201-1fb5-459e-8fcc-c5c9c331914d',
  characteristicUuid: 'beb5483e-36e1-4688-b7f5-ea07361b26c2',
  value: '7b 22 74 79 70 65 22 3a 22 6f 74 61 22 2c 22 73 74 61 74 75 73 22 3a 22 70 72 6f 67 72 65 73 73 22 2c 22 72 65 63 65 69 76 65 64 22 3a 31 32 37 36 32 30 2c 22 74 6f 74 61 6c 22 3a 35 37 30 34 38 30 2c 22 70 65 72 63 65 6e 74 22 3a 32 32 7d'
}
Notification received: 7b 22 74 79 70 65 22 3a 22 6f 74 61 22 2c 22 73 74 61 74 75 73 22 3a 22 70 72 6f 67 72 65 73 73 22 2c 22 72 65 63 65 69 76 65 64 22 3a 31 32 37 39 38 30 2c 22 74 6f 74 61 6c 22 3a 35 37 30 34 38 30 2c 22 70 65 72 63 65 6e 74 22 3a 32 32 7d
[Main -> Renderer] ble:characteristicValueChanged: {
  deviceId: '10b41dcd238d',
  serviceUuid: '4fafc201-1fb5-459e-8fcc-c5c9c331914d',
  characteristicUuid: 'beb5483e-36e1-4688-b7f5-ea07361b26c2',
  value: '7b 22 74 79 70 65 22 3a 22 6f 74 61 22 2c 22 73 74 61 74 75 73 22 3a 22 70 72 6f 67 72 65 73 73 22 2c 22 72 65 63 65 69 76 65 64 22 3a 31 32 37 39 38 30 2c 22 74 6f 74 61 6c 22 3a 35 37 30 34 38 30 2c 22 70 65 72 63 65 6e 74 22 3a 32 32 7d'
}
Notification received: 7b 22 74 79 70 65 22 3a 22 6f 74 61 22 2c 22 73 74 61 74 75 73 22 3a 22 70 72 6f 67 72 65 73 73 22 2c 22 72 65 63 65 69 76 65 64 22 3a 31 32 38 33 34 30 2c 22 74 6f 74 61 6c 22 3a 35 37 30 34 38 30 2c 22 70 65 72 63 65 6e 74 22 3a 32 32 7d
[Main -> Renderer] ble:characteristicValueChanged: {
  deviceId: '10b41dcd238d',
  serviceUuid: '4fafc201-1fb5-459e-8fcc-c5c9c331914d',
  characteristicUuid: 'beb5483e-36e1-4688-b7f5-ea07361b26c2',
  value: '7b 22 74 79 70 65 22 3a 22 6f 74 61 22 2c 22 73 74 61 74 75 73 22 3a 22 70 72 6f 67 72 65 73 73 22 2c 22 72 65 63 65 69 76 65 64 22 3a 31 32 38 33 34 30 2c 22 74 6f 74 61 6c 22 3a 35 37 30 34 38 30 2c 22 70 65 72 63 65 6e 74 22 3a 32 32 7d'
}
Notification received: 7b 22 74 79 70 65 22 3a 22 6f 74 61 22 2c 22 73 74 61 74 75 73 22 3a 22 70 72 6f 67 72 65 73 73 22 2c 22 72 65 63 65 69 76 65 64 22 3a 31 32 38 37 30 30 2c 22 74 6f 74 61 6c 22 3a 35 37 30 34 38 30 2c 22 70 65 72 63 65 6e 74 22 3a 32 32 7d
[Main -> Renderer] ble:characteristicValueChanged: {
  deviceId: '10b41dcd238d',
  serviceUuid: '4fafc201-1fb5-459e-8fcc-c5c9c331914d',
  characteristicUuid: 'beb5483e-36e1-4688-b7f5-ea07361b26c2',
  value: '7b 22 74 79 70 65 22 3a 22 6f 74 61 22 2c 22 73 74 61 74 75 73 22 3a 22 70 72 6f 67 72 65 73 73 22 2c 22 72 65 63 65 69 76 65 64 22 3a 31 32 38 37 30 30 2c 22 74 6f 74 61 6c 22 3a 35 37 30 34 38 30 2c 22 70 65 72 63 65 6e 74 22 3a 32 32 7d'
}
Notification received: 7b 22 74 79 70 65 22 3a 22 6f 74 61 22 2c 22 73 74 61 74 75 73 22 3a 22 70 72 6f 67 72 65 73 73 22 2c 22 72 65 63 65 69 76 65 64 22 3a 31 32 39 30 36 30 2c 22 74 6f 74 61 6c 22 3a 35 37 30 34 38 30 2c 22 70 65 72 63 65 6e 74 22 3a 32 32 7d
[Main -> Renderer] ble:characteristicValueChanged: {
  deviceId: '10b41dcd238d',
  serviceUuid: '4fafc201-1fb5-459e-8fcc-c5c9c331914d',
  characteristicUuid: 'beb5483e-36e1-4688-b7f5-ea07361b26c2',
  value: '7b 22 74 79 70 65 22 3a 22 6f 74 61 22 2c 22 73 74 61 74 75 73 22 3a 22 70 72 6f 67 72 65 73 73 22 2c 22 72 65 63 65 69 76 65 64 22 3a 31 32 39 30 36 30 2c 22 74 6f 74 61 6c 22 3a 35 37 30 34 38 30 2c 22 70 65 72 63 65 6e 74 22 3a 32 32 7d'
}
Notification received: 7b 22 74 79 70 65 22 3a 22 6f 74 61 22 2c 22 73 74 61 74 75 73 22 3a 22 70 72 6f 67 72 65 73 73 22 2c 22 72 65 63 65 69 76 65 64 22 3a 31 32 39 34 32 30 2c 22 74 6f 74 61 6c 22 3a 35 37 30 34 38 30 2c 22 70 65 72 63 65 6e 74 22 3a 32 32 7d
[Main -> Renderer] ble:characteristicValueChanged: {
  deviceId: '10b41dcd238d',
  serviceUuid: '4fafc201-1fb5-459e-8fcc-c5c9c331914d',
  characteristicUuid: 'beb5483e-36e1-4688-b7f5-ea07361b26c2',
  value: '7b 22 74 79 70 65 22 3a 22 6f 74 61 22 2c 22 73 74 61 74 75 73 22 3a 22 70 72 6f 67 72 65 73 73 22 2c 22 72 65 63 65 69 76 65 64 22 3a 31 32 39 34 32 30 2c 22 74 6f 74 61 6c 22 3a 35 37 30 34 38 30 2c 22 70 65 72 63 65 6e 74 22 3a 32 32 7d'
}
Notification received: 7b 22 74 79 70 65 22 3a 22 6f 74 61 22 2c 22 73 74 61 74 75 73 22 3a 22 70 72 6f 67 72 65 73 73 22 2c 22 72 65 63 65 69 76 65 64 22 3a 31 32 39 37 38 30 2c 22 74 6f 74 61 6c 22 3a 35 37 30 34 38 30 2c 22 70 65 72 63 65 6e 74 22 3a 32 32 7d
[Main -> Renderer] ble:characteristicValueChanged: {
  deviceId: '10b41dcd238d',
  serviceUuid: '4fafc201-1fb5-459e-8fcc-c5c9c331914d',
  characteristicUuid: 'beb5483e-36e1-4688-b7f5-ea07361b26c2',
  value: '7b 22 74 79 70 65 22 3a 22 6f 74 61 22 2c 22 73 74 61 74 75 73 22 3a 22 70 72 6f 67 72 65 73 73 22 2c 22 72 65 63 65 69 76 65 64 22 3a 31 32 39 37 38 30 2c 22 74 6f 74 61 6c 22 3a 35 37 30 34 38 30 2c 22 70 65 72 63 65 6e 74 22 3a 32 32 7d'
}
Notification received: 7b 22 74 79 70 65 22 3a 22 6f 74 61 22 2c 22 73 74 61 74 75 73 22 3a 22 70 72 6f 67 72 65 73 73 22 2c 22 72 65 63 65 69 76 65 64 22 3a 31 33 30 33 32 30 2c 22 74 6f 74 61 6c 22 3a 35 37 30 34 38 30 2c 22 70 65 72 63 65 6e 74 22 3a 32 32 7d
[Main -> Renderer] ble:characteristicValueChanged: {
  deviceId: '10b41dcd238d',
  serviceUuid: '4fafc201-1fb5-459e-8fcc-c5c9c331914d',
  characteristicUuid: 'beb5483e-36e1-4688-b7f5-ea07361b26c2',
  value: '7b 22 74 79 70 65 22 3a 22 6f 74 61 22 2c 22 73 74 61 74 75 73 22 3a 22 70 72 6f 67 72 65 73 73 22 2c 22 72 65 63 65 69 76 65 64 22 3a 31 33 30 33 32 30 2c 22 74 6f 74 61 6c 22 3a 35 37 30 34 38 30 2c 22 70 65 72 63 65 6e 74 22 3a 32 32 7d'
}
Notification received: 7b 22 74 79 70 65 22 3a 22 6f 74 61 22 2c 22 73 74 61 74 75 73 22 3a 22 70 72 6f 67 72 65 73 73 22 2c 22 72 65 63 65 69 76 65 64 22 3a 31 33 30 38 36 30 2c 22 74 6f 74 61 6c 22 3a 35 37 30 34 38 30 2c 22 70 65 72 63 65 6e 74 22 3a 32 32 7d
[Main -> Renderer] ble:characteristicValueChanged: {
  deviceId: '10b41dcd238d',
  serviceUuid: '4fafc201-1fb5-459e-8fcc-c5c9c331914d',
  characteristicUuid: 'beb5483e-36e1-4688-b7f5-ea07361b26c2',
  value: '7b 22 74 79 70 65 22 3a 22 6f 74 61 22 2c 22 73 74 61 74 75 73 22 3a 22 70 72 6f 67 72 65 73 73 22 2c 22 72 65 63 65 69 76 65 64 22 3a 31 33 30 38 36 30 2c 22 74 6f 74 61 6c 22 3a 35 37 30 34 38 30 2c 22 70 65 72 63 65 6e 74 22 3a 32 32 7d'
}
Notification received: 7b 22 74 79 70 65 22 3a 22 6f 74 61 22 2c 22 73 74 61 74 75 73 22 3a 22 70 72 6f 67 72 65 73 73 22 2c 22 72 65 63 65 69 76 65 64 22 3a 31 33 31 34 30 30 2c 22 74 6f 74 61 6c 22 3a 35 37 30 34 38 30 2c 22 70 65 72 63 65 6e 74 22 3a 32 33 7d
[Main -> Renderer] ble:characteristicValueChanged: {
  deviceId: '10b41dcd238d',
  serviceUuid: '4fafc201-1fb5-459e-8fcc-c5c9c331914d',
  characteristicUuid: 'beb5483e-36e1-4688-b7f5-ea07361b26c2',
  value: '7b 22 74 79 70 65 22 3a 22 6f 74 61 22 2c 22 73 74 61 74 75 73 22 3a 22 70 72 6f 67 72 65 73 73 22 2c 22 72 65 63 65 69 76 65 64 22 3a 31 33 31 34 30 30 2c 22 74 6f 74 61 6c 22 3a 35 37 30 34 38 30 2c 22 70 65 72 63 65 6e 74 22 3a 32 33 7d'
}
Notification received: 7b 22 74 79 70 65 22 3a 22 6f 74 61 22 2c 22 73 74 61 74 75 73 22 3a 22 70 72 6f 67 72 65 73 73 22 2c 22 72 65 63 65 69 76 65 64 22 3a 31 33 31 39 34 30 2c 22 74 6f 74 61 6c 22 3a 35 37 30 34 38 30 2c 22 70 65 72 63 65 6e 74 22 3a 32 33 7d
[Main -> Renderer] ble:characteristicValueChanged: {
  deviceId: '10b41dcd238d',
  serviceUuid: '4fafc201-1fb5-459e-8fcc-c5c9c331914d',
  characteristicUuid: 'beb5483e-36e1-4688-b7f5-ea07361b26c2',
  value: '7b 22 74 79 70 65 22 3a 22 6f 74 61 22 2c 22 73 74 61 74 75 73 22 3a 22 70 72 6f 67 72 65 73 73 22 2c 22 72 65 63 65 69 76 65 64 22 3a 31 33 31 39 34 30 2c 22 74 6f 74 61 6c 22 3a 35 37 30 34 38 30 2c 22 70 65 72 63 65 6e 74 22 3a 32 33 7d'
}
Notification received: 7b 22 74 79 70 65 22 3a 22 6f 74 61 22 2c 22 73 74 61 74 75 73 22 3a 22 70 72 6f 67 72 65 73 73 22 2c 22 72 65 63 65 69 76 65 64 22 3a 31 33 32 33 30 30 2c 22 74 6f 74 61 6c 22 3a 35 37 30 34 38 30 2c 22 70 65 72 63 65 6e 74 22 3a 32 33 7d
[Main -> Renderer] ble:characteristicValueChanged: {
  deviceId: '10b41dcd238d',
  serviceUuid: '4fafc201-1fb5-459e-8fcc-c5c9c331914d',
  characteristicUuid: 'beb5483e-36e1-4688-b7f5-ea07361b26c2',
  value: '7b 22 74 79 70 65 22 3a 22 6f 74 61 22 2c 22 73 74 61 74 75 73 22 3a 22 70 72 6f 67 72 65 73 73 22 2c 22 72 65 63 65 69 76 65 64 22 3a 31 33 32 33 30 30 2c 22 74 6f 74 61 6c 22 3a 35 37 30 34 38 30 2c 22 70 65 72 63 65 6e 74 22 3a 32 33 7d'
}
Notification received: 7b 22 74 79 70 65 22 3a 22 6f 74 61 22 2c 22 73 74 61 74 75 73 22 3a 22 70 72 6f 67 72 65 73 73 22 2c 22 72 65 63 65 69 76 65 64 22 3a 31 33 32 36 36 30 2c 22 74 6f 74 61 6c 22 3a 35 37 30 34 38 30 2c 22 70 65 72 63 65 6e 74 22 3a 32 33 7d
[Main -> Renderer] ble:characteristicValueChanged: {
  deviceId: '10b41dcd238d',
  serviceUuid: '4fafc201-1fb5-459e-8fcc-c5c9c331914d',
  characteristicUuid: 'beb5483e-36e1-4688-b7f5-ea07361b26c2',
  value: '7b 22 74 79 70 65 22 3a 22 6f 74 61 22 2c 22 73 74 61 74 75 73 22 3a 22 70 72 6f 67 72 65 73 73 22 2c 22 72 65 63 65 69 76 65 64 22 3a 31 33 32 36 36 30 2c 22 74 6f 74 61 6c 22 3a 35 37 30 34 38 30 2c 22 70 65 72 63 65 6e 74 22 3a 32 33 7d'
}
Notification received: 7b 22 74 79 70 65 22 3a 22 6f 74 61 22 2c 22 73 74 61 74 75 73 22 3a 22 70 72 6f 67 72 65 73 73 22 2c 22 72 65 63 65 69 76 65 64 22 3a 31 33 33 30 32 30 2c 22 74 6f 74 61 6c 22 3a 35 37 30 34 38 30 2c 22 70 65 72 63 65 6e 74 22 3a 32 33 7d
[Main -> Renderer] ble:characteristicValueChanged: {
  deviceId: '10b41dcd238d',
  serviceUuid: '4fafc201-1fb5-459e-8fcc-c5c9c331914d',
  characteristicUuid: 'beb5483e-36e1-4688-b7f5-ea07361b26c2',
  value: '7b 22 74 79 70 65 22 3a 22 6f 74 61 22 2c 22 73 74 61 74 75 73 22 3a 22 70 72 6f 67 72 65 73 73 22 2c 22 72 65 63 65 69 76 65 64 22 3a 31 33 33 30 32 30 2c 22 74 6f 74 61 6c 22 3a 35 37 30 34 38 30 2c 22 70 65 72 63 65 6e 74 22 3a 32 33 7d'
}
Notification received: 7b 22 74 79 70 65 22 3a 22 6f 74 61 22 2c 22 73 74 61 74 75 73 22 3a 22 70 72 6f 67 72 65 73 73 22 2c 22 72 65 63 65 69 76 65 64 22 3a 31 33 33 33 38 30 2c 22 74 6f 74 61 6c 22 3a 35 37 30 34 38 30 2c 22 70 65 72 63 65 6e 74 22 3a 32 33 7d
[Main -> Renderer] ble:characteristicValueChanged: {
  deviceId: '10b41dcd238d',
  serviceUuid: '4fafc201-1fb5-459e-8fcc-c5c9c331914d',
  characteristicUuid: 'beb5483e-36e1-4688-b7f5-ea07361b26c2',
  value: '7b 22 74 79 70 65 22 3a 22 6f 74 61 22 2c 22 73 74 61 74 75 73 22 3a 22 70 72 6f 67 72 65 73 73 22 2c 22 72 65 63 65 69 76 65 64 22 3a 31 33 33 33 38 30 2c 22 74 6f 74 61 6c 22 3a 35 37 30 34 38 30 2c 22 70 65 72 63 65 6e 74 22 3a 32 33 7d'
}
Notification received: 7b 22 74 79 70 65 22 3a 22 6f 74 61 22 2c 22 73 74 61 74 75 73 22 3a 22 70 72 6f 67 72 65 73 73 22 2c 22 72 65 63 65 69 76 65 64 22 3a 31 33 33 37 34 30 2c 22 74 6f 74 61 6c 22 3a 35 37 30 34 38 30 2c 22 70 65 72 63 65 6e 74 22 3a 32 33 7d
[Main -> Renderer] ble:characteristicValueChanged: {
  deviceId: '10b41dcd238d',
  serviceUuid: '4fafc201-1fb5-459e-8fcc-c5c9c331914d',
  characteristicUuid: 'beb5483e-36e1-4688-b7f5-ea07361b26c2',
  value: '7b 22 74 79 70 65 22 3a 22 6f 74 61 22 2c 22 73 74 61 74 75 73 22 3a 22 70 72 6f 67 72 65 73 73 22 2c 22 72 65 63 65 69 76 65 64 22 3a 31 33 33 37 34 30 2c 22 74 6f 74 61 6c 22 3a 35 37 30 34 38 30 2c 22 70 65 72 63 65 6e 74 22 3a 32 33 7d'
}
Notification received: 7b 22 74 79 70 65 22 3a 22 6f 74 61 22 2c 22 73 74 61 74 75 73 22 3a 22 70 72 6f 67 72 65 73 73 22 2c 22 72 65 63 65 69 76 65 64 22 3a 31 33 34 31 30 30 2c 22 74 6f 74 61 6c 22 3a 35 37 30 34 38 30 2c 22 70 65 72 63 65 6e 74 22 3a 32 33 7d
[Main -> Renderer] ble:characteristicValueChanged: {
  deviceId: '10b41dcd238d',
  serviceUuid: '4fafc201-1fb5-459e-8fcc-c5c9c331914d',
  characteristicUuid: 'beb5483e-36e1-4688-b7f5-ea07361b26c2',
  value: '7b 22 74 79 70 65 22 3a 22 6f 74 61 22 2c 22 73 74 61 74 75 73 22 3a 22 70 72 6f 67 72 65 73 73 22 2c 22 72 65 63 65 69 76 65 64 22 3a 31 33 34 31 30 30 2c 22 74 6f 74 61 6c 22 3a 35 37 30 34 38 30 2c 22 70 65 72 63 65 6e 74 22 3a 32 33 7d'
}
Notification received: 7b 22 74 79 70 65 22 3a 22 6f 74 61 22 2c 22 73 74 61 74 75 73 22 3a 22 70 72 6f 67 72 65 73 73 22 2c 22 72 65 63 65 69 76 65 64 22 3a 31 33 34 36 34 30 2c 22 74 6f 74 61 6c 22 3a 35 37 30 34 38 30 2c 22 70 65 72 63 65 6e 74 22 3a 32 33 7d
[Main -> Renderer] ble:characteristicValueChanged: {
  deviceId: '10b41dcd238d',
  serviceUuid: '4fafc201-1fb5-459e-8fcc-c5c9c331914d',
  characteristicUuid: 'beb5483e-36e1-4688-b7f5-ea07361b26c2',
  value: '7b 22 74 79 70 65 22 3a 22 6f 74 61 22 2c 22 73 74 61 74 75 73 22 3a 22 70 72 6f 67 72 65 73 73 22 2c 22 72 65 63 65 69 76 65 64 22 3a 31 33 34 36 34 30 2c 22 74 6f 74 61 6c 22 3a 35 37 30 34 38 30 2c 22 70 65 72 63 65 6e 74 22 3a 32 33 7d'
}
Notification received: 7b 22 74 79 70 65 22 3a 22 6f 74 61 22 2c 22 73 74 61 74 75 73 22 3a 22 70 72 6f 67 72 65 73 73 22 2c 22 72 65 63 65 69 76 65 64 22 3a 31 33 35 31 38 30 2c 22 74 6f 74 61 6c 22 3a 35 37 30 34 38 30 2c 22 70 65 72 63 65 6e 74 22 3a 32 33 7d
[Main -> Renderer] ble:characteristicValueChanged: {
  deviceId: '10b41dcd238d',
  serviceUuid: '4fafc201-1fb5-459e-8fcc-c5c9c331914d',
  characteristicUuid: 'beb5483e-36e1-4688-b7f5-ea07361b26c2',
  value: '7b 22 74 79 70 65 22 3a 22 6f 74 61 22 2c 22 73 74 61 74 75 73 22 3a 22 70 72 6f 67 72 65 73 73 22 2c 22 72 65 63 65 69 76 65 64 22 3a 31 33 35 31 38 30 2c 22 74 6f 74 61 6c 22 3a 35 37 30 34 38 30 2c 22 70 65 72 63 65 6e 74 22 3a 32 33 7d'
}
Notification received: 7b 22 74 79 70 65 22 3a 22 6f 74 61 22 2c 22 73 74 61 74 75 73 22 3a 22 70 72 6f 67 72 65 73 73 22 2c 22 72 65 63 65 69 76 65 64 22 3a 31 33 35 35 34 30 2c 22 74 6f 74 61 6c 22 3a 35 37 30 34 38 30 2c 22 70 65 72 63 65 6e 74 22 3a 32 33 7d
[Main -> Renderer] ble:characteristicValueChanged: {
  deviceId: '10b41dcd238d',
  serviceUuid: '4fafc201-1fb5-459e-8fcc-c5c9c331914d',
  characteristicUuid: 'beb5483e-36e1-4688-b7f5-ea07361b26c2',
  value: '7b 22 74 79 70 65 22 3a 22 6f 74 61 22 2c 22 73 74 61 74 75 73 22 3a 22 70 72 6f 67 72 65 73 73 22 2c 22 72 65 63 65 69 76 65 64 22 3a 31 33 35 35 34 30 2c 22 74 6f 74 61 6c 22 3a 35 37 30 34 38 30 2c 22 70 65 72 63 65 6e 74 22 3a 32 33 7d'
}
Notification received: 7b 22 74 79 70 65 22 3a 22 6f 74 61 22 2c 22 73 74 61 74 75 73 22 3a 22 70 72 6f 67 72 65 73 73 22 2c 22 72 65 63 65 69 76 65 64 22 3a 31 33 36 30 38 30 2c 22 74 6f 74 61 6c 22 3a 35 37 30 34 38 30 2c 22 70 65 72 63 65 6e 74 22 3a 32 33 7d
[Main -> Renderer] ble:characteristicValueChanged: {
  deviceId: '10b41dcd238d',
  serviceUuid: '4fafc201-1fb5-459e-8fcc-c5c9c331914d',
  characteristicUuid: 'beb5483e-36e1-4688-b7f5-ea07361b26c2',
  value: '7b 22 74 79 70 65 22 3a 22 6f 74 61 22 2c 22 73 74 61 74 75 73 22 3a 22 70 72 6f 67 72 65 73 73 22 2c 22 72 65 63 65 69 76 65 64 22 3a 31 33 36 30 38 30 2c 22 74 6f 74 61 6c 22 3a 35 37 30 34 38 30 2c 22 70 65 72 63 65 6e 74 22 3a 32 33 7d'
}
Notification received: 7b 22 74 79 70 65 22 3a 22 6f 74 61 22 2c 22 73 74 61 74 75 73 22 3a 22 70 72 6f 67 72 65 73 73 22 2c 22 72 65 63 65 69 76 65 64 22 3a 31 33 36 34 34 30 2c 22 74 6f 74 61 6c 22 3a 35 37 30 34 38 30 2c 22 70 65 72 63 65 6e 74 22 3a 32 33 7d
[Main -> Renderer] ble:characteristicValueChanged: {
  deviceId: '10b41dcd238d',
  serviceUuid: '4fafc201-1fb5-459e-8fcc-c5c9c331914d',
  characteristicUuid: 'beb5483e-36e1-4688-b7f5-ea07361b26c2',
  value: '7b 22 74 79 70 65 22 3a 22 6f 74 61 22 2c 22 73 74 61 74 75 73 22 3a 22 70 72 6f 67 72 65 73 73 22 2c 22 72 65 63 65 69 76 65 64 22 3a 31 33 36 34 34 30 2c 22 74 6f 74 61 6c 22 3a 35 37 30 34 38 30 2c 22 70 65 72 63 65 6e 74 22 3a 32 33 7d'
}
Notification received: 7b 22 74 79 70 65 22 3a 22 6f 74 61 22 2c 22 73 74 61 74 75 73 22 3a 22 70 72 6f 67 72 65 73 73 22 2c 22 72 65 63 65 69 76 65 64 22 3a 31 33 36 38 30 30 2c 22 74 6f 74 61 6c 22 3a 35 37 30 34 38 30 2c 22 70 65 72 63 65 6e 74 22 3a 32 33 7d
[Main -> Renderer] ble:characteristicValueChanged: {
  deviceId: '10b41dcd238d',
  serviceUuid: '4fafc201-1fb5-459e-8fcc-c5c9c331914d',
  characteristicUuid: 'beb5483e-36e1-4688-b7f5-ea07361b26c2',
  value: '7b 22 74 79 70 65 22 3a 22 6f 74 61 22 2c 22 73 74 61 74 75 73 22 3a 22 70 72 6f 67 72 65 73 73 22 2c 22 72 65 63 65 69 76 65 64 22 3a 31 33 36 38 30 30 2c 22 74 6f 74 61 6c 22 3a 35 37 30 34 38 30 2c 22 70 65 72 63 65 6e 74 22 3a 32 33 7d'
}
Notification received: 7b 22 74 79 70 65 22 3a 22 6f 74 61 22 2c 22 73 74 61 74 75 73 22 3a 22 70 72 6f 67 72 65 73 73 22 2c 22 72 65 63 65 69 76 65 64 22 3a 31 33 37 31 36 30 2c 22 74 6f 74 61 6c 22 3a 35 37 30 34 38 30 2c 22 70 65 72 63 65 6e 74 22 3a 32 34 7d
[Main -> Renderer] ble:characteristicValueChanged: {
  deviceId: '10b41dcd238d',
  serviceUuid: '4fafc201-1fb5-459e-8fcc-c5c9c331914d',
  characteristicUuid: 'beb5483e-36e1-4688-b7f5-ea07361b26c2',
  value: '7b 22 74 79 70 65 22 3a 22 6f 74 61 22 2c 22 73 74 61 74 75 73 22 3a 22 70 72 6f 67 72 65 73 73 22 2c 22 72 65 63 65 69 76 65 64 22 3a 31 33 37 31 36 30 2c 22 74 6f 74 61 6c 22 3a 35 37 30 34 38 30 2c 22 70 65 72 63 65 6e 74 22 3a 32 34 7d'
}
Notification received: 7b 22 74 79 70 65 22 3a 22 6f 74 61 22 2c 22 73 74 61 74 75 73 22 3a 22 70 72 6f 67 72 65 73 73 22 2c 22 72 65 63 65 69 76 65 64 22 3a 31 33 37 37 30 30 2c 22 74 6f 74 61 6c 22 3a 35 37 30 34 38 30 2c 22 70 65 72 63 65 6e 74 22 3a 32 34 7d
[Main -> Renderer] ble:characteristicValueChanged: {
  deviceId: '10b41dcd238d',
  serviceUuid: '4fafc201-1fb5-459e-8fcc-c5c9c331914d',
  characteristicUuid: 'beb5483e-36e1-4688-b7f5-ea07361b26c2',
  value: '7b 22 74 79 70 65 22 3a 22 6f 74 61 22 2c 22 73 74 61 74 75 73 22 3a 22 70 72 6f 67 72 65 73 73 22 2c 22 72 65 63 65 69 76 65 64 22 3a 31 33 37 37 30 30 2c 22 74 6f 74 61 6c 22 3a 35 37 30 34 38 30 2c 22 70 65 72 63 65 6e 74 22 3a 32 34 7d'
}
Notification received: 7b 22 74 79 70 65 22 3a 22 6f 74 61 22 2c 22 73 74 61 74 75 73 22 3a 22 70 72 6f 67 72 65 73 73 22 2c 22 72 65 63 65 69 76 65 64 22 3a 31 33 38 30 36 30 2c 22 74 6f 74 61 6c 22 3a 35 37 30 34 38 30 2c 22 70 65 72 63 65 6e 74 22 3a 32 34 7d
[Main -> Renderer] ble:characteristicValueChanged: {
  deviceId: '10b41dcd238d',
  serviceUuid: '4fafc201-1fb5-459e-8fcc-c5c9c331914d',
  characteristicUuid: 'beb5483e-36e1-4688-b7f5-ea07361b26c2',
  value: '7b 22 74 79 70 65 22 3a 22 6f 74 61 22 2c 22 73 74 61 74 75 73 22 3a 22 70 72 6f 67 72 65 73 73 22 2c 22 72 65 63 65 69 76 65 64 22 3a 31 33 38 30 36 30 2c 22 74 6f 74 61 6c 22 3a 35 37 30 34 38 30 2c 22 70 65 72 63 65 6e 74 22 3a 32 34 7d'
}
Notification received: 7b 22 74 79 70 65 22 3a 22 6f 74 61 22 2c 22 73 74 61 74 75 73 22 3a 22 70 72 6f 67 72 65 73 73 22 2c 22 72 65 63 65 69 76 65 64 22 3a 31 33 38 36 30 30 2c 22 74 6f 74 61 6c 22 3a 35 37 30 34 38 30 2c 22 70 65 72 63 65 6e 74 22 3a 32 34 7d
[Main -> Renderer] ble:characteristicValueChanged: {
  deviceId: '10b41dcd238d',
  serviceUuid: '4fafc201-1fb5-459e-8fcc-c5c9c331914d',
  characteristicUuid: 'beb5483e-36e1-4688-b7f5-ea07361b26c2',
  value: '7b 22 74 79 70 65 22 3a 22 6f 74 61 22 2c 22 73 74 61 74 75 73 22 3a 22 70 72 6f 67 72 65 73 73 22 2c 22 72 65 63 65 69 76 65 64 22 3a 31 33 38 36 30 30 2c 22 74 6f 74 61 6c 22 3a 35 37 30 34 38 30 2c 22 70 65 72 63 65 6e 74 22 3a 32 34 7d'
}
Notification received: 7b 22 74 79 70 65 22 3a 22 6f 74 61 22 2c 22 73 74 61 74 75 73 22 3a 22 70 72 6f 67 72 65 73 73 22 2c 22 72 65 63 65 69 76 65 64 22 3a 31 33 38 39 36 30 2c 22 74 6f 74 61 6c 22 3a 35 37 30 34 38 30 2c 22 70 65 72 63 65 6e 74 22 3a 32 34 7d
[Main -> Renderer] ble:characteristicValueChanged: {
  deviceId: '10b41dcd238d',
  serviceUuid: '4fafc201-1fb5-459e-8fcc-c5c9c331914d',
  characteristicUuid: 'beb5483e-36e1-4688-b7f5-ea07361b26c2',
  value: '7b 22 74 79 70 65 22 3a 22 6f 74 61 22 2c 22 73 74 61 74 75 73 22 3a 22 70 72 6f 67 72 65 73 73 22 2c 22 72 65 63 65 69 76 65 64 22 3a 31 33 38 39 36 30 2c 22 74 6f 74 61 6c 22 3a 35 37 30 34 38 30 2c 22 70 65 72 63 65 6e 74 22 3a 32 34 7d'
}
Notification received: 7b 22 74 79 70 65 22 3a 22 6f 74 61 22 2c 22 73 74 61 74 75 73 22 3a 22 70 72 6f 67 72 65 73 73 22 2c 22 72 65 63 65 69 76 65 64 22 3a 31 33 39 33 32 30 2c 22 74 6f 74 61 6c 22 3a 35 37 30 34 38 30 2c 22 70 65 72 63 65 6e 74 22 3a 32 34 7d
[Main -> Renderer] ble:characteristicValueChanged: {
  deviceId: '10b41dcd238d',
  serviceUuid: '4fafc201-1fb5-459e-8fcc-c5c9c331914d',
  characteristicUuid: 'beb5483e-36e1-4688-b7f5-ea07361b26c2',
  value: '7b 22 74 79 70 65 22 3a 22 6f 74 61 22 2c 22 73 74 61 74 75 73 22 3a 22 70 72 6f 67 72 65 73 73 22 2c 22 72 65 63 65 69 76 65 64 22 3a 31 33 39 33 32 30 2c 22 74 6f 74 61 6c 22 3a 35 37 30 34 38 30 2c 22 70 65 72 63 65 6e 74 22 3a 32 34 7d'
}
Notification received: 7b 22 74 79 70 65 22 3a 22 6f 74 61 22 2c 22 73 74 61 74 75 73 22 3a 22 70 72 6f 67 72 65 73 73 22 2c 22 72 65 63 65 69 76 65 64 22 3a 31 33 39 38 36 30 2c 22 74 6f 74 61 6c 22 3a 35 37 30 34 38 30 2c 22 70 65 72 63 65 6e 74 22 3a 32 34 7d
[Main -> Renderer] ble:characteristicValueChanged: {
  deviceId: '10b41dcd238d',
  serviceUuid: '4fafc201-1fb5-459e-8fcc-c5c9c331914d',
  characteristicUuid: 'beb5483e-36e1-4688-b7f5-ea07361b26c2',
  value: '7b 22 74 79 70 65 22 3a 22 6f 74 61 22 2c 22 73 74 61 74 75 73 22 3a 22 70 72 6f 67 72 65 73 73 22 2c 22 72 65 63 65 69 76 65 64 22 3a 31 33 39 38 36 30 2c 22 74 6f 74 61 6c 22 3a 35 37 30 34 38 30 2c 22 70 65 72 63 65 6e 74 22 3a 32 34 7d'
}
Notification received: 7b 22 74 79 70 65 22 3a 22 6f 74 61 22 2c 22 73 74 61 74 75 73 22 3a 22 70 72 6f 67 72 65 73 73 22 2c 22 72 65 63 65 69 76 65 64 22 3a 31 34 30 34 30 30 2c 22 74 6f 74 61 6c 22 3a 35 37 30 34 38 30 2c 22 70 65 72 63 65 6e 74 22 3a 32 34 7d
[Main -> Renderer] ble:characteristicValueChanged: {
  deviceId: '10b41dcd238d',
  serviceUuid: '4fafc201-1fb5-459e-8fcc-c5c9c331914d',
  characteristicUuid: 'beb5483e-36e1-4688-b7f5-ea07361b26c2',
  value: '7b 22 74 79 70 65 22 3a 22 6f 74 61 22 2c 22 73 74 61 74 75 73 22 3a 22 70 72 6f 67 72 65 73 73 22 2c 22 72 65 63 65 69 76 65 64 22 3a 31 34 30 34 30 30 2c 22 74 6f 74 61 6c 22 3a 35 37 30 34 38 30 2c 22 70 65 72 63 65 6e 74 22 3a 32 34 7d'
}
Notification received: 7b 22 74 79 70 65 22 3a 22 6f 74 61 22 2c 22 73 74 61 74 75 73 22 3a 22 70 72 6f 67 72 65 73 73 22 2c 22 72 65 63 65 69 76 65 64 22 3a 31 34 30 39 34 30 2c 22 74 6f 74 61 6c 22 3a 35 37 30 34 38 30 2c 22 70 65 72 63 65 6e 74 22 3a 32 34 7d
[Main -> Renderer] ble:characteristicValueChanged: {
  deviceId: '10b41dcd238d',
  serviceUuid: '4fafc201-1fb5-459e-8fcc-c5c9c331914d',
  characteristicUuid: 'beb5483e-36e1-4688-b7f5-ea07361b26c2',
  value: '7b 22 74 79 70 65 22 3a 22 6f 74 61 22 2c 22 73 74 61 74 75 73 22 3a 22 70 72 6f 67 72 65 73 73 22 2c 22 72 65 63 65 69 76 65 64 22 3a 31 34 30 39 34 30 2c 22 74 6f 74 61 6c 22 3a 35 37 30 34 38 30 2c 22 70 65 72 63 65 6e 74 22 3a 32 34 7d'
}
Notification received: 7b 22 74 79 70 65 22 3a 22 6f 74 61 22 2c 22 73 74 61 74 75 73 22 3a 22 70 72 6f 67 72 65 73 73 22 2c 22 72 65 63 65 69 76 65 64 22 3a 31 34 31 34 38 30 2c 22 74 6f 74 61 6c 22 3a 35 37 30 34 38 30 2c 22 70 65 72 63 65 6e 74 22 3a 32 34 7d
[Main -> Renderer] ble:characteristicValueChanged: {
  deviceId: '10b41dcd238d',
  serviceUuid: '4fafc201-1fb5-459e-8fcc-c5c9c331914d',
  characteristicUuid: 'beb5483e-36e1-4688-b7f5-ea07361b26c2',
  value: '7b 22 74 79 70 65 22 3a 22 6f 74 61 22 2c 22 73 74 61 74 75 73 22 3a 22 70 72 6f 67 72 65 73 73 22 2c 22 72 65 63 65 69 76 65 64 22 3a 31 34 31 34 38 30 2c 22 74 6f 74 61 6c 22 3a 35 37 30 34 38 30 2c 22 70 65 72 63 65 6e 74 22 3a 32 34 7d'
}
Notification received: 7b 22 74 79 70 65 22 3a 22 6f 74 61 22 2c 22 73 74 61 74 75 73 22 3a 22 70 72 6f 67 72 65 73 73 22 2c 22 72 65 63 65 69 76 65 64 22 3a 31 34 32 30 32 30 2c 22 74 6f 74 61 6c 22 3a 35 37 30 34 38 30 2c 22 70 65 72 63 65 6e 74 22 3a 32 34 7d
[Main -> Renderer] ble:characteristicValueChanged: {
  deviceId: '10b41dcd238d',
  serviceUuid: '4fafc201-1fb5-459e-8fcc-c5c9c331914d',
  characteristicUuid: 'beb5483e-36e1-4688-b7f5-ea07361b26c2',
  value: '7b 22 74 79 70 65 22 3a 22 6f 74 61 22 2c 22 73 74 61 74 75 73 22 3a 22 70 72 6f 67 72 65 73 73 22 2c 22 72 65 63 65 69 76 65 64 22 3a 31 34 32 30 32 30 2c 22 74 6f 74 61 6c 22 3a 35 37 30 34 38 30 2c 22 70 65 72 63 65 6e 74 22 3a 32 34 7d'
}
Notification received: 7b 22 74 79 70 65 22 3a 22 6f 74 61 22 2c 22 73 74 61 74 75 73 22 3a 22 70 72 6f 67 72 65 73 73 22 2c 22 72 65 63 65 69 76 65 64 22 3a 31 34 32 35 36 30 2c 22 74 6f 74 61 6c 22 3a 35 37 30 34 38 30 2c 22 70 65 72 63 65 6e 74 22 3a 32 34 7d
[Main -> Renderer] ble:characteristicValueChanged: {
  deviceId: '10b41dcd238d',
  serviceUuid: '4fafc201-1fb5-459e-8fcc-c5c9c331914d',
  characteristicUuid: 'beb5483e-36e1-4688-b7f5-ea07361b26c2',
  value: '7b 22 74 79 70 65 22 3a 22 6f 74 61 22 2c 22 73 74 61 74 75 73 22 3a 22 70 72 6f 67 72 65 73 73 22 2c 22 72 65 63 65 69 76 65 64 22 3a 31 34 32 35 36 30 2c 22 74 6f 74 61 6c 22 3a 35 37 30 34 38 30 2c 22 70 65 72 63 65 6e 74 22 3a 32 34 7d'
}
Notification received: 7b 22 74 79 70 65 22 3a 22 6f 74 61 22 2c 22 73 74 61 74 75 73 22 3a 22 70 72 6f 67 72 65 73 73 22 2c 22 72 65 63 65 69 76 65 64 22 3a 31 34 32 39 32 30 2c 22 74 6f 74 61 6c 22 3a 35 37 30 34 38 30 2c 22 70 65 72 63 65 6e 74 22 3a 32 35 7d
[Main -> Renderer] ble:characteristicValueChanged: {
  deviceId: '10b41dcd238d',
  serviceUuid: '4fafc201-1fb5-459e-8fcc-c5c9c331914d',
  characteristicUuid: 'beb5483e-36e1-4688-b7f5-ea07361b26c2',
  value: '7b 22 74 79 70 65 22 3a 22 6f 74 61 22 2c 22 73 74 61 74 75 73 22 3a 22 70 72 6f 67 72 65 73 73 22 2c 22 72 65 63 65 69 76 65 64 22 3a 31 34 32 39 32 30 2c 22 74 6f 74 61 6c 22 3a 35 37 30 34 38 30 2c 22 70 65 72 63 65 6e 74 22 3a 32 35 7d'
}
Notification received: 7b 22 74 79 70 65 22 3a 22 6f 74 61 22 2c 22 73 74 61 74 75 73 22 3a 22 70 72 6f 67 72 65 73 73 22 2c 22 72 65 63 65 69 76 65 64 22 3a 31 34 33 32 38 30 2c 22 74 6f 74 61 6c 22 3a 35 37 30 34 38 30 2c 22 70 65 72 63 65 6e 74 22 3a 32 35 7d
[Main -> Renderer] ble:characteristicValueChanged: {
  deviceId: '10b41dcd238d',
  serviceUuid: '4fafc201-1fb5-459e-8fcc-c5c9c331914d',
  characteristicUuid: 'beb5483e-36e1-4688-b7f5-ea07361b26c2',
  value: '7b 22 74 79 70 65 22 3a 22 6f 74 61 22 2c 22 73 74 61 74 75 73 22 3a 22 70 72 6f 67 72 65 73 73 22 2c 22 72 65 63 65 69 76 65 64 22 3a 31 34 33 32 38 30 2c 22 74 6f 74 61 6c 22 3a 35 37 30 34 38 30 2c 22 70 65 72 63 65 6e 74 22 3a 32 35 7d'
}
Notification received: 7b 22 74 79 70 65 22 3a 22 6f 74 61 22 2c 22 73 74 61 74 75 73 22 3a 22 70 72 6f 67 72 65 73 73 22 2c 22 72 65 63 65 69 76 65 64 22 3a 31 34 33 36 34 30 2c 22 74 6f 74 61 6c 22 3a 35 37 30 34 38 30 2c 22 70 65 72 63 65 6e 74 22 3a 32 35 7d
[Main -> Renderer] ble:characteristicValueChanged: {
  deviceId: '10b41dcd238d',
  serviceUuid: '4fafc201-1fb5-459e-8fcc-c5c9c331914d',
  characteristicUuid: 'beb5483e-36e1-4688-b7f5-ea07361b26c2',
  value: '7b 22 74 79 70 65 22 3a 22 6f 74 61 22 2c 22 73 74 61 74 75 73 22 3a 22 70 72 6f 67 72 65 73 73 22 2c 22 72 65 63 65 69 76 65 64 22 3a 31 34 33 36 34 30 2c 22 74 6f 74 61 6c 22 3a 35 37 30 34 38 30 2c 22 70 65 72 63 65 6e 74 22 3a 32 35 7d'
}
Notification received: 7b 22 74 79 70 65 22 3a 22 6f 74 61 22 2c 22 73 74 61 74 75 73 22 3a 22 70 72 6f 67 72 65 73 73 22 2c 22 72 65 63 65 69 76 65 64 22 3a 31 34 34 31 38 30 2c 22 74 6f 74 61 6c 22 3a 35 37 30 34 38 30 2c 22 70 65 72 63 65 6e 74 22 3a 32 35 7d
[Main -> Renderer] ble:characteristicValueChanged: {
  deviceId: '10b41dcd238d',
  serviceUuid: '4fafc201-1fb5-459e-8fcc-c5c9c331914d',
  characteristicUuid: 'beb5483e-36e1-4688-b7f5-ea07361b26c2',
  value: '7b 22 74 79 70 65 22 3a 22 6f 74 61 22 2c 22 73 74 61 74 75 73 22 3a 22 70 72 6f 67 72 65 73 73 22 2c 22 72 65 63 65 69 76 65 64 22 3a 31 34 34 31 38 30 2c 22 74 6f 74 61 6c 22 3a 35 37 30 34 38 30 2c 22 70 65 72 63 65 6e 74 22 3a 32 35 7d'
}
Notification received: 7b 22 74 79 70 65 22 3a 22 6f 74 61 22 2c 22 73 74 61 74 75 73 22 3a 22 70 72 6f 67 72 65 73 73 22 2c 22 72 65 63 65 69 76 65 64 22 3a 31 34 34 35 34 30 2c 22 74 6f 74 61 6c 22 3a 35 37 30 34 38 30 2c 22 70 65 72 63 65 6e 74 22 3a 32 35 7d
[Main -> Renderer] ble:characteristicValueChanged: {
  deviceId: '10b41dcd238d',
  serviceUuid: '4fafc201-1fb5-459e-8fcc-c5c9c331914d',
  characteristicUuid: 'beb5483e-36e1-4688-b7f5-ea07361b26c2',
  value: '7b 22 74 79 70 65 22 3a 22 6f 74 61 22 2c 22 73 74 61 74 75 73 22 3a 22 70 72 6f 67 72 65 73 73 22 2c 22 72 65 63 65 69 76 65 64 22 3a 31 34 34 35 34 30 2c 22 74 6f 74 61 6c 22 3a 35 37 30 34 38 30 2c 22 70 65 72 63 65 6e 74 22 3a 32 35 7d'
}
Notification received: 7b 22 74 79 70 65 22 3a 22 6f 74 61 22 2c 22 73 74 61 74 75 73 22 3a 22 70 72 6f 67 72 65 73 73 22 2c 22 72 65 63 65 69 76 65 64 22 3a 31 34 35 30 38 30 2c 22 74 6f 74 61 6c 22 3a 35 37 30 34 38 30 2c 22 70 65 72 63 65 6e 74 22 3a 32 35 7d
[Main -> Renderer] ble:characteristicValueChanged: {
  deviceId: '10b41dcd238d',
  serviceUuid: '4fafc201-1fb5-459e-8fcc-c5c9c331914d',
  characteristicUuid: 'beb5483e-36e1-4688-b7f5-ea07361b26c2',
  value: '7b 22 74 79 70 65 22 3a 22 6f 74 61 22 2c 22 73 74 61 74 75 73 22 3a 22 70 72 6f 67 72 65 73 73 22 2c 22 72 65 63 65 69 76 65 64 22 3a 31 34 35 30 38 30 2c 22 74 6f 74 61 6c 22 3a 35 37 30 34 38 30 2c 22 70 65 72 63 65 6e 74 22 3a 32 35 7d'
}
Notification received: 7b 22 74 79 70 65 22 3a 22 6f 74 61 22 2c 22 73 74 61 74 75 73 22 3a 22 70 72 6f 67 72 65 73 73 22 2c 22 72 65 63 65 69 76 65 64 22 3a 31 34 35 36 32 30 2c 22 74 6f 74 61 6c 22 3a 35 37 30 34 38 30 2c 22 70 65 72 63 65 6e 74 22 3a 32 35 7d
[Main -> Renderer] ble:characteristicValueChanged: {
  deviceId: '10b41dcd238d',
  serviceUuid: '4fafc201-1fb5-459e-8fcc-c5c9c331914d',
  characteristicUuid: 'beb5483e-36e1-4688-b7f5-ea07361b26c2',
  value: '7b 22 74 79 70 65 22 3a 22 6f 74 61 22 2c 22 73 74 61 74 75 73 22 3a 22 70 72 6f 67 72 65 73 73 22 2c 22 72 65 63 65 69 76 65 64 22 3a 31 34 35 36 32 30 2c 22 74 6f 74 61 6c 22 3a 35 37 30 34 38 30 2c 22 70 65 72 63 65 6e 74 22 3a 32 35 7d'
}
Notification received: 7b 22 74 79 70 65 22 3a 22 6f 74 61 22 2c 22 73 74 61 74 75 73 22 3a 22 70 72 6f 67 72 65 73 73 22 2c 22 72 65 63 65 69 76 65 64 22 3a 31 34 35 39 38 30 2c 22 74 6f 74 61 6c 22 3a 35 37 30 34 38 30 2c 22 70 65 72 63 65 6e 74 22 3a 32 35 7d
[Main -> Renderer] ble:characteristicValueChanged: {
  deviceId: '10b41dcd238d',
  serviceUuid: '4fafc201-1fb5-459e-8fcc-c5c9c331914d',
  characteristicUuid: 'beb5483e-36e1-4688-b7f5-ea07361b26c2',
  value: '7b 22 74 79 70 65 22 3a 22 6f 74 61 22 2c 22 73 74 61 74 75 73 22 3a 22 70 72 6f 67 72 65 73 73 22 2c 22 72 65 63 65 69 76 65 64 22 3a 31 34 35 39 38 30 2c 22 74 6f 74 61 6c 22 3a 35 37 30 34 38 30 2c 22 70 65 72 63 65 6e 74 22 3a 32 35 7d'
}
Notification received: 7b 22 74 79 70 65 22 3a 22 6f 74 61 22 2c 22 73 74 61 74 75 73 22 3a 22 70 72 6f 67 72 65 73 73 22 2c 22 72 65 63 65 69 76 65 64 22 3a 31 34 36 33 34 30 2c 22 74 6f 74 61 6c 22 3a 35 37 30 34 38 30 2c 22 70 65 72 63 65 6e 74 22 3a 32 35 7d
[Main -> Renderer] ble:characteristicValueChanged: {
  deviceId: '10b41dcd238d',
  serviceUuid: '4fafc201-1fb5-459e-8fcc-c5c9c331914d',
  characteristicUuid: 'beb5483e-36e1-4688-b7f5-ea07361b26c2',
  value: '7b 22 74 79 70 65 22 3a 22 6f 74 61 22 2c 22 73 74 61 74 75 73 22 3a 22 70 72 6f 67 72 65 73 73 22 2c 22 72 65 63 65 69 76 65 64 22 3a 31 34 36 33 34 30 2c 22 74 6f 74 61 6c 22 3a 35 37 30 34 38 30 2c 22 70 65 72 63 65 6e 74 22 3a 32 35 7d'
}
Notification received: 7b 22 74 79 70 65 22 3a 22 6f 74 61 22 2c 22 73 74 61 74 75 73 22 3a 22 70 72 6f 67 72 65 73 73 22 2c 22 72 65 63 65 69 76 65 64 22 3a 31 34 36 38 38 30 2c 22 74 6f 74 61 6c 22 3a 35 37 30 34 38 30 2c 22 70 65 72 63 65 6e 74 22 3a 32 35 7d
[Main -> Renderer] ble:characteristicValueChanged: {
  deviceId: '10b41dcd238d',
  serviceUuid: '4fafc201-1fb5-459e-8fcc-c5c9c331914d',
  characteristicUuid: 'beb5483e-36e1-4688-b7f5-ea07361b26c2',
  value: '7b 22 74 79 70 65 22 3a 22 6f 74 61 22 2c 22 73 74 61 74 75 73 22 3a 22 70 72 6f 67 72 65 73 73 22 2c 22 72 65 63 65 69 76 65 64 22 3a 31 34 36 38 38 30 2c 22 74 6f 74 61 6c 22 3a 35 37 30 34 38 30 2c 22 70 65 72 63 65 6e 74 22 3a 32 35 7d'
}
Notification received: 7b 22 74 79 70 65 22 3a 22 6f 74 61 22 2c 22 73 74 61 74 75 73 22 3a 22 70 72 6f 67 72 65 73 73 22 2c 22 72 65 63 65 69 76 65 64 22 3a 31 34 37 34 32 30 2c 22 74 6f 74 61 6c 22 3a 35 37 30 34 38 30 2c 22 70 65 72 63 65 6e 74 22 3a 32 35 7d
[Main -> Renderer] ble:characteristicValueChanged: {
  deviceId: '10b41dcd238d',
  serviceUuid: '4fafc201-1fb5-459e-8fcc-c5c9c331914d',
  characteristicUuid: 'beb5483e-36e1-4688-b7f5-ea07361b26c2',
  value: '7b 22 74 79 70 65 22 3a 22 6f 74 61 22 2c 22 73 74 61 74 75 73 22 3a 22 70 72 6f 67 72 65 73 73 22 2c 22 72 65 63 65 69 76 65 64 22 3a 31 34 37 34 32 30 2c 22 74 6f 74 61 6c 22 3a 35 37 30 34 38 30 2c 22 70 65 72 63 65 6e 74 22 3a 32 35 7d'
}
Notification received: 7b 22 74 79 70 65 22 3a 22 6f 74 61 22 2c 22 73 74 61 74 75 73 22 3a 22 70 72 6f 67 72 65 73 73 22 2c 22 72 65 63 65 69 76 65 64 22 3a 31 34 37 39 36 30 2c 22 74 6f 74 61 6c 22 3a 35 37 30 34 38 30 2c 22 70 65 72 63 65 6e 74 22 3a 32 35 7d
[Main -> Renderer] ble:characteristicValueChanged: {
  deviceId: '10b41dcd238d',
  serviceUuid: '4fafc201-1fb5-459e-8fcc-c5c9c331914d',
  characteristicUuid: 'beb5483e-36e1-4688-b7f5-ea07361b26c2',
  value: '7b 22 74 79 70 65 22 3a 22 6f 74 61 22 2c 22 73 74 61 74 75 73 22 3a 22 70 72 6f 67 72 65 73 73 22 2c 22 72 65 63 65 69 76 65 64 22 3a 31 34 37 39 36 30 2c 22 74 6f 74 61 6c 22 3a 35 37 30 34 38 30 2c 22 70 65 72 63 65 6e 74 22 3a 32 35 7d'
}
Notification received: 7b 22 74 79 70 65 22 3a 22 6f 74 61 22 2c 22 73 74 61 74 75 73 22 3a 22 70 72 6f 67 72 65 73 73 22 2c 22 72 65 63 65 69 76 65 64 22 3a 31 34 38 35 30 30 2c 22 74 6f 74 61 6c 22 3a 35 37 30 34 38 30 2c 22 70 65 72 63 65 6e 74 22 3a 32 36 7d
[Main -> Renderer] ble:characteristicValueChanged: {
  deviceId: '10b41dcd238d',
  serviceUuid: '4fafc201-1fb5-459e-8fcc-c5c9c331914d',
  characteristicUuid: 'beb5483e-36e1-4688-b7f5-ea07361b26c2',
  value: '7b 22 74 79 70 65 22 3a 22 6f 74 61 22 2c 22 73 74 61 74 75 73 22 3a 22 70 72 6f 67 72 65 73 73 22 2c 22 72 65 63 65 69 76 65 64 22 3a 31 34 38 35 30 30 2c 22 74 6f 74 61 6c 22 3a 35 37 30 34 38 30 2c 22 70 65 72 63 65 6e 74 22 3a 32 36 7d'
}
Notification received: 7b 22 74 79 70 65 22 3a 22 6f 74 61 22 2c 22 73 74 61 74 75 73 22 3a 22 70 72 6f 67 72 65 73 73 22 2c 22 72 65 63 65 69 76 65 64 22 3a 31 34 39 30 34 30 2c 22 74 6f 74 61 6c 22 3a 35 37 30 34 38 30 2c 22 70 65 72 63 65 6e 74 22 3a 32 36 7d
[Main -> Renderer] ble:characteristicValueChanged: {
  deviceId: '10b41dcd238d',
  serviceUuid: '4fafc201-1fb5-459e-8fcc-c5c9c331914d',
  characteristicUuid: 'beb5483e-36e1-4688-b7f5-ea07361b26c2',
  value: '7b 22 74 79 70 65 22 3a 22 6f 74 61 22 2c 22 73 74 61 74 75 73 22 3a 22 70 72 6f 67 72 65 73 73 22 2c 22 72 65 63 65 69 76 65 64 22 3a 31 34 39 30 34 30 2c 22 74 6f 74 61 6c 22 3a 35 37 30 34 38 30 2c 22 70 65 72 63 65 6e 74 22 3a 32 36 7d'
}
Notification received: 7b 22 74 79 70 65 22 3a 22 6f 74 61 22 2c 22 73 74 61 74 75 73 22 3a 22 70 72 6f 67 72 65 73 73 22 2c 22 72 65 63 65 69 76 65 64 22 3a 31 34 39 34 30 30 2c 22 74 6f 74 61 6c 22 3a 35 37 30 34 38 30 2c 22 70 65 72 63 65 6e 74 22 3a 32 36 7d
[Main -> Renderer] ble:characteristicValueChanged: {
  deviceId: '10b41dcd238d',
  serviceUuid: '4fafc201-1fb5-459e-8fcc-c5c9c331914d',
  characteristicUuid: 'beb5483e-36e1-4688-b7f5-ea07361b26c2',
  value: '7b 22 74 79 70 65 22 3a 22 6f 74 61 22 2c 22 73 74 61 74 75 73 22 3a 22 70 72 6f 67 72 65 73 73 22 2c 22 72 65 63 65 69 76 65 64 22 3a 31 34 39 34 30 30 2c 22 74 6f 74 61 6c 22 3a 35 37 30 34 38 30 2c 22 70 65 72 63 65 6e 74 22 3a 32 36 7d'
}
Notification received: 7b 22 74 79 70 65 22 3a 22 6f 74 61 22 2c 22 73 74 61 74 75 73 22 3a 22 70 72 6f 67 72 65 73 73 22 2c 22 72 65 63 65 69 76 65 64 22 3a 31 34 39 37 36 30 2c 22 74 6f 74 61 6c 22 3a 35 37 30 34 38 30 2c 22 70 65 72 63 65 6e 74 22 3a 32 36 7d
[Main -> Renderer] ble:characteristicValueChanged: {
  deviceId: '10b41dcd238d',
  serviceUuid: '4fafc201-1fb5-459e-8fcc-c5c9c331914d',
  characteristicUuid: 'beb5483e-36e1-4688-b7f5-ea07361b26c2',
  value: '7b 22 74 79 70 65 22 3a 22 6f 74 61 22 2c 22 73 74 61 74 75 73 22 3a 22 70 72 6f 67 72 65 73 73 22 2c 22 72 65 63 65 69 76 65 64 22 3a 31 34 39 37 36 30 2c 22 74 6f 74 61 6c 22 3a 35 37 30 34 38 30 2c 22 70 65 72 63 65 6e 74 22 3a 32 36 7d'
}
Notification received: 7b 22 74 79 70 65 22 3a 22 6f 74 61 22 2c 22 73 74 61 74 75 73 22 3a 22 70 72 6f 67 72 65 73 73 22 2c 22 72 65 63 65 69 76 65 64 22 3a 31 35 30 31 32 30 2c 22 74 6f 74 61 6c 22 3a 35 37 30 34 38 30 2c 22 70 65 72 63 65 6e 74 22 3a 32 36 7d
[Main -> Renderer] ble:characteristicValueChanged: {
  deviceId: '10b41dcd238d',
  serviceUuid: '4fafc201-1fb5-459e-8fcc-c5c9c331914d',
  characteristicUuid: 'beb5483e-36e1-4688-b7f5-ea07361b26c2',
  value: '7b 22 74 79 70 65 22 3a 22 6f 74 61 22 2c 22 73 74 61 74 75 73 22 3a 22 70 72 6f 67 72 65 73 73 22 2c 22 72 65 63 65 69 76 65 64 22 3a 31 35 30 31 32 30 2c 22 74 6f 74 61 6c 22 3a 35 37 30 34 38 30 2c 22 70 65 72 63 65 6e 74 22 3a 32 36 7d'
}
Notification received: 7b 22 74 79 70 65 22 3a 22 6f 74 61 22 2c 22 73 74 61 74 75 73 22 3a 22 70 72 6f 67 72 65 73 73 22 2c 22 72 65 63 65 69 76 65 64 22 3a 31 35 30 34 38 30 2c 22 74 6f 74 61 6c 22 3a 35 37 30 34 38 30 2c 22 70 65 72 63 65 6e 74 22 3a 32 36 7d
[Main -> Renderer] ble:characteristicValueChanged: {
  deviceId: '10b41dcd238d',
  serviceUuid: '4fafc201-1fb5-459e-8fcc-c5c9c331914d',
  characteristicUuid: 'beb5483e-36e1-4688-b7f5-ea07361b26c2',
  value: '7b 22 74 79 70 65 22 3a 22 6f 74 61 22 2c 22 73 74 61 74 75 73 22 3a 22 70 72 6f 67 72 65 73 73 22 2c 22 72 65 63 65 69 76 65 64 22 3a 31 35 30 34 38 30 2c 22 74 6f 74 61 6c 22 3a 35 37 30 34 38 30 2c 22 70 65 72 63 65 6e 74 22 3a 32 36 7d'
}
Notification received: 7b 22 74 79 70 65 22 3a 22 6f 74 61 22 2c 22 73 74 61 74 75 73 22 3a 22 70 72 6f 67 72 65 73 73 22 2c 22 72 65 63 65 69 76 65 64 22 3a 31 35 30 38 34 30 2c 22 74 6f 74 61 6c 22 3a 35 37 30 34 38 30 2c 22 70 65 72 63 65 6e 74 22 3a 32 36 7d
[Main -> Renderer] ble:characteristicValueChanged: {
  deviceId: '10b41dcd238d',
  serviceUuid: '4fafc201-1fb5-459e-8fcc-c5c9c331914d',
  characteristicUuid: 'beb5483e-36e1-4688-b7f5-ea07361b26c2',
  value: '7b 22 74 79 70 65 22 3a 22 6f 74 61 22 2c 22 73 74 61 74 75 73 22 3a 22 70 72 6f 67 72 65 73 73 22 2c 22 72 65 63 65 69 76 65 64 22 3a 31 35 30 38 34 30 2c 22 74 6f 74 61 6c 22 3a 35 37 30 34 38 30 2c 22 70 65 72 63 65 6e 74 22 3a 32 36 7d'
}
Notification received: 7b 22 74 79 70 65 22 3a 22 6f 74 61 22 2c 22 73 74 61 74 75 73 22 3a 22 70 72 6f 67 72 65 73 73 22 2c 22 72 65 63 65 69 76 65 64 22 3a 31 35 31 32 30 30 2c 22 74 6f 74 61 6c 22 3a 35 37 30 34 38 30 2c 22 70 65 72 63 65 6e 74 22 3a 32 36 7d
[Main -> Renderer] ble:characteristicValueChanged: {
  deviceId: '10b41dcd238d',
  serviceUuid: '4fafc201-1fb5-459e-8fcc-c5c9c331914d',
  characteristicUuid: 'beb5483e-36e1-4688-b7f5-ea07361b26c2',
  value: '7b 22 74 79 70 65 22 3a 22 6f 74 61 22 2c 22 73 74 61 74 75 73 22 3a 22 70 72 6f 67 72 65 73 73 22 2c 22 72 65 63 65 69 76 65 64 22 3a 31 35 31 32 30 30 2c 22 74 6f 74 61 6c 22 3a 35 37 30 34 38 30 2c 22 70 65 72 63 65 6e 74 22 3a 32 36 7d'
}
Notification received: 7b 22 74 79 70 65 22 3a 22 6f 74 61 22 2c 22 73 74 61 74 75 73 22 3a 22 70 72 6f 67 72 65 73 73 22 2c 22 72 65 63 65 69 76 65 64 22 3a 31 35 31 35 36 30 2c 22 74 6f 74 61 6c 22 3a 35 37 30 34 38 30 2c 22 70 65 72 63 65 6e 74 22 3a 32 36 7d
[Main -> Renderer] ble:characteristicValueChanged: {
  deviceId: '10b41dcd238d',
  serviceUuid: '4fafc201-1fb5-459e-8fcc-c5c9c331914d',
  characteristicUuid: 'beb5483e-36e1-4688-b7f5-ea07361b26c2',
  value: '7b 22 74 79 70 65 22 3a 22 6f 74 61 22 2c 22 73 74 61 74 75 73 22 3a 22 70 72 6f 67 72 65 73 73 22 2c 22 72 65 63 65 69 76 65 64 22 3a 31 35 31 35 36 30 2c 22 74 6f 74 61 6c 22 3a 35 37 30 34 38 30 2c 22 70 65 72 63 65 6e 74 22 3a 32 36 7d'
}
Notification received: 7b 22 74 79 70 65 22 3a 22 6f 74 61 22 2c 22 73 74 61 74 75 73 22 3a 22 70 72 6f 67 72 65 73 73 22 2c 22 72 65 63 65 69 76 65 64 22 3a 31 35 31 39 32 30 2c 22 74 6f 74 61 6c 22 3a 35 37 30 34 38 30 2c 22 70 65 72 63 65 6e 74 22 3a 32 36 7d
[Main -> Renderer] ble:characteristicValueChanged: {
  deviceId: '10b41dcd238d',
  serviceUuid: '4fafc201-1fb5-459e-8fcc-c5c9c331914d',
  characteristicUuid: 'beb5483e-36e1-4688-b7f5-ea07361b26c2',
  value: '7b 22 74 79 70 65 22 3a 22 6f 74 61 22 2c 22 73 74 61 74 75 73 22 3a 22 70 72 6f 67 72 65 73 73 22 2c 22 72 65 63 65 69 76 65 64 22 3a 31 35 31 39 32 30 2c 22 74 6f 74 61 6c 22 3a 35 37 30 34 38 30 2c 22 70 65 72 63 65 6e 74 22 3a 32 36 7d'
}
Notification received: 7b 22 74 79 70 65 22 3a 22 6f 74 61 22 2c 22 73 74 61 74 75 73 22 3a 22 70 72 6f 67 72 65 73 73 22 2c 22 72 65 63 65 69 76 65 64 22 3a 31 35 32 32 38 30 2c 22 74 6f 74 61 6c 22 3a 35 37 30 34 38 30 2c 22 70 65 72 63 65 6e 74 22 3a 32 36 7d
[Main -> Renderer] ble:characteristicValueChanged: {
  deviceId: '10b41dcd238d',
  serviceUuid: '4fafc201-1fb5-459e-8fcc-c5c9c331914d',
  characteristicUuid: 'beb5483e-36e1-4688-b7f5-ea07361b26c2',
  value: '7b 22 74 79 70 65 22 3a 22 6f 74 61 22 2c 22 73 74 61 74 75 73 22 3a 22 70 72 6f 67 72 65 73 73 22 2c 22 72 65 63 65 69 76 65 64 22 3a 31 35 32 32 38 30 2c 22 74 6f 74 61 6c 22 3a 35 37 30 34 38 30 2c 22 70 65 72 63 65 6e 74 22 3a 32 36 7d'
}
Notification received: 7b 22 74 79 70 65 22 3a 22 6f 74 61 22 2c 22 73 74 61 74 75 73 22 3a 22 70 72 6f 67 72 65 73 73 22 2c 22 72 65 63 65 69 76 65 64 22 3a 31 35 32 36 34 30 2c 22 74 6f 74 61 6c 22 3a 35 37 30 34 38 30 2c 22 70 65 72 63 65 6e 74 22 3a 32 36 7d
[Main -> Renderer] ble:characteristicValueChanged: {
  deviceId: '10b41dcd238d',
  serviceUuid: '4fafc201-1fb5-459e-8fcc-c5c9c331914d',
  characteristicUuid: 'beb5483e-36e1-4688-b7f5-ea07361b26c2',
  value: '7b 22 74 79 70 65 22 3a 22 6f 74 61 22 2c 22 73 74 61 74 75 73 22 3a 22 70 72 6f 67 72 65 73 73 22 2c 22 72 65 63 65 69 76 65 64 22 3a 31 35 32 36 34 30 2c 22 74 6f 74 61 6c 22 3a 35 37 30 34 38 30 2c 22 70 65 72 63 65 6e 74 22 3a 32 36 7d'
}
Notification received: 7b 22 74 79 70 65 22 3a 22 6f 74 61 22 2c 22 73 74 61 74 75 73 22 3a 22 70 72 6f 67 72 65 73 73 22 2c 22 72 65 63 65 69 76 65 64 22 3a 31 35 33 31 38 30 2c 22 74 6f 74 61 6c 22 3a 35 37 30 34 38 30 2c 22 70 65 72 63 65 6e 74 22 3a 32 36 7d
[Main -> Renderer] ble:characteristicValueChanged: {
  deviceId: '10b41dcd238d',
  serviceUuid: '4fafc201-1fb5-459e-8fcc-c5c9c331914d',
  characteristicUuid: 'beb5483e-36e1-4688-b7f5-ea07361b26c2',
  value: '7b 22 74 79 70 65 22 3a 22 6f 74 61 22 2c 22 73 74 61 74 75 73 22 3a 22 70 72 6f 67 72 65 73 73 22 2c 22 72 65 63 65 69 76 65 64 22 3a 31 35 33 31 38 30 2c 22 74 6f 74 61 6c 22 3a 35 37 30 34 38 30 2c 22 70 65 72 63 65 6e 74 22 3a 32 36 7d'
}
Notification received: 7b 22 74 79 70 65 22 3a 22 6f 74 61 22 2c 22 73 74 61 74 75 73 22 3a 22 70 72 6f 67 72 65 73 73 22 2c 22 72 65 63 65 69 76 65 64 22 3a 31 35 33 37 32 30 2c 22 74 6f 74 61 6c 22 3a 35 37 30 34 38 30 2c 22 70 65 72 63 65 6e 74 22 3a 32 36 7d
[Main -> Renderer] ble:characteristicValueChanged: {
  deviceId: '10b41dcd238d',
  serviceUuid: '4fafc201-1fb5-459e-8fcc-c5c9c331914d',
  characteristicUuid: 'beb5483e-36e1-4688-b7f5-ea07361b26c2',
  value: '7b 22 74 79 70 65 22 3a 22 6f 74 61 22 2c 22 73 74 61 74 75 73 22 3a 22 70 72 6f 67 72 65 73 73 22 2c 22 72 65 63 65 69 76 65 64 22 3a 31 35 33 37 32 30 2c 22 74 6f 74 61 6c 22 3a 35 37 30 34 38 30 2c 22 70 65 72 63 65 6e 74 22 3a 32 36 7d'
}
Notification received: 7b 22 74 79 70 65 22 3a 22 6f 74 61 22 2c 22 73 74 61 74 75 73 22 3a 22 70 72 6f 67 72 65 73 73 22 2c 22 72 65 63 65 69 76 65 64 22 3a 31 35 34 32 36 30 2c 22 74 6f 74 61 6c 22 3a 35 37 30 34 38 30 2c 22 70 65 72 63 65 6e 74 22 3a 32 37 7d
[Main -> Renderer] ble:characteristicValueChanged: {
  deviceId: '10b41dcd238d',
  serviceUuid: '4fafc201-1fb5-459e-8fcc-c5c9c331914d',
  characteristicUuid: 'beb5483e-36e1-4688-b7f5-ea07361b26c2',
  value: '7b 22 74 79 70 65 22 3a 22 6f 74 61 22 2c 22 73 74 61 74 75 73 22 3a 22 70 72 6f 67 72 65 73 73 22 2c 22 72 65 63 65 69 76 65 64 22 3a 31 35 34 32 36 30 2c 22 74 6f 74 61 6c 22 3a 35 37 30 34 38 30 2c 22 70 65 72 63 65 6e 74 22 3a 32 37 7d'
}
Notification received: 7b 22 74 79 70 65 22 3a 22 6f 74 61 22 2c 22 73 74 61 74 75 73 22 3a 22 70 72 6f 67 72 65 73 73 22 2c 22 72 65 63 65 69 76 65 64 22 3a 31 35 34 38 30 30 2c 22 74 6f 74 61 6c 22 3a 35 37 30 34 38 30 2c 22 70 65 72 63 65 6e 74 22 3a 32 37 7d
[Main -> Renderer] ble:characteristicValueChanged: {
  deviceId: '10b41dcd238d',
  serviceUuid: '4fafc201-1fb5-459e-8fcc-c5c9c331914d',
  characteristicUuid: 'beb5483e-36e1-4688-b7f5-ea07361b26c2',
  value: '7b 22 74 79 70 65 22 3a 22 6f 74 61 22 2c 22 73 74 61 74 75 73 22 3a 22 70 72 6f 67 72 65 73 73 22 2c 22 72 65 63 65 69 76 65 64 22 3a 31 35 34 38 30 30 2c 22 74 6f 74 61 6c 22 3a 35 37 30 34 38 30 2c 22 70 65 72 63 65 6e 74 22 3a 32 37 7d'
}
Notification received: 7b 22 74 79 70 65 22 3a 22 6f 74 61 22 2c 22 73 74 61 74 75 73 22 3a 22 70 72 6f 67 72 65 73 73 22 2c 22 72 65 63 65 69 76 65 64 22 3a 31 35 35 31 36 30 2c 22 74 6f 74 61 6c 22 3a 35 37 30 34 38 30 2c 22 70 65 72 63 65 6e 74 22 3a 32 37 7d
[Main -> Renderer] ble:characteristicValueChanged: {
  deviceId: '10b41dcd238d',
  serviceUuid: '4fafc201-1fb5-459e-8fcc-c5c9c331914d',
  characteristicUuid: 'beb5483e-36e1-4688-b7f5-ea07361b26c2',
  value: '7b 22 74 79 70 65 22 3a 22 6f 74 61 22 2c 22 73 74 61 74 75 73 22 3a 22 70 72 6f 67 72 65 73 73 22 2c 22 72 65 63 65 69 76 65 64 22 3a 31 35 35 31 36 30 2c 22 74 6f 74 61 6c 22 3a 35 37 30 34 38 30 2c 22 70 65 72 63 65 6e 74 22 3a 32 37 7d'
}
Notification received: 7b 22 74 79 70 65 22 3a 22 6f 74 61 22 2c 22 73 74 61 74 75 73 22 3a 22 70 72 6f 67 72 65 73 73 22 2c 22 72 65 63 65 69 76 65 64 22 3a 31 35 35 35 32 30 2c 22 74 6f 74 61 6c 22 3a 35 37 30 34 38 30 2c 22 70 65 72 63 65 6e 74 22 3a 32 37 7d
[Main -> Renderer] ble:characteristicValueChanged: {
  deviceId: '10b41dcd238d',
  serviceUuid: '4fafc201-1fb5-459e-8fcc-c5c9c331914d',
  characteristicUuid: 'beb5483e-36e1-4688-b7f5-ea07361b26c2',
  value: '7b 22 74 79 70 65 22 3a 22 6f 74 61 22 2c 22 73 74 61 74 75 73 22 3a 22 70 72 6f 67 72 65 73 73 22 2c 22 72 65 63 65 69 76 65 64 22 3a 31 35 35 35 32 30 2c 22 74 6f 74 61 6c 22 3a 35 37 30 34 38 30 2c 22 70 65 72 63 65 6e 74 22 3a 32 37 7d'
}
Notification received: 7b 22 74 79 70 65 22 3a 22 6f 74 61 22 2c 22 73 74 61 74 75 73 22 3a 22 70 72 6f 67 72 65 73 73 22 2c 22 72 65 63 65 69 76 65 64 22 3a 31 35 35 38 38 30 2c 22 74 6f 74 61 6c 22 3a 35 37 30 34 38 30 2c 22 70 65 72 63 65 6e 74 22 3a 32 37 7d
[Main -> Renderer] ble:characteristicValueChanged: {
  deviceId: '10b41dcd238d',
  serviceUuid: '4fafc201-1fb5-459e-8fcc-c5c9c331914d',
  characteristicUuid: 'beb5483e-36e1-4688-b7f5-ea07361b26c2',
  value: '7b 22 74 79 70 65 22 3a 22 6f 74 61 22 2c 22 73 74 61 74 75 73 22 3a 22 70 72 6f 67 72 65 73 73 22 2c 22 72 65 63 65 69 76 65 64 22 3a 31 35 35 38 38 30 2c 22 74 6f 74 61 6c 22 3a 35 37 30 34 38 30 2c 22 70 65 72 63 65 6e 74 22 3a 32 37 7d'
}
Notification received: 7b 22 74 79 70 65 22 3a 22 6f 74 61 22 2c 22 73 74 61 74 75 73 22 3a 22 70 72 6f 67 72 65 73 73 22 2c 22 72 65 63 65 69 76 65 64 22 3a 31 35 36 32 34 30 2c 22 74 6f 74 61 6c 22 3a 35 37 30 34 38 30 2c 22 70 65 72 63 65 6e 74 22 3a 32 37 7d
[Main -> Renderer] ble:characteristicValueChanged: {
  deviceId: '10b41dcd238d',
  serviceUuid: '4fafc201-1fb5-459e-8fcc-c5c9c331914d',
  characteristicUuid: 'beb5483e-36e1-4688-b7f5-ea07361b26c2',
  value: '7b 22 74 79 70 65 22 3a 22 6f 74 61 22 2c 22 73 74 61 74 75 73 22 3a 22 70 72 6f 67 72 65 73 73 22 2c 22 72 65 63 65 69 76 65 64 22 3a 31 35 36 32 34 30 2c 22 74 6f 74 61 6c 22 3a 35 37 30 34 38 30 2c 22 70 65 72 63 65 6e 74 22 3a 32 37 7d'
}
Notification received: 7b 22 74 79 70 65 22 3a 22 6f 74 61 22 2c 22 73 74 61 74 75 73 22 3a 22 70 72 6f 67 72 65 73 73 22 2c 22 72 65 63 65 69 76 65 64 22 3a 31 35 36 37 38 30 2c 22 74 6f 74 61 6c 22 3a 35 37 30 34 38 30 2c 22 70 65 72 63 65 6e 74 22 3a 32 37 7d
[Main -> Renderer] ble:characteristicValueChanged: {
  deviceId: '10b41dcd238d',
  serviceUuid: '4fafc201-1fb5-459e-8fcc-c5c9c331914d',
  characteristicUuid: 'beb5483e-36e1-4688-b7f5-ea07361b26c2',
  value: '7b 22 74 79 70 65 22 3a 22 6f 74 61 22 2c 22 73 74 61 74 75 73 22 3a 22 70 72 6f 67 72 65 73 73 22 2c 22 72 65 63 65 69 76 65 64 22 3a 31 35 36 37 38 30 2c 22 74 6f 74 61 6c 22 3a 35 37 30 34 38 30 2c 22 70 65 72 63 65 6e 74 22 3a 32 37 7d'
}
Notification received: 7b 22 74 79 70 65 22 3a 22 6f 74 61 22 2c 22 73 74 61 74 75 73 22 3a 22 70 72 6f 67 72 65 73 73 22 2c 22 72 65 63 65 69 76 65 64 22 3a 31 35 37 31 34 30 2c 22 74 6f 74 61 6c 22 3a 35 37 30 34 38 30 2c 22 70 65 72 63 65 6e 74 22 3a 32 37 7d
[Main -> Renderer] ble:characteristicValueChanged: {
  deviceId: '10b41dcd238d',
  serviceUuid: '4fafc201-1fb5-459e-8fcc-c5c9c331914d',
  characteristicUuid: 'beb5483e-36e1-4688-b7f5-ea07361b26c2',
  value: '7b 22 74 79 70 65 22 3a 22 6f 74 61 22 2c 22 73 74 61 74 75 73 22 3a 22 70 72 6f 67 72 65 73 73 22 2c 22 72 65 63 65 69 76 65 64 22 3a 31 35 37 31 34 30 2c 22 74 6f 74 61 6c 22 3a 35 37 30 34 38 30 2c 22 70 65 72 63 65 6e 74 22 3a 32 37 7d'
}
Notification received: 7b 22 74 79 70 65 22 3a 22 6f 74 61 22 2c 22 73 74 61 74 75 73 22 3a 22 70 72 6f 67 72 65 73 73 22 2c 22 72 65 63 65 69 76 65 64 22 3a 31 35 37 35 30 30 2c 22 74 6f 74 61 6c 22 3a 35 37 30 34 38 30 2c 22 70 65 72 63 65 6e 74 22 3a 32 37 7d
[Main -> Renderer] ble:characteristicValueChanged: {
  deviceId: '10b41dcd238d',
  serviceUuid: '4fafc201-1fb5-459e-8fcc-c5c9c331914d',
  characteristicUuid: 'beb5483e-36e1-4688-b7f5-ea07361b26c2',
  value: '7b 22 74 79 70 65 22 3a 22 6f 74 61 22 2c 22 73 74 61 74 75 73 22 3a 22 70 72 6f 67 72 65 73 73 22 2c 22 72 65 63 65 69 76 65 64 22 3a 31 35 37 35 30 30 2c 22 74 6f 74 61 6c 22 3a 35 37 30 34 38 30 2c 22 70 65 72 63 65 6e 74 22 3a 32 37 7d'
}
Notification received: 7b 22 74 79 70 65 22 3a 22 6f 74 61 22 2c 22 73 74 61 74 75 73 22 3a 22 70 72 6f 67 72 65 73 73 22 2c 22 72 65 63 65 69 76 65 64 22 3a 31 35 37 38 36 30 2c 22 74 6f 74 61 6c 22 3a 35 37 30 34 38 30 2c 22 70 65 72 63 65 6e 74 22 3a 32 37 7d
[Main -> Renderer] ble:characteristicValueChanged: {
  deviceId: '10b41dcd238d',
  serviceUuid: '4fafc201-1fb5-459e-8fcc-c5c9c331914d',
  characteristicUuid: 'beb5483e-36e1-4688-b7f5-ea07361b26c2',
  value: '7b 22 74 79 70 65 22 3a 22 6f 74 61 22 2c 22 73 74 61 74 75 73 22 3a 22 70 72 6f 67 72 65 73 73 22 2c 22 72 65 63 65 69 76 65 64 22 3a 31 35 37 38 36 30 2c 22 74 6f 74 61 6c 22 3a 35 37 30 34 38 30 2c 22 70 65 72 63 65 6e 74 22 3a 32 37 7d'
}
Notification received: 7b 22 74 79 70 65 22 3a 22 6f 74 61 22 2c 22 73 74 61 74 75 73 22 3a 22 70 72 6f 67 72 65 73 73 22 2c 22 72 65 63 65 69 76 65 64 22 3a 31 35 38 32 32 30 2c 22 74 6f 74 61 6c 22 3a 35 37 30 34 38 30 2c 22 70 65 72 63 65 6e 74 22 3a 32 37 7d
[Main -> Renderer] ble:characteristicValueChanged: {
  deviceId: '10b41dcd238d',
  serviceUuid: '4fafc201-1fb5-459e-8fcc-c5c9c331914d',
  characteristicUuid: 'beb5483e-36e1-4688-b7f5-ea07361b26c2',
  value: '7b 22 74 79 70 65 22 3a 22 6f 74 61 22 2c 22 73 74 61 74 75 73 22 3a 22 70 72 6f 67 72 65 73 73 22 2c 22 72 65 63 65 69 76 65 64 22 3a 31 35 38 32 32 30 2c 22 74 6f 74 61 6c 22 3a 35 37 30 34 38 30 2c 22 70 65 72 63 65 6e 74 22 3a 32 37 7d'
}
Notification received: 7b 22 74 79 70 65 22 3a 22 6f 74 61 22 2c 22 73 74 61 74 75 73 22 3a 22 70 72 6f 67 72 65 73 73 22 2c 22 72 65 63 65 69 76 65 64 22 3a 31 35 38 35 38 30 2c 22 74 6f 74 61 6c 22 3a 35 37 30 34 38 30 2c 22 70 65 72 63 65 6e 74 22 3a 32 37 7d
[Main -> Renderer] ble:characteristicValueChanged: {
  deviceId: '10b41dcd238d',
  serviceUuid: '4fafc201-1fb5-459e-8fcc-c5c9c331914d',
  characteristicUuid: 'beb5483e-36e1-4688-b7f5-ea07361b26c2',
  value: '7b 22 74 79 70 65 22 3a 22 6f 74 61 22 2c 22 73 74 61 74 75 73 22 3a 22 70 72 6f 67 72 65 73 73 22 2c 22 72 65 63 65 69 76 65 64 22 3a 31 35 38 35 38 30 2c 22 74 6f 74 61 6c 22 3a 35 37 30 34 38 30 2c 22 70 65 72 63 65 6e 74 22 3a 32 37 7d'
}
Notification received: 7b 22 74 79 70 65 22 3a 22 6f 74 61 22 2c 22 73 74 61 74 75 73 22 3a 22 70 72 6f 67 72 65 73 73 22 2c 22 72 65 63 65 69 76 65 64 22 3a 31 35 39 31 32 30 2c 22 74 6f 74 61 6c 22 3a 35 37 30 34 38 30 2c 22 70 65 72 63 65 6e 74 22 3a 32 37 7d
[Main -> Renderer] ble:characteristicValueChanged: {
  deviceId: '10b41dcd238d',
  serviceUuid: '4fafc201-1fb5-459e-8fcc-c5c9c331914d',
  characteristicUuid: 'beb5483e-36e1-4688-b7f5-ea07361b26c2',
  value: '7b 22 74 79 70 65 22 3a 22 6f 74 61 22 2c 22 73 74 61 74 75 73 22 3a 22 70 72 6f 67 72 65 73 73 22 2c 22 72 65 63 65 69 76 65 64 22 3a 31 35 39 31 32 30 2c 22 74 6f 74 61 6c 22 3a 35 37 30 34 38 30 2c 22 70 65 72 63 65 6e 74 22 3a 32 37 7d'
}
Notification received: 7b 22 74 79 70 65 22 3a 22 6f 74 61 22 2c 22 73 74 61 74 75 73 22 3a 22 70 72 6f 67 72 65 73 73 22 2c 22 72 65 63 65 69 76 65 64 22 3a 31 35 39 34 38 30 2c 22 74 6f 74 61 6c 22 3a 35 37 30 34 38 30 2c 22 70 65 72 63 65 6e 74 22 3a 32 37 7d
[Main -> Renderer] ble:characteristicValueChanged: {
  deviceId: '10b41dcd238d',
  serviceUuid: '4fafc201-1fb5-459e-8fcc-c5c9c331914d',
  characteristicUuid: 'beb5483e-36e1-4688-b7f5-ea07361b26c2',
  value: '7b 22 74 79 70 65 22 3a 22 6f 74 61 22 2c 22 73 74 61 74 75 73 22 3a 22 70 72 6f 67 72 65 73 73 22 2c 22 72 65 63 65 69 76 65 64 22 3a 31 35 39 34 38 30 2c 22 74 6f 74 61 6c 22 3a 35 37 30 34 38 30 2c 22 70 65 72 63 65 6e 74 22 3a 32 37 7d'
}
Notification received: 7b 22 74 79 70 65 22 3a 22 6f 74 61 22 2c 22 73 74 61 74 75 73 22 3a 22 70 72 6f 67 72 65 73 73 22 2c 22 72 65 63 65 69 76 65 64 22 3a 31 35 39 38 34 30 2c 22 74 6f 74 61 6c 22 3a 35 37 30 34 38 30 2c 22 70 65 72 63 65 6e 74 22 3a 32 38 7d
[Main -> Renderer] ble:characteristicValueChanged: {
  deviceId: '10b41dcd238d',
  serviceUuid: '4fafc201-1fb5-459e-8fcc-c5c9c331914d',
  characteristicUuid: 'beb5483e-36e1-4688-b7f5-ea07361b26c2',
  value: '7b 22 74 79 70 65 22 3a 22 6f 74 61 22 2c 22 73 74 61 74 75 73 22 3a 22 70 72 6f 67 72 65 73 73 22 2c 22 72 65 63 65 69 76 65 64 22 3a 31 35 39 38 34 30 2c 22 74 6f 74 61 6c 22 3a 35 37 30 34 38 30 2c 22 70 65 72 63 65 6e 74 22 3a 32 38 7d'
}
Notification received: 7b 22 74 79 70 65 22 3a 22 6f 74 61 22 2c 22 73 74 61 74 75 73 22 3a 22 70 72 6f 67 72 65 73 73 22 2c 22 72 65 63 65 69 76 65 64 22 3a 31 36 30 32 30 30 2c 22 74 6f 74 61 6c 22 3a 35 37 30 34 38 30 2c 22 70 65 72 63 65 6e 74 22 3a 32 38 7d
[Main -> Renderer] ble:characteristicValueChanged: {
  deviceId: '10b41dcd238d',
  serviceUuid: '4fafc201-1fb5-459e-8fcc-c5c9c331914d',
  characteristicUuid: 'beb5483e-36e1-4688-b7f5-ea07361b26c2',
  value: '7b 22 74 79 70 65 22 3a 22 6f 74 61 22 2c 22 73 74 61 74 75 73 22 3a 22 70 72 6f 67 72 65 73 73 22 2c 22 72 65 63 65 69 76 65 64 22 3a 31 36 30 32 30 30 2c 22 74 6f 74 61 6c 22 3a 35 37 30 34 38 30 2c 22 70 65 72 63 65 6e 74 22 3a 32 38 7d'
}
Notification received: 7b 22 74 79 70 65 22 3a 22 6f 74 61 22 2c 22 73 74 61 74 75 73 22 3a 22 70 72 6f 67 72 65 73 73 22 2c 22 72 65 63 65 69 76 65 64 22 3a 31 36 30 37 34 30 2c 22 74 6f 74 61 6c 22 3a 35 37 30 34 38 30 2c 22 70 65 72 63 65 6e 74 22 3a 32 38 7d
[Main -> Renderer] ble:characteristicValueChanged: {
  deviceId: '10b41dcd238d',
  serviceUuid: '4fafc201-1fb5-459e-8fcc-c5c9c331914d',
  characteristicUuid: 'beb5483e-36e1-4688-b7f5-ea07361b26c2',
  value: '7b 22 74 79 70 65 22 3a 22 6f 74 61 22 2c 22 73 74 61 74 75 73 22 3a 22 70 72 6f 67 72 65 73 73 22 2c 22 72 65 63 65 69 76 65 64 22 3a 31 36 30 37 34 30 2c 22 74 6f 74 61 6c 22 3a 35 37 30 34 38 30 2c 22 70 65 72 63 65 6e 74 22 3a 32 38 7d'
}
Notification received: 7b 22 74 79 70 65 22 3a 22 6f 74 61 22 2c 22 73 74 61 74 75 73 22 3a 22 70 72 6f 67 72 65 73 73 22 2c 22 72 65 63 65 69 76 65 64 22 3a 31 36 31 31 30 30 2c 22 74 6f 74 61 6c 22 3a 35 37 30 34 38 30 2c 22 70 65 72 63 65 6e 74 22 3a 32 38 7d
[Main -> Renderer] ble:characteristicValueChanged: {
  deviceId: '10b41dcd238d',
  serviceUuid: '4fafc201-1fb5-459e-8fcc-c5c9c331914d',
  characteristicUuid: 'beb5483e-36e1-4688-b7f5-ea07361b26c2',
  value: '7b 22 74 79 70 65 22 3a 22 6f 74 61 22 2c 22 73 74 61 74 75 73 22 3a 22 70 72 6f 67 72 65 73 73 22 2c 22 72 65 63 65 69 76 65 64 22 3a 31 36 31 31 30 30 2c 22 74 6f 74 61 6c 22 3a 35 37 30 34 38 30 2c 22 70 65 72 63 65 6e 74 22 3a 32 38 7d'
}
Notification received: 7b 22 74 79 70 65 22 3a 22 6f 74 61 22 2c 22 73 74 61 74 75 73 22 3a 22 70 72 6f 67 72 65 73 73 22 2c 22 72 65 63 65 69 76 65 64 22 3a 31 36 31 34 36 30 2c 22 74 6f 74 61 6c 22 3a 35 37 30 34 38 30 2c 22 70 65 72 63 65 6e 74 22 3a 32 38 7d
[Main -> Renderer] ble:characteristicValueChanged: {
  deviceId: '10b41dcd238d',
  serviceUuid: '4fafc201-1fb5-459e-8fcc-c5c9c331914d',
  characteristicUuid: 'beb5483e-36e1-4688-b7f5-ea07361b26c2',
  value: '7b 22 74 79 70 65 22 3a 22 6f 74 61 22 2c 22 73 74 61 74 75 73 22 3a 22 70 72 6f 67 72 65 73 73 22 2c 22 72 65 63 65 69 76 65 64 22 3a 31 36 31 34 36 30 2c 22 74 6f 74 61 6c 22 3a 35 37 30 34 38 30 2c 22 70 65 72 63 65 6e 74 22 3a 32 38 7d'
}
Notification received: 7b 22 74 79 70 65 22 3a 22 6f 74 61 22 2c 22 73 74 61 74 75 73 22 3a 22 70 72 6f 67 72 65 73 73 22 2c 22 72 65 63 65 69 76 65 64 22 3a 31 36 32 30 30 30 2c 22 74 6f 74 61 6c 22 3a 35 37 30 34 38 30 2c 22 70 65 72 63 65 6e 74 22 3a 32 38 7d
[Main -> Renderer] ble:characteristicValueChanged: {
  deviceId: '10b41dcd238d',
  serviceUuid: '4fafc201-1fb5-459e-8fcc-c5c9c331914d',
  characteristicUuid: 'beb5483e-36e1-4688-b7f5-ea07361b26c2',
  value: '7b 22 74 79 70 65 22 3a 22 6f 74 61 22 2c 22 73 74 61 74 75 73 22 3a 22 70 72 6f 67 72 65 73 73 22 2c 22 72 65 63 65 69 76 65 64 22 3a 31 36 32 30 30 30 2c 22 74 6f 74 61 6c 22 3a 35 37 30 34 38 30 2c 22 70 65 72 63 65 6e 74 22 3a 32 38 7d'
}
Notification received: 7b 22 74 79 70 65 22 3a 22 6f 74 61 22 2c 22 73 74 61 74 75 73 22 3a 22 70 72 6f 67 72 65 73 73 22 2c 22 72 65 63 65 69 76 65 64 22 3a 31 36 32 35 34 30 2c 22 74 6f 74 61 6c 22 3a 35 37 30 34 38 30 2c 22 70 65 72 63 65 6e 74 22 3a 32 38 7d
[Main -> Renderer] ble:characteristicValueChanged: {
  deviceId: '10b41dcd238d',
  serviceUuid: '4fafc201-1fb5-459e-8fcc-c5c9c331914d',
  characteristicUuid: 'beb5483e-36e1-4688-b7f5-ea07361b26c2',
  value: '7b 22 74 79 70 65 22 3a 22 6f 74 61 22 2c 22 73 74 61 74 75 73 22 3a 22 70 72 6f 67 72 65 73 73 22 2c 22 72 65 63 65 69 76 65 64 22 3a 31 36 32 35 34 30 2c 22 74 6f 74 61 6c 22 3a 35 37 30 34 38 30 2c 22 70 65 72 63 65 6e 74 22 3a 32 38 7d'
}
Notification received: 7b 22 74 79 70 65 22 3a 22 6f 74 61 22 2c 22 73 74 61 74 75 73 22 3a 22 70 72 6f 67 72 65 73 73 22 2c 22 72 65 63 65 69 76 65 64 22 3a 31 36 33 30 38 30 2c 22 74 6f 74 61 6c 22 3a 35 37 30 34 38 30 2c 22 70 65 72 63 65 6e 74 22 3a 32 38 7d
[Main -> Renderer] ble:characteristicValueChanged: {
  deviceId: '10b41dcd238d',
  serviceUuid: '4fafc201-1fb5-459e-8fcc-c5c9c331914d',
  characteristicUuid: 'beb5483e-36e1-4688-b7f5-ea07361b26c2',
  value: '7b 22 74 79 70 65 22 3a 22 6f 74 61 22 2c 22 73 74 61 74 75 73 22 3a 22 70 72 6f 67 72 65 73 73 22 2c 22 72 65 63 65 69 76 65 64 22 3a 31 36 33 30 38 30 2c 22 74 6f 74 61 6c 22 3a 35 37 30 34 38 30 2c 22 70 65 72 63 65 6e 74 22 3a 32 38 7d'
}
Notification received: 7b 22 74 79 70 65 22 3a 22 6f 74 61 22 2c 22 73 74 61 74 75 73 22 3a 22 70 72 6f 67 72 65 73 73 22 2c 22 72 65 63 65 69 76 65 64 22 3a 31 36 33 36 32 30 2c 22 74 6f 74 61 6c 22 3a 35 37 30 34 38 30 2c 22 70 65 72 63 65 6e 74 22 3a 32 38 7d
[Main -> Renderer] ble:characteristicValueChanged: {
  deviceId: '10b41dcd238d',
  serviceUuid: '4fafc201-1fb5-459e-8fcc-c5c9c331914d',
  characteristicUuid: 'beb5483e-36e1-4688-b7f5-ea07361b26c2',
  value: '7b 22 74 79 70 65 22 3a 22 6f 74 61 22 2c 22 73 74 61 74 75 73 22 3a 22 70 72 6f 67 72 65 73 73 22 2c 22 72 65 63 65 69 76 65 64 22 3a 31 36 33 36 32 30 2c 22 74 6f 74 61 6c 22 3a 35 37 30 34 38 30 2c 22 70 65 72 63 65 6e 74 22 3a 32 38 7d'
}
Notification received: 7b 22 74 79 70 65 22 3a 22 6f 74 61 22 2c 22 73 74 61 74 75 73 22 3a 22 70 72 6f 67 72 65 73 73 22 2c 22 72 65 63 65 69 76 65 64 22 3a 31 36 34 31 36 30 2c 22 74 6f 74 61 6c 22 3a 35 37 30 34 38 30 2c 22 70 65 72 63 65 6e 74 22 3a 32 38 7d
[Main -> Renderer] ble:characteristicValueChanged: {
  deviceId: '10b41dcd238d',
  serviceUuid: '4fafc201-1fb5-459e-8fcc-c5c9c331914d',
  characteristicUuid: 'beb5483e-36e1-4688-b7f5-ea07361b26c2',
  value: '7b 22 74 79 70 65 22 3a 22 6f 74 61 22 2c 22 73 74 61 74 75 73 22 3a 22 70 72 6f 67 72 65 73 73 22 2c 22 72 65 63 65 69 76 65 64 22 3a 31 36 34 31 36 30 2c 22 74 6f 74 61 6c 22 3a 35 37 30 34 38 30 2c 22 70 65 72 63 65 6e 74 22 3a 32 38 7d'
}
Notification received: 7b 22 74 79 70 65 22 3a 22 6f 74 61 22 2c 22 73 74 61 74 75 73 22 3a 22 70 72 6f 67 72 65 73 73 22 2c 22 72 65 63 65 69 76 65 64 22 3a 31 36 34 35 32 30 2c 22 74 6f 74 61 6c 22 3a 35 37 30 34 38 30 2c 22 70 65 72 63 65 6e 74 22 3a 32 38 7d
[Main -> Renderer] ble:characteristicValueChanged: {
  deviceId: '10b41dcd238d',
  serviceUuid: '4fafc201-1fb5-459e-8fcc-c5c9c331914d',
  characteristicUuid: 'beb5483e-36e1-4688-b7f5-ea07361b26c2',
  value: '7b 22 74 79 70 65 22 3a 22 6f 74 61 22 2c 22 73 74 61 74 75 73 22 3a 22 70 72 6f 67 72 65 73 73 22 2c 22 72 65 63 65 69 76 65 64 22 3a 31 36 34 35 32 30 2c 22 74 6f 74 61 6c 22 3a 35 37 30 34 38 30 2c 22 70 65 72 63 65 6e 74 22 3a 32 38 7d'
}
Notification received: 7b 22 74 79 70 65 22 3a 22 6f 74 61 22 2c 22 73 74 61 74 75 73 22 3a 22 70 72 6f 67 72 65 73 73 22 2c 22 72 65 63 65 69 76 65 64 22 3a 31 36 34 38 38 30 2c 22 74 6f 74 61 6c 22 3a 35 37 30 34 38 30 2c 22 70 65 72 63 65 6e 74 22 3a 32 38 7d
[Main -> Renderer] ble:characteristicValueChanged: {
  deviceId: '10b41dcd238d',
  serviceUuid: '4fafc201-1fb5-459e-8fcc-c5c9c331914d',
  characteristicUuid: 'beb5483e-36e1-4688-b7f5-ea07361b26c2',
  value: '7b 22 74 79 70 65 22 3a 22 6f 74 61 22 2c 22 73 74 61 74 75 73 22 3a 22 70 72 6f 67 72 65 73 73 22 2c 22 72 65 63 65 69 76 65 64 22 3a 31 36 34 38 38 30 2c 22 74 6f 74 61 6c 22 3a 35 37 30 34 38 30 2c 22 70 65 72 63 65 6e 74 22 3a 32 38 7d'
}
Notification received: 7b 22 74 79 70 65 22 3a 22 6f 74 61 22 2c 22 73 74 61 74 75 73 22 3a 22 70 72 6f 67 72 65 73 73 22 2c 22 72 65 63 65 69 76 65 64 22 3a 31 36 35 34 32 30 2c 22 74 6f 74 61 6c 22 3a 35 37 30 34 38 30 2c 22 70 65 72 63 65 6e 74 22 3a 32 38 7d
[Main -> Renderer] ble:characteristicValueChanged: {
  deviceId: '10b41dcd238d',
  serviceUuid: '4fafc201-1fb5-459e-8fcc-c5c9c331914d',
  characteristicUuid: 'beb5483e-36e1-4688-b7f5-ea07361b26c2',
  value: '7b 22 74 79 70 65 22 3a 22 6f 74 61 22 2c 22 73 74 61 74 75 73 22 3a 22 70 72 6f 67 72 65 73 73 22 2c 22 72 65 63 65 69 76 65 64 22 3a 31 36 35 34 32 30 2c 22 74 6f 74 61 6c 22 3a 35 37 30 34 38 30 2c 22 70 65 72 63 65 6e 74 22 3a 32 38 7d'
}
Notification received: 7b 22 74 79 70 65 22 3a 22 6f 74 61 22 2c 22 73 74 61 74 75 73 22 3a 22 70 72 6f 67 72 65 73 73 22 2c 22 72 65 63 65 69 76 65 64 22 3a 31 36 35 37 38 30 2c 22 74 6f 74 61 6c 22 3a 35 37 30 34 38 30 2c 22 70 65 72 63 65 6e 74 22 3a 32 39 7d
[Main -> Renderer] ble:characteristicValueChanged: {
  deviceId: '10b41dcd238d',
  serviceUuid: '4fafc201-1fb5-459e-8fcc-c5c9c331914d',
  characteristicUuid: 'beb5483e-36e1-4688-b7f5-ea07361b26c2',
  value: '7b 22 74 79 70 65 22 3a 22 6f 74 61 22 2c 22 73 74 61 74 75 73 22 3a 22 70 72 6f 67 72 65 73 73 22 2c 22 72 65 63 65 69 76 65 64 22 3a 31 36 35 37 38 30 2c 22 74 6f 74 61 6c 22 3a 35 37 30 34 38 30 2c 22 70 65 72 63 65 6e 74 22 3a 32 39 7d'
}
Notification received: 7b 22 74 79 70 65 22 3a 22 6f 74 61 22 2c 22 73 74 61 74 75 73 22 3a 22 70 72 6f 67 72 65 73 73 22 2c 22 72 65 63 65 69 76 65 64 22 3a 31 36 36 31 34 30 2c 22 74 6f 74 61 6c 22 3a 35 37 30 34 38 30 2c 22 70 65 72 63 65 6e 74 22 3a 32 39 7d
[Main -> Renderer] ble:characteristicValueChanged: {
  deviceId: '10b41dcd238d',
  serviceUuid: '4fafc201-1fb5-459e-8fcc-c5c9c331914d',
  characteristicUuid: 'beb5483e-36e1-4688-b7f5-ea07361b26c2',
  value: '7b 22 74 79 70 65 22 3a 22 6f 74 61 22 2c 22 73 74 61 74 75 73 22 3a 22 70 72 6f 67 72 65 73 73 22 2c 22 72 65 63 65 69 76 65 64 22 3a 31 36 36 31 34 30 2c 22 74 6f 74 61 6c 22 3a 35 37 30 34 38 30 2c 22 70 65 72 63 65 6e 74 22 3a 32 39 7d'
}
Notification received: 7b 22 74 79 70 65 22 3a 22 6f 74 61 22 2c 22 73 74 61 74 75 73 22 3a 22 70 72 6f 67 72 65 73 73 22 2c 22 72 65 63 65 69 76 65 64 22 3a 31 36 36 35 30 30 2c 22 74 6f 74 61 6c 22 3a 35 37 30 34 38 30 2c 22 70 65 72 63 65 6e 74 22 3a 32 39 7d
[Main -> Renderer] ble:characteristicValueChanged: {
  deviceId: '10b41dcd238d',
  serviceUuid: '4fafc201-1fb5-459e-8fcc-c5c9c331914d',
  characteristicUuid: 'beb5483e-36e1-4688-b7f5-ea07361b26c2',
  value: '7b 22 74 79 70 65 22 3a 22 6f 74 61 22 2c 22 73 74 61 74 75 73 22 3a 22 70 72 6f 67 72 65 73 73 22 2c 22 72 65 63 65 69 76 65 64 22 3a 31 36 36 35 30 30 2c 22 74 6f 74 61 6c 22 3a 35 37 30 34 38 30 2c 22 70 65 72 63 65 6e 74 22 3a 32 39 7d'
}
Notification received: 7b 22 74 79 70 65 22 3a 22 6f 74 61 22 2c 22 73 74 61 74 75 73 22 3a 22 70 72 6f 67 72 65 73 73 22 2c 22 72 65 63 65 69 76 65 64 22 3a 31 36 36 38 36 30 2c 22 74 6f 74 61 6c 22 3a 35 37 30 34 38 30 2c 22 70 65 72 63 65 6e 74 22 3a 32 39 7d
[Main -> Renderer] ble:characteristicValueChanged: {
  deviceId: '10b41dcd238d',
  serviceUuid: '4fafc201-1fb5-459e-8fcc-c5c9c331914d',
  characteristicUuid: 'beb5483e-36e1-4688-b7f5-ea07361b26c2',
  value: '7b 22 74 79 70 65 22 3a 22 6f 74 61 22 2c 22 73 74 61 74 75 73 22 3a 22 70 72 6f 67 72 65 73 73 22 2c 22 72 65 63 65 69 76 65 64 22 3a 31 36 36 38 36 30 2c 22 74 6f 74 61 6c 22 3a 35 37 30 34 38 30 2c 22 70 65 72 63 65 6e 74 22 3a 32 39 7d'
}
Notification received: 7b 22 74 79 70 65 22 3a 22 6f 74 61 22 2c 22 73 74 61 74 75 73 22 3a 22 70 72 6f 67 72 65 73 73 22 2c 22 72 65 63 65 69 76 65 64 22 3a 31 36 37 32 32 30 2c 22 74 6f 74 61 6c 22 3a 35 37 30 34 38 30 2c 22 70 65 72 63 65 6e 74 22 3a 32 39 7d
[Main -> Renderer] ble:characteristicValueChanged: {
  deviceId: '10b41dcd238d',
  serviceUuid: '4fafc201-1fb5-459e-8fcc-c5c9c331914d',
  characteristicUuid: 'beb5483e-36e1-4688-b7f5-ea07361b26c2',
  value: '7b 22 74 79 70 65 22 3a 22 6f 74 61 22 2c 22 73 74 61 74 75 73 22 3a 22 70 72 6f 67 72 65 73 73 22 2c 22 72 65 63 65 69 76 65 64 22 3a 31 36 37 32 32 30 2c 22 74 6f 74 61 6c 22 3a 35 37 30 34 38 30 2c 22 70 65 72 63 65 6e 74 22 3a 32 39 7d'
}
Notification received: 7b 22 74 79 70 65 22 3a 22 6f 74 61 22 2c 22 73 74 61 74 75 73 22 3a 22 70 72 6f 67 72 65 73 73 22 2c 22 72 65 63 65 69 76 65 64 22 3a 31 36 37 37 36 30 2c 22 74 6f 74 61 6c 22 3a 35 37 30 34 38 30 2c 22 70 65 72 63 65 6e 74 22 3a 32 39 7d
[Main -> Renderer] ble:characteristicValueChanged: {
  deviceId: '10b41dcd238d',
  serviceUuid: '4fafc201-1fb5-459e-8fcc-c5c9c331914d',
  characteristicUuid: 'beb5483e-36e1-4688-b7f5-ea07361b26c2',
  value: '7b 22 74 79 70 65 22 3a 22 6f 74 61 22 2c 22 73 74 61 74 75 73 22 3a 22 70 72 6f 67 72 65 73 73 22 2c 22 72 65 63 65 69 76 65 64 22 3a 31 36 37 37 36 30 2c 22 74 6f 74 61 6c 22 3a 35 37 30 34 38 30 2c 22 70 65 72 63 65 6e 74 22 3a 32 39 7d'
}
Notification received: 7b 22 74 79 70 65 22 3a 22 6f 74 61 22 2c 22 73 74 61 74 75 73 22 3a 22 70 72 6f 67 72 65 73 73 22 2c 22 72 65 63 65 69 76 65 64 22 3a 31 36 38 33 30 30 2c 22 74 6f 74 61 6c 22 3a 35 37 30 34 38 30 2c 22 70 65 72 63 65 6e 74 22 3a 32 39 7d
[Main -> Renderer] ble:characteristicValueChanged: {
  deviceId: '10b41dcd238d',
  serviceUuid: '4fafc201-1fb5-459e-8fcc-c5c9c331914d',
  characteristicUuid: 'beb5483e-36e1-4688-b7f5-ea07361b26c2',
  value: '7b 22 74 79 70 65 22 3a 22 6f 74 61 22 2c 22 73 74 61 74 75 73 22 3a 22 70 72 6f 67 72 65 73 73 22 2c 22 72 65 63 65 69 76 65 64 22 3a 31 36 38 33 30 30 2c 22 74 6f 74 61 6c 22 3a 35 37 30 34 38 30 2c 22 70 65 72 63 65 6e 74 22 3a 32 39 7d'
}
Notification received: 7b 22 74 79 70 65 22 3a 22 6f 74 61 22 2c 22 73 74 61 74 75 73 22 3a 22 70 72 6f 67 72 65 73 73 22 2c 22 72 65 63 65 69 76 65 64 22 3a 31 36 38 36 36 30 2c 22 74 6f 74 61 6c 22 3a 35 37 30 34 38 30 2c 22 70 65 72 63 65 6e 74 22 3a 32 39 7d
[Main -> Renderer] ble:characteristicValueChanged: {
  deviceId: '10b41dcd238d',
  serviceUuid: '4fafc201-1fb5-459e-8fcc-c5c9c331914d',
  characteristicUuid: 'beb5483e-36e1-4688-b7f5-ea07361b26c2',
  value: '7b 22 74 79 70 65 22 3a 22 6f 74 61 22 2c 22 73 74 61 74 75 73 22 3a 22 70 72 6f 67 72 65 73 73 22 2c 22 72 65 63 65 69 76 65 64 22 3a 31 36 38 36 36 30 2c 22 74 6f 74 61 6c 22 3a 35 37 30 34 38 30 2c 22 70 65 72 63 65 6e 74 22 3a 32 39 7d'
}
Notification received: 7b 22 74 79 70 65 22 3a 22 6f 74 61 22 2c 22 73 74 61 74 75 73 22 3a 22 70 72 6f 67 72 65 73 73 22 2c 22 72 65 63 65 69 76 65 64 22 3a 31 36 39 30 32 30 2c 22 74 6f 74 61 6c 22 3a 35 37 30 34 38 30 2c 22 70 65 72 63 65 6e 74 22 3a 32 39 7d
[Main -> Renderer] ble:characteristicValueChanged: {
  deviceId: '10b41dcd238d',
  serviceUuid: '4fafc201-1fb5-459e-8fcc-c5c9c331914d',
  characteristicUuid: 'beb5483e-36e1-4688-b7f5-ea07361b26c2',
  value: '7b 22 74 79 70 65 22 3a 22 6f 74 61 22 2c 22 73 74 61 74 75 73 22 3a 22 70 72 6f 67 72 65 73 73 22 2c 22 72 65 63 65 69 76 65 64 22 3a 31 36 39 30 32 30 2c 22 74 6f 74 61 6c 22 3a 35 37 30 34 38 30 2c 22 70 65 72 63 65 6e 74 22 3a 32 39 7d'
}
Notification received: 7b 22 74 79 70 65 22 3a 22 6f 74 61 22 2c 22 73 74 61 74 75 73 22 3a 22 70 72 6f 67 72 65 73 73 22 2c 22 72 65 63 65 69 76 65 64 22 3a 31 36 39 33 38 30 2c 22 74 6f 74 61 6c 22 3a 35 37 30 34 38 30 2c 22 70 65 72 63 65 6e 74 22 3a 32 39 7d
[Main -> Renderer] ble:characteristicValueChanged: {
  deviceId: '10b41dcd238d',
  serviceUuid: '4fafc201-1fb5-459e-8fcc-c5c9c331914d',
  characteristicUuid: 'beb5483e-36e1-4688-b7f5-ea07361b26c2',
  value: '7b 22 74 79 70 65 22 3a 22 6f 74 61 22 2c 22 73 74 61 74 75 73 22 3a 22 70 72 6f 67 72 65 73 73 22 2c 22 72 65 63 65 69 76 65 64 22 3a 31 36 39 33 38 30 2c 22 74 6f 74 61 6c 22 3a 35 37 30 34 38 30 2c 22 70 65 72 63 65 6e 74 22 3a 32 39 7d'
}
Notification received: 7b 22 74 79 70 65 22 3a 22 6f 74 61 22 2c 22 73 74 61 74 75 73 22 3a 22 70 72 6f 67 72 65 73 73 22 2c 22 72 65 63 65 69 76 65 64 22 3a 31 36 39 37 34 30 2c 22 74 6f 74 61 6c 22 3a 35 37 30 34 38 30 2c 22 70 65 72 63 65 6e 74 22 3a 32 39 7d
[Main -> Renderer] ble:characteristicValueChanged: {
  deviceId: '10b41dcd238d',
  serviceUuid: '4fafc201-1fb5-459e-8fcc-c5c9c331914d',
  characteristicUuid: 'beb5483e-36e1-4688-b7f5-ea07361b26c2',
  value: '7b 22 74 79 70 65 22 3a 22 6f 74 61 22 2c 22 73 74 61 74 75 73 22 3a 22 70 72 6f 67 72 65 73 73 22 2c 22 72 65 63 65 69 76 65 64 22 3a 31 36 39 37 34 30 2c 22 74 6f 74 61 6c 22 3a 35 37 30 34 38 30 2c 22 70 65 72 63 65 6e 74 22 3a 32 39 7d'
}
Notification received: 7b 22 74 79 70 65 22 3a 22 6f 74 61 22 2c 22 73 74 61 74 75 73 22 3a 22 70 72 6f 67 72 65 73 73 22 2c 22 72 65 63 65 69 76 65 64 22 3a 31 37 30 31 30 30 2c 22 74 6f 74 61 6c 22 3a 35 37 30 34 38 30 2c 22 70 65 72 63 65 6e 74 22 3a 32 39 7d
[Main -> Renderer] ble:characteristicValueChanged: {
  deviceId: '10b41dcd238d',
  serviceUuid: '4fafc201-1fb5-459e-8fcc-c5c9c331914d',
  characteristicUuid: 'beb5483e-36e1-4688-b7f5-ea07361b26c2',
  value: '7b 22 74 79 70 65 22 3a 22 6f 74 61 22 2c 22 73 74 61 74 75 73 22 3a 22 70 72 6f 67 72 65 73 73 22 2c 22 72 65 63 65 69 76 65 64 22 3a 31 37 30 31 30 30 2c 22 74 6f 74 61 6c 22 3a 35 37 30 34 38 30 2c 22 70 65 72 63 65 6e 74 22 3a 32 39 7d'
}
Notification received: 7b 22 74 79 70 65 22 3a 22 6f 74 61 22 2c 22 73 74 61 74 75 73 22 3a 22 70 72 6f 67 72 65 73 73 22 2c 22 72 65 63 65 69 76 65 64 22 3a 31 37 30 34 36 30 2c 22 74 6f 74 61 6c 22 3a 35 37 30 34 38 30 2c 22 70 65 72 63 65 6e 74 22 3a 32 39 7d
[Main -> Renderer] ble:characteristicValueChanged: {
  deviceId: '10b41dcd238d',
  serviceUuid: '4fafc201-1fb5-459e-8fcc-c5c9c331914d',
  characteristicUuid: 'beb5483e-36e1-4688-b7f5-ea07361b26c2',
  value: '7b 22 74 79 70 65 22 3a 22 6f 74 61 22 2c 22 73 74 61 74 75 73 22 3a 22 70 72 6f 67 72 65 73 73 22 2c 22 72 65 63 65 69 76 65 64 22 3a 31 37 30 34 36 30 2c 22 74 6f 74 61 6c 22 3a 35 37 30 34 38 30 2c 22 70 65 72 63 65 6e 74 22 3a 32 39 7d'
}
Notification received: 7b 22 74 79 70 65 22 3a 22 6f 74 61 22 2c 22 73 74 61 74 75 73 22 3a 22 70 72 6f 67 72 65 73 73 22 2c 22 72 65 63 65 69 76 65 64 22 3a 31 37 30 38 32 30 2c 22 74 6f 74 61 6c 22 3a 35 37 30 34 38 30 2c 22 70 65 72 63 65 6e 74 22 3a 32 39 7d
[Main -> Renderer] ble:characteristicValueChanged: {
  deviceId: '10b41dcd238d',
  serviceUuid: '4fafc201-1fb5-459e-8fcc-c5c9c331914d',
  characteristicUuid: 'beb5483e-36e1-4688-b7f5-ea07361b26c2',
  value: '7b 22 74 79 70 65 22 3a 22 6f 74 61 22 2c 22 73 74 61 74 75 73 22 3a 22 70 72 6f 67 72 65 73 73 22 2c 22 72 65 63 65 69 76 65 64 22 3a 31 37 30 38 32 30 2c 22 74 6f 74 61 6c 22 3a 35 37 30 34 38 30 2c 22 70 65 72 63 65 6e 74 22 3a 32 39 7d'
}
Notification received: 7b 22 74 79 70 65 22 3a 22 6f 74 61 22 2c 22 73 74 61 74 75 73 22 3a 22 70 72 6f 67 72 65 73 73 22 2c 22 72 65 63 65 69 76 65 64 22 3a 31 37 31 31 38 30 2c 22 74 6f 74 61 6c 22 3a 35 37 30 34 38 30 2c 22 70 65 72 63 65 6e 74 22 3a 33 30 7d
[Main -> Renderer] ble:characteristicValueChanged: {
  deviceId: '10b41dcd238d',
  serviceUuid: '4fafc201-1fb5-459e-8fcc-c5c9c331914d',
  characteristicUuid: 'beb5483e-36e1-4688-b7f5-ea07361b26c2',
  value: '7b 22 74 79 70 65 22 3a 22 6f 74 61 22 2c 22 73 74 61 74 75 73 22 3a 22 70 72 6f 67 72 65 73 73 22 2c 22 72 65 63 65 69 76 65 64 22 3a 31 37 31 31 38 30 2c 22 74 6f 74 61 6c 22 3a 35 37 30 34 38 30 2c 22 70 65 72 63 65 6e 74 22 3a 33 30 7d'
}
Notification received: 7b 22 74 79 70 65 22 3a 22 6f 74 61 22 2c 22 73 74 61 74 75 73 22 3a 22 70 72 6f 67 72 65 73 73 22 2c 22 72 65 63 65 69 76 65 64 22 3a 31 37 31 35 34 30 2c 22 74 6f 74 61 6c 22 3a 35 37 30 34 38 30 2c 22 70 65 72 63 65 6e 74 22 3a 33 30 7d
[Main -> Renderer] ble:characteristicValueChanged: {
  deviceId: '10b41dcd238d',
  serviceUuid: '4fafc201-1fb5-459e-8fcc-c5c9c331914d',
  characteristicUuid: 'beb5483e-36e1-4688-b7f5-ea07361b26c2',
  value: '7b 22 74 79 70 65 22 3a 22 6f 74 61 22 2c 22 73 74 61 74 75 73 22 3a 22 70 72 6f 67 72 65 73 73 22 2c 22 72 65 63 65 69 76 65 64 22 3a 31 37 31 35 34 30 2c 22 74 6f 74 61 6c 22 3a 35 37 30 34 38 30 2c 22 70 65 72 63 65 6e 74 22 3a 33 30 7d'
}
Notification received: 7b 22 74 79 70 65 22 3a 22 6f 74 61 22 2c 22 73 74 61 74 75 73 22 3a 22 70 72 6f 67 72 65 73 73 22 2c 22 72 65 63 65 69 76 65 64 22 3a 31 37 31 39 30 30 2c 22 74 6f 74 61 6c 22 3a 35 37 30 34 38 30 2c 22 70 65 72 63 65 6e 74 22 3a 33 30 7d
[Main -> Renderer] ble:characteristicValueChanged: {
  deviceId: '10b41dcd238d',
  serviceUuid: '4fafc201-1fb5-459e-8fcc-c5c9c331914d',
  characteristicUuid: 'beb5483e-36e1-4688-b7f5-ea07361b26c2',
  value: '7b 22 74 79 70 65 22 3a 22 6f 74 61 22 2c 22 73 74 61 74 75 73 22 3a 22 70 72 6f 67 72 65 73 73 22 2c 22 72 65 63 65 69 76 65 64 22 3a 31 37 31 39 30 30 2c 22 74 6f 74 61 6c 22 3a 35 37 30 34 38 30 2c 22 70 65 72 63 65 6e 74 22 3a 33 30 7d'
}
Notification received: 7b 22 74 79 70 65 22 3a 22 6f 74 61 22 2c 22 73 74 61 74 75 73 22 3a 22 70 72 6f 67 72 65 73 73 22 2c 22 72 65 63 65 69 76 65 64 22 3a 31 37 32 32 36 30 2c 22 74 6f 74 61 6c 22 3a 35 37 30 34 38 30 2c 22 70 65 72 63 65 6e 74 22 3a 33 30 7d
[Main -> Renderer] ble:characteristicValueChanged: {
  deviceId: '10b41dcd238d',
  serviceUuid: '4fafc201-1fb5-459e-8fcc-c5c9c331914d',
  characteristicUuid: 'beb5483e-36e1-4688-b7f5-ea07361b26c2',
  value: '7b 22 74 79 70 65 22 3a 22 6f 74 61 22 2c 22 73 74 61 74 75 73 22 3a 22 70 72 6f 67 72 65 73 73 22 2c 22 72 65 63 65 69 76 65 64 22 3a 31 37 32 32 36 30 2c 22 74 6f 74 61 6c 22 3a 35 37 30 34 38 30 2c 22 70 65 72 63 65 6e 74 22 3a 33 30 7d'
}
Notification received: 7b 22 74 79 70 65 22 3a 22 6f 74 61 22 2c 22 73 74 61 74 75 73 22 3a 22 70 72 6f 67 72 65 73 73 22 2c 22 72 65 63 65 69 76 65 64 22 3a 31 37 32 38 30 30 2c 22 74 6f 74 61 6c 22 3a 35 37 30 34 38 30 2c 22 70 65 72 63 65 6e 74 22 3a 33 30 7d
[Main -> Renderer] ble:characteristicValueChanged: {
  deviceId: '10b41dcd238d',
  serviceUuid: '4fafc201-1fb5-459e-8fcc-c5c9c331914d',
  characteristicUuid: 'beb5483e-36e1-4688-b7f5-ea07361b26c2',
  value: '7b 22 74 79 70 65 22 3a 22 6f 74 61 22 2c 22 73 74 61 74 75 73 22 3a 22 70 72 6f 67 72 65 73 73 22 2c 22 72 65 63 65 69 76 65 64 22 3a 31 37 32 38 30 30 2c 22 74 6f 74 61 6c 22 3a 35 37 30 34 38 30 2c 22 70 65 72 63 65 6e 74 22 3a 33 30 7d'
}
Notification received: 7b 22 74 79 70 65 22 3a 22 6f 74 61 22 2c 22 73 74 61 74 75 73 22 3a 22 70 72 6f 67 72 65 73 73 22 2c 22 72 65 63 65 69 76 65 64 22 3a 31 37 33 31 36 30 2c 22 74 6f 74 61 6c 22 3a 35 37 30 34 38 30 2c 22 70 65 72 63 65 6e 74 22 3a 33 30 7d
[Main -> Renderer] ble:characteristicValueChanged: {
  deviceId: '10b41dcd238d',
  serviceUuid: '4fafc201-1fb5-459e-8fcc-c5c9c331914d',
  characteristicUuid: 'beb5483e-36e1-4688-b7f5-ea07361b26c2',
  value: '7b 22 74 79 70 65 22 3a 22 6f 74 61 22 2c 22 73 74 61 74 75 73 22 3a 22 70 72 6f 67 72 65 73 73 22 2c 22 72 65 63 65 69 76 65 64 22 3a 31 37 33 31 36 30 2c 22 74 6f 74 61 6c 22 3a 35 37 30 34 38 30 2c 22 70 65 72 63 65 6e 74 22 3a 33 30 7d'
}
Notification received: 7b 22 74 79 70 65 22 3a 22 6f 74 61 22 2c 22 73 74 61 74 75 73 22 3a 22 70 72 6f 67 72 65 73 73 22 2c 22 72 65 63 65 69 76 65 64 22 3a 31 37 33 35 32 30 2c 22 74 6f 74 61 6c 22 3a 35 37 30 34 38 30 2c 22 70 65 72 63 65 6e 74 22 3a 33 30 7d
[Main -> Renderer] ble:characteristicValueChanged: {
  deviceId: '10b41dcd238d',
  serviceUuid: '4fafc201-1fb5-459e-8fcc-c5c9c331914d',
  characteristicUuid: 'beb5483e-36e1-4688-b7f5-ea07361b26c2',
  value: '7b 22 74 79 70 65 22 3a 22 6f 74 61 22 2c 22 73 74 61 74 75 73 22 3a 22 70 72 6f 67 72 65 73 73 22 2c 22 72 65 63 65 69 76 65 64 22 3a 31 37 33 35 32 30 2c 22 74 6f 74 61 6c 22 3a 35 37 30 34 38 30 2c 22 70 65 72 63 65 6e 74 22 3a 33 30 7d'
}
Notification received: 7b 22 74 79 70 65 22 3a 22 6f 74 61 22 2c 22 73 74 61 74 75 73 22 3a 22 70 72 6f 67 72 65 73 73 22 2c 22 72 65 63 65 69 76 65 64 22 3a 31 37 34 30 36 30 2c 22 74 6f 74 61 6c 22 3a 35 37 30 34 38 30 2c 22 70 65 72 63 65 6e 74 22 3a 33 30 7d
[Main -> Renderer] ble:characteristicValueChanged: {
  deviceId: '10b41dcd238d',
  serviceUuid: '4fafc201-1fb5-459e-8fcc-c5c9c331914d',
  characteristicUuid: 'beb5483e-36e1-4688-b7f5-ea07361b26c2',
  value: '7b 22 74 79 70 65 22 3a 22 6f 74 61 22 2c 22 73 74 61 74 75 73 22 3a 22 70 72 6f 67 72 65 73 73 22 2c 22 72 65 63 65 69 76 65 64 22 3a 31 37 34 30 36 30 2c 22 74 6f 74 61 6c 22 3a 35 37 30 34 38 30 2c 22 70 65 72 63 65 6e 74 22 3a 33 30 7d'
}
Notification received: 7b 22 74 79 70 65 22 3a 22 6f 74 61 22 2c 22 73 74 61 74 75 73 22 3a 22 70 72 6f 67 72 65 73 73 22 2c 22 72 65 63 65 69 76 65 64 22 3a 31 37 34 36 30 30 2c 22 74 6f 74 61 6c 22 3a 35 37 30 34 38 30 2c 22 70 65 72 63 65 6e 74 22 3a 33 30 7d
[Main -> Renderer] ble:characteristicValueChanged: {
  deviceId: '10b41dcd238d',
  serviceUuid: '4fafc201-1fb5-459e-8fcc-c5c9c331914d',
  characteristicUuid: 'beb5483e-36e1-4688-b7f5-ea07361b26c2',
  value: '7b 22 74 79 70 65 22 3a 22 6f 74 61 22 2c 22 73 74 61 74 75 73 22 3a 22 70 72 6f 67 72 65 73 73 22 2c 22 72 65 63 65 69 76 65 64 22 3a 31 37 34 36 30 30 2c 22 74 6f 74 61 6c 22 3a 35 37 30 34 38 30 2c 22 70 65 72 63 65 6e 74 22 3a 33 30 7d'
}
Notification received: 7b 22 74 79 70 65 22 3a 22 6f 74 61 22 2c 22 73 74 61 74 75 73 22 3a 22 70 72 6f 67 72 65 73 73 22 2c 22 72 65 63 65 69 76 65 64 22 3a 31 37 35 31 34 30 2c 22 74 6f 74 61 6c 22 3a 35 37 30 34 38 30 2c 22 70 65 72 63 65 6e 74 22 3a 33 30 7d
[Main -> Renderer] ble:characteristicValueChanged: {
  deviceId: '10b41dcd238d',
  serviceUuid: '4fafc201-1fb5-459e-8fcc-c5c9c331914d',
  characteristicUuid: 'beb5483e-36e1-4688-b7f5-ea07361b26c2',
  value: '7b 22 74 79 70 65 22 3a 22 6f 74 61 22 2c 22 73 74 61 74 75 73 22 3a 22 70 72 6f 67 72 65 73 73 22 2c 22 72 65 63 65 69 76 65 64 22 3a 31 37 35 31 34 30 2c 22 74 6f 74 61 6c 22 3a 35 37 30 34 38 30 2c 22 70 65 72 63 65 6e 74 22 3a 33 30 7d'
}
Notification received: 7b 22 74 79 70 65 22 3a 22 6f 74 61 22 2c 22 73 74 61 74 75 73 22 3a 22 70 72 6f 67 72 65 73 73 22 2c 22 72 65 63 65 69 76 65 64 22 3a 31 37 35 36 38 30 2c 22 74 6f 74 61 6c 22 3a 35 37 30 34 38 30 2c 22 70 65 72 63 65 6e 74 22 3a 33 30 7d
[Main -> Renderer] ble:characteristicValueChanged: {
  deviceId: '10b41dcd238d',
  serviceUuid: '4fafc201-1fb5-459e-8fcc-c5c9c331914d',
  characteristicUuid: 'beb5483e-36e1-4688-b7f5-ea07361b26c2',
  value: '7b 22 74 79 70 65 22 3a 22 6f 74 61 22 2c 22 73 74 61 74 75 73 22 3a 22 70 72 6f 67 72 65 73 73 22 2c 22 72 65 63 65 69 76 65 64 22 3a 31 37 35 36 38 30 2c 22 74 6f 74 61 6c 22 3a 35 37 30 34 38 30 2c 22 70 65 72 63 65 6e 74 22 3a 33 30 7d'
}
Notification received: 7b 22 74 79 70 65 22 3a 22 6f 74 61 22 2c 22 73 74 61 74 75 73 22 3a 22 70 72 6f 67 72 65 73 73 22 2c 22 72 65 63 65 69 76 65 64 22 3a 31 37 36 30 34 30 2c 22 74 6f 74 61 6c 22 3a 35 37 30 34 38 30 2c 22 70 65 72 63 65 6e 74 22 3a 33 30 7d
[Main -> Renderer] ble:characteristicValueChanged: {
  deviceId: '10b41dcd238d',
  serviceUuid: '4fafc201-1fb5-459e-8fcc-c5c9c331914d',
  characteristicUuid: 'beb5483e-36e1-4688-b7f5-ea07361b26c2',
  value: '7b 22 74 79 70 65 22 3a 22 6f 74 61 22 2c 22 73 74 61 74 75 73 22 3a 22 70 72 6f 67 72 65 73 73 22 2c 22 72 65 63 65 69 76 65 64 22 3a 31 37 36 30 34 30 2c 22 74 6f 74 61 6c 22 3a 35 37 30 34 38 30 2c 22 70 65 72 63 65 6e 74 22 3a 33 30 7d'
}
Notification received: 7b 22 74 79 70 65 22 3a 22 6f 74 61 22 2c 22 73 74 61 74 75 73 22 3a 22 70 72 6f 67 72 65 73 73 22 2c 22 72 65 63 65 69 76 65 64 22 3a 31 37 36 35 38 30 2c 22 74 6f 74 61 6c 22 3a 35 37 30 34 38 30 2c 22 70 65 72 63 65 6e 74 22 3a 33 30 7d
[Main -> Renderer] ble:characteristicValueChanged: {
  deviceId: '10b41dcd238d',
  serviceUuid: '4fafc201-1fb5-459e-8fcc-c5c9c331914d',
  characteristicUuid: 'beb5483e-36e1-4688-b7f5-ea07361b26c2',
  value: '7b 22 74 79 70 65 22 3a 22 6f 74 61 22 2c 22 73 74 61 74 75 73 22 3a 22 70 72 6f 67 72 65 73 73 22 2c 22 72 65 63 65 69 76 65 64 22 3a 31 37 36 35 38 30 2c 22 74 6f 74 61 6c 22 3a 35 37 30 34 38 30 2c 22 70 65 72 63 65 6e 74 22 3a 33 30 7d'
}
Notification received: 7b 22 74 79 70 65 22 3a 22 6f 74 61 22 2c 22 73 74 61 74 75 73 22 3a 22 70 72 6f 67 72 65 73 73 22 2c 22 72 65 63 65 69 76 65 64 22 3a 31 37 37 31 32 30 2c 22 74 6f 74 61 6c 22 3a 35 37 30 34 38 30 2c 22 70 65 72 63 65 6e 74 22 3a 33 31 7d
[Main -> Renderer] ble:characteristicValueChanged: {
  deviceId: '10b41dcd238d',
  serviceUuid: '4fafc201-1fb5-459e-8fcc-c5c9c331914d',
  characteristicUuid: 'beb5483e-36e1-4688-b7f5-ea07361b26c2',
  value: '7b 22 74 79 70 65 22 3a 22 6f 74 61 22 2c 22 73 74 61 74 75 73 22 3a 22 70 72 6f 67 72 65 73 73 22 2c 22 72 65 63 65 69 76 65 64 22 3a 31 37 37 31 32 30 2c 22 74 6f 74 61 6c 22 3a 35 37 30 34 38 30 2c 22 70 65 72 63 65 6e 74 22 3a 33 31 7d'
}
Notification received: 7b 22 74 79 70 65 22 3a 22 6f 74 61 22 2c 22 73 74 61 74 75 73 22 3a 22 70 72 6f 67 72 65 73 73 22 2c 22 72 65 63 65 69 76 65 64 22 3a 31 37 37 34 38 30 2c 22 74 6f 74 61 6c 22 3a 35 37 30 34 38 30 2c 22 70 65 72 63 65 6e 74 22 3a 33 31 7d
[Main -> Renderer] ble:characteristicValueChanged: {
  deviceId: '10b41dcd238d',
  serviceUuid: '4fafc201-1fb5-459e-8fcc-c5c9c331914d',
  characteristicUuid: 'beb5483e-36e1-4688-b7f5-ea07361b26c2',
  value: '7b 22 74 79 70 65 22 3a 22 6f 74 61 22 2c 22 73 74 61 74 75 73 22 3a 22 70 72 6f 67 72 65 73 73 22 2c 22 72 65 63 65 69 76 65 64 22 3a 31 37 37 34 38 30 2c 22 74 6f 74 61 6c 22 3a 35 37 30 34 38 30 2c 22 70 65 72 63 65 6e 74 22 3a 33 31 7d'
}
Notification received: 7b 22 74 79 70 65 22 3a 22 6f 74 61 22 2c 22 73 74 61 74 75 73 22 3a 22 70 72 6f 67 72 65 73 73 22 2c 22 72 65 63 65 69 76 65 64 22 3a 31 37 37 38 34 30 2c 22 74 6f 74 61 6c 22 3a 35 37 30 34 38 30 2c 22 70 65 72 63 65 6e 74 22 3a 33 31 7d
[Main -> Renderer] ble:characteristicValueChanged: {
  deviceId: '10b41dcd238d',
  serviceUuid: '4fafc201-1fb5-459e-8fcc-c5c9c331914d',
  characteristicUuid: 'beb5483e-36e1-4688-b7f5-ea07361b26c2',
  value: '7b 22 74 79 70 65 22 3a 22 6f 74 61 22 2c 22 73 74 61 74 75 73 22 3a 22 70 72 6f 67 72 65 73 73 22 2c 22 72 65 63 65 69 76 65 64 22 3a 31 37 37 38 34 30 2c 22 74 6f 74 61 6c 22 3a 35 37 30 34 38 30 2c 22 70 65 72 63 65 6e 74 22 3a 33 31 7d'
}
Notification received: 7b 22 74 79 70 65 22 3a 22 6f 74 61 22 2c 22 73 74 61 74 75 73 22 3a 22 70 72 6f 67 72 65 73 73 22 2c 22 72 65 63 65 69 76 65 64 22 3a 31 37 38 33 38 30 2c 22 74 6f 74 61 6c 22 3a 35 37 30 34 38 30 2c 22 70 65 72 63 65 6e 74 22 3a 33 31 7d
[Main -> Renderer] ble:characteristicValueChanged: {
  deviceId: '10b41dcd238d',
  serviceUuid: '4fafc201-1fb5-459e-8fcc-c5c9c331914d',
  characteristicUuid: 'beb5483e-36e1-4688-b7f5-ea07361b26c2',
  value: '7b 22 74 79 70 65 22 3a 22 6f 74 61 22 2c 22 73 74 61 74 75 73 22 3a 22 70 72 6f 67 72 65 73 73 22 2c 22 72 65 63 65 69 76 65 64 22 3a 31 37 38 33 38 30 2c 22 74 6f 74 61 6c 22 3a 35 37 30 34 38 30 2c 22 70 65 72 63 65 6e 74 22 3a 33 31 7d'
}
Notification received: 7b 22 74 79 70 65 22 3a 22 6f 74 61 22 2c 22 73 74 61 74 75 73 22 3a 22 70 72 6f 67 72 65 73 73 22 2c 22 72 65 63 65 69 76 65 64 22 3a 31 37 38 39 32 30 2c 22 74 6f 74 61 6c 22 3a 35 37 30 34 38 30 2c 22 70 65 72 63 65 6e 74 22 3a 33 31 7d
[Main -> Renderer] ble:characteristicValueChanged: {
  deviceId: '10b41dcd238d',
  serviceUuid: '4fafc201-1fb5-459e-8fcc-c5c9c331914d',
  characteristicUuid: 'beb5483e-36e1-4688-b7f5-ea07361b26c2',
  value: '7b 22 74 79 70 65 22 3a 22 6f 74 61 22 2c 22 73 74 61 74 75 73 22 3a 22 70 72 6f 67 72 65 73 73 22 2c 22 72 65 63 65 69 76 65 64 22 3a 31 37 38 39 32 30 2c 22 74 6f 74 61 6c 22 3a 35 37 30 34 38 30 2c 22 70 65 72 63 65 6e 74 22 3a 33 31 7d'
}
Notification received: 7b 22 74 79 70 65 22 3a 22 6f 74 61 22 2c 22 73 74 61 74 75 73 22 3a 22 70 72 6f 67 72 65 73 73 22 2c 22 72 65 63 65 69 76 65 64 22 3a 31 37 39 32 38 30 2c 22 74 6f 74 61 6c 22 3a 35 37 30 34 38 30 2c 22 70 65 72 63 65 6e 74 22 3a 33 31 7d
[Main -> Renderer] ble:characteristicValueChanged: {
  deviceId: '10b41dcd238d',
  serviceUuid: '4fafc201-1fb5-459e-8fcc-c5c9c331914d',
  characteristicUuid: 'beb5483e-36e1-4688-b7f5-ea07361b26c2',
  value: '7b 22 74 79 70 65 22 3a 22 6f 74 61 22 2c 22 73 74 61 74 75 73 22 3a 22 70 72 6f 67 72 65 73 73 22 2c 22 72 65 63 65 69 76 65 64 22 3a 31 37 39 32 38 30 2c 22 74 6f 74 61 6c 22 3a 35 37 30 34 38 30 2c 22 70 65 72 63 65 6e 74 22 3a 33 31 7d'
}
Notification received: 7b 22 74 79 70 65 22 3a 22 6f 74 61 22 2c 22 73 74 61 74 75 73 22 3a 22 70 72 6f 67 72 65 73 73 22 2c 22 72 65 63 65 69 76 65 64 22 3a 31 37 39 38 32 30 2c 22 74 6f 74 61 6c 22 3a 35 37 30 34 38 30 2c 22 70 65 72 63 65 6e 74 22 3a 33 31 7d
[Main -> Renderer] ble:characteristicValueChanged: {
  deviceId: '10b41dcd238d',
  serviceUuid: '4fafc201-1fb5-459e-8fcc-c5c9c331914d',
  characteristicUuid: 'beb5483e-36e1-4688-b7f5-ea07361b26c2',
  value: '7b 22 74 79 70 65 22 3a 22 6f 74 61 22 2c 22 73 74 61 74 75 73 22 3a 22 70 72 6f 67 72 65 73 73 22 2c 22 72 65 63 65 69 76 65 64 22 3a 31 37 39 38 32 30 2c 22 74 6f 74 61 6c 22 3a 35 37 30 34 38 30 2c 22 70 65 72 63 65 6e 74 22 3a 33 31 7d'
}
Notification received: 7b 22 74 79 70 65 22 3a 22 6f 74 61 22 2c 22 73 74 61 74 75 73 22 3a 22 70 72 6f 67 72 65 73 73 22 2c 22 72 65 63 65 69 76 65 64 22 3a 31 38 30 31 38 30 2c 22 74 6f 74 61 6c 22 3a 35 37 30 34 38 30 2c 22 70 65 72 63 65 6e 74 22 3a 33 31 7d
[Main -> Renderer] ble:characteristicValueChanged: {
  deviceId: '10b41dcd238d',
  serviceUuid: '4fafc201-1fb5-459e-8fcc-c5c9c331914d',
  characteristicUuid: 'beb5483e-36e1-4688-b7f5-ea07361b26c2',
  value: '7b 22 74 79 70 65 22 3a 22 6f 74 61 22 2c 22 73 74 61 74 75 73 22 3a 22 70 72 6f 67 72 65 73 73 22 2c 22 72 65 63 65 69 76 65 64 22 3a 31 38 30 31 38 30 2c 22 74 6f 74 61 6c 22 3a 35 37 30 34 38 30 2c 22 70 65 72 63 65 6e 74 22 3a 33 31 7d'
}
Notification received: 7b 22 74 79 70 65 22 3a 22 6f 74 61 22 2c 22 73 74 61 74 75 73 22 3a 22 70 72 6f 67 72 65 73 73 22 2c 22 72 65 63 65 69 76 65 64 22 3a 31 38 30 35 34 30 2c 22 74 6f 74 61 6c 22 3a 35 37 30 34 38 30 2c 22 70 65 72 63 65 6e 74 22 3a 33 31 7d
[Main -> Renderer] ble:characteristicValueChanged: {
  deviceId: '10b41dcd238d',
  serviceUuid: '4fafc201-1fb5-459e-8fcc-c5c9c331914d',
  characteristicUuid: 'beb5483e-36e1-4688-b7f5-ea07361b26c2',
  value: '7b 22 74 79 70 65 22 3a 22 6f 74 61 22 2c 22 73 74 61 74 75 73 22 3a 22 70 72 6f 67 72 65 73 73 22 2c 22 72 65 63 65 69 76 65 64 22 3a 31 38 30 35 34 30 2c 22 74 6f 74 61 6c 22 3a 35 37 30 34 38 30 2c 22 70 65 72 63 65 6e 74 22 3a 33 31 7d'
}
Notification received: 7b 22 74 79 70 65 22 3a 22 6f 74 61 22 2c 22 73 74 61 74 75 73 22 3a 22 70 72 6f 67 72 65 73 73 22 2c 22 72 65 63 65 69 76 65 64 22 3a 31 38 30 39 30 30 2c 22 74 6f 74 61 6c 22 3a 35 37 30 34 38 30 2c 22 70 65 72 63 65 6e 74 22 3a 33 31 7d
[Main -> Renderer] ble:characteristicValueChanged: {
  deviceId: '10b41dcd238d',
  serviceUuid: '4fafc201-1fb5-459e-8fcc-c5c9c331914d',
  characteristicUuid: 'beb5483e-36e1-4688-b7f5-ea07361b26c2',
  value: '7b 22 74 79 70 65 22 3a 22 6f 74 61 22 2c 22 73 74 61 74 75 73 22 3a 22 70 72 6f 67 72 65 73 73 22 2c 22 72 65 63 65 69 76 65 64 22 3a 31 38 30 39 30 30 2c 22 74 6f 74 61 6c 22 3a 35 37 30 34 38 30 2c 22 70 65 72 63 65 6e 74 22 3a 33 31 7d'
}
Notification received: 7b 22 74 79 70 65 22 3a 22 6f 74 61 22 2c 22 73 74 61 74 75 73 22 3a 22 70 72 6f 67 72 65 73 73 22 2c 22 72 65 63 65 69 76 65 64 22 3a 31 38 31 32 36 30 2c 22 74 6f 74 61 6c 22 3a 35 37 30 34 38 30 2c 22 70 65 72 63 65 6e 74 22 3a 33 31 7d
[Main -> Renderer] ble:characteristicValueChanged: {
  deviceId: '10b41dcd238d',
  serviceUuid: '4fafc201-1fb5-459e-8fcc-c5c9c331914d',
  characteristicUuid: 'beb5483e-36e1-4688-b7f5-ea07361b26c2',
  value: '7b 22 74 79 70 65 22 3a 22 6f 74 61 22 2c 22 73 74 61 74 75 73 22 3a 22 70 72 6f 67 72 65 73 73 22 2c 22 72 65 63 65 69 76 65 64 22 3a 31 38 31 32 36 30 2c 22 74 6f 74 61 6c 22 3a 35 37 30 34 38 30 2c 22 70 65 72 63 65 6e 74 22 3a 33 31 7d'
}
Notification received: 7b 22 74 79 70 65 22 3a 22 6f 74 61 22 2c 22 73 74 61 74 75 73 22 3a 22 70 72 6f 67 72 65 73 73 22 2c 22 72 65 63 65 69 76 65 64 22 3a 31 38 31 38 30 30 2c 22 74 6f 74 61 6c 22 3a 35 37 30 34 38 30 2c 22 70 65 72 63 65 6e 74 22 3a 33 31 7d
[Main -> Renderer] ble:characteristicValueChanged: {
  deviceId: '10b41dcd238d',
  serviceUuid: '4fafc201-1fb5-459e-8fcc-c5c9c331914d',
  characteristicUuid: 'beb5483e-36e1-4688-b7f5-ea07361b26c2',
  value: '7b 22 74 79 70 65 22 3a 22 6f 74 61 22 2c 22 73 74 61 74 75 73 22 3a 22 70 72 6f 67 72 65 73 73 22 2c 22 72 65 63 65 69 76 65 64 22 3a 31 38 31 38 30 30 2c 22 74 6f 74 61 6c 22 3a 35 37 30 34 38 30 2c 22 70 65 72 63 65 6e 74 22 3a 33 31 7d'
}
Notification received: 7b 22 74 79 70 65 22 3a 22 6f 74 61 22 2c 22 73 74 61 74 75 73 22 3a 22 70 72 6f 67 72 65 73 73 22 2c 22 72 65 63 65 69 76 65 64 22 3a 31 38 32 31 36 30 2c 22 74 6f 74 61 6c 22 3a 35 37 30 34 38 30 2c 22 70 65 72 63 65 6e 74 22 3a 33 31 7d
[Main -> Renderer] ble:characteristicValueChanged: {
  deviceId: '10b41dcd238d',
  serviceUuid: '4fafc201-1fb5-459e-8fcc-c5c9c331914d',
  characteristicUuid: 'beb5483e-36e1-4688-b7f5-ea07361b26c2',
  value: '7b 22 74 79 70 65 22 3a 22 6f 74 61 22 2c 22 73 74 61 74 75 73 22 3a 22 70 72 6f 67 72 65 73 73 22 2c 22 72 65 63 65 69 76 65 64 22 3a 31 38 32 31 36 30 2c 22 74 6f 74 61 6c 22 3a 35 37 30 34 38 30 2c 22 70 65 72 63 65 6e 74 22 3a 33 31 7d'
}
Notification received: 7b 22 74 79 70 65 22 3a 22 6f 74 61 22 2c 22 73 74 61 74 75 73 22 3a 22 70 72 6f 67 72 65 73 73 22 2c 22 72 65 63 65 69 76 65 64 22 3a 31 38 32 35 32 30 2c 22 74 6f 74 61 6c 22 3a 35 37 30 34 38 30 2c 22 70 65 72 63 65 6e 74 22 3a 33 31 7d
[Main -> Renderer] ble:characteristicValueChanged: {
  deviceId: '10b41dcd238d',
  serviceUuid: '4fafc201-1fb5-459e-8fcc-c5c9c331914d',
  characteristicUuid: 'beb5483e-36e1-4688-b7f5-ea07361b26c2',
  value: '7b 22 74 79 70 65 22 3a 22 6f 74 61 22 2c 22 73 74 61 74 75 73 22 3a 22 70 72 6f 67 72 65 73 73 22 2c 22 72 65 63 65 69 76 65 64 22 3a 31 38 32 35 32 30 2c 22 74 6f 74 61 6c 22 3a 35 37 30 34 38 30 2c 22 70 65 72 63 65 6e 74 22 3a 33 31 7d'
}
Notification received: 7b 22 74 79 70 65 22 3a 22 6f 74 61 22 2c 22 73 74 61 74 75 73 22 3a 22 70 72 6f 67 72 65 73 73 22 2c 22 72 65 63 65 69 76 65 64 22 3a 31 38 32 38 38 30 2c 22 74 6f 74 61 6c 22 3a 35 37 30 34 38 30 2c 22 70 65 72 63 65 6e 74 22 3a 33 32 7d
[Main -> Renderer] ble:characteristicValueChanged: {
  deviceId: '10b41dcd238d',
  serviceUuid: '4fafc201-1fb5-459e-8fcc-c5c9c331914d',
  characteristicUuid: 'beb5483e-36e1-4688-b7f5-ea07361b26c2',
  value: '7b 22 74 79 70 65 22 3a 22 6f 74 61 22 2c 22 73 74 61 74 75 73 22 3a 22 70 72 6f 67 72 65 73 73 22 2c 22 72 65 63 65 69 76 65 64 22 3a 31 38 32 38 38 30 2c 22 74 6f 74 61 6c 22 3a 35 37 30 34 38 30 2c 22 70 65 72 63 65 6e 74 22 3a 33 32 7d'
}
Notification received: 7b 22 74 79 70 65 22 3a 22 6f 74 61 22 2c 22 73 74 61 74 75 73 22 3a 22 70 72 6f 67 72 65 73 73 22 2c 22 72 65 63 65 69 76 65 64 22 3a 31 38 33 32 34 30 2c 22 74 6f 74 61 6c 22 3a 35 37 30 34 38 30 2c 22 70 65 72 63 65 6e 74 22 3a 33 32 7d
[Main -> Renderer] ble:characteristicValueChanged: {
  deviceId: '10b41dcd238d',
  serviceUuid: '4fafc201-1fb5-459e-8fcc-c5c9c331914d',
  characteristicUuid: 'beb5483e-36e1-4688-b7f5-ea07361b26c2',
  value: '7b 22 74 79 70 65 22 3a 22 6f 74 61 22 2c 22 73 74 61 74 75 73 22 3a 22 70 72 6f 67 72 65 73 73 22 2c 22 72 65 63 65 69 76 65 64 22 3a 31 38 33 32 34 30 2c 22 74 6f 74 61 6c 22 3a 35 37 30 34 38 30 2c 22 70 65 72 63 65 6e 74 22 3a 33 32 7d'
}
Notification received: 7b 22 74 79 70 65 22 3a 22 6f 74 61 22 2c 22 73 74 61 74 75 73 22 3a 22 70 72 6f 67 72 65 73 73 22 2c 22 72 65 63 65 69 76 65 64 22 3a 31 38 33 36 30 30 2c 22 74 6f 74 61 6c 22 3a 35 37 30 34 38 30 2c 22 70 65 72 63 65 6e 74 22 3a 33 32 7d
[Main -> Renderer] ble:characteristicValueChanged: {
  deviceId: '10b41dcd238d',
  serviceUuid: '4fafc201-1fb5-459e-8fcc-c5c9c331914d',
  characteristicUuid: 'beb5483e-36e1-4688-b7f5-ea07361b26c2',
  value: '7b 22 74 79 70 65 22 3a 22 6f 74 61 22 2c 22 73 74 61 74 75 73 22 3a 22 70 72 6f 67 72 65 73 73 22 2c 22 72 65 63 65 69 76 65 64 22 3a 31 38 33 36 30 30 2c 22 74 6f 74 61 6c 22 3a 35 37 30 34 38 30 2c 22 70 65 72 63 65 6e 74 22 3a 33 32 7d'
}
Notification received: 7b 22 74 79 70 65 22 3a 22 6f 74 61 22 2c 22 73 74 61 74 75 73 22 3a 22 70 72 6f 67 72 65 73 73 22 2c 22 72 65 63 65 69 76 65 64 22 3a 31 38 34 31 34 30 2c 22 74 6f 74 61 6c 22 3a 35 37 30 34 38 30 2c 22 70 65 72 63 65 6e 74 22 3a 33 32 7d
[Main -> Renderer] ble:characteristicValueChanged: {
  deviceId: '10b41dcd238d',
  serviceUuid: '4fafc201-1fb5-459e-8fcc-c5c9c331914d',
  characteristicUuid: 'beb5483e-36e1-4688-b7f5-ea07361b26c2',
  value: '7b 22 74 79 70 65 22 3a 22 6f 74 61 22 2c 22 73 74 61 74 75 73 22 3a 22 70 72 6f 67 72 65 73 73 22 2c 22 72 65 63 65 69 76 65 64 22 3a 31 38 34 31 34 30 2c 22 74 6f 74 61 6c 22 3a 35 37 30 34 38 30 2c 22 70 65 72 63 65 6e 74 22 3a 33 32 7d'
}
Notification received: 7b 22 74 79 70 65 22 3a 22 6f 74 61 22 2c 22 73 74 61 74 75 73 22 3a 22 70 72 6f 67 72 65 73 73 22 2c 22 72 65 63 65 69 76 65 64 22 3a 31 38 34 36 38 30 2c 22 74 6f 74 61 6c 22 3a 35 37 30 34 38 30 2c 22 70 65 72 63 65 6e 74 22 3a 33 32 7d
[Main -> Renderer] ble:characteristicValueChanged: {
  deviceId: '10b41dcd238d',
  serviceUuid: '4fafc201-1fb5-459e-8fcc-c5c9c331914d',
  characteristicUuid: 'beb5483e-36e1-4688-b7f5-ea07361b26c2',
  value: '7b 22 74 79 70 65 22 3a 22 6f 74 61 22 2c 22 73 74 61 74 75 73 22 3a 22 70 72 6f 67 72 65 73 73 22 2c 22 72 65 63 65 69 76 65 64 22 3a 31 38 34 36 38 30 2c 22 74 6f 74 61 6c 22 3a 35 37 30 34 38 30 2c 22 70 65 72 63 65 6e 74 22 3a 33 32 7d'
}
Notification received: 7b 22 74 79 70 65 22 3a 22 6f 74 61 22 2c 22 73 74 61 74 75 73 22 3a 22 70 72 6f 67 72 65 73 73 22 2c 22 72 65 63 65 69 76 65 64 22 3a 31 38 35 30 34 30 2c 22 74 6f 74 61 6c 22 3a 35 37 30 34 38 30 2c 22 70 65 72 63 65 6e 74 22 3a 33 32 7d
[Main -> Renderer] ble:characteristicValueChanged: {
  deviceId: '10b41dcd238d',
  serviceUuid: '4fafc201-1fb5-459e-8fcc-c5c9c331914d',
  characteristicUuid: 'beb5483e-36e1-4688-b7f5-ea07361b26c2',
  value: '7b 22 74 79 70 65 22 3a 22 6f 74 61 22 2c 22 73 74 61 74 75 73 22 3a 22 70 72 6f 67 72 65 73 73 22 2c 22 72 65 63 65 69 76 65 64 22 3a 31 38 35 30 34 30 2c 22 74 6f 74 61 6c 22 3a 35 37 30 34 38 30 2c 22 70 65 72 63 65 6e 74 22 3a 33 32 7d'
}
Notification received: 7b 22 74 79 70 65 22 3a 22 6f 74 61 22 2c 22 73 74 61 74 75 73 22 3a 22 70 72 6f 67 72 65 73 73 22 2c 22 72 65 63 65 69 76 65 64 22 3a 31 38 35 34 30 30 2c 22 74 6f 74 61 6c 22 3a 35 37 30 34 38 30 2c 22 70 65 72 63 65 6e 74 22 3a 33 32 7d
[Main -> Renderer] ble:characteristicValueChanged: {
  deviceId: '10b41dcd238d',
  serviceUuid: '4fafc201-1fb5-459e-8fcc-c5c9c331914d',
  characteristicUuid: 'beb5483e-36e1-4688-b7f5-ea07361b26c2',
  value: '7b 22 74 79 70 65 22 3a 22 6f 74 61 22 2c 22 73 74 61 74 75 73 22 3a 22 70 72 6f 67 72 65 73 73 22 2c 22 72 65 63 65 69 76 65 64 22 3a 31 38 35 34 30 30 2c 22 74 6f 74 61 6c 22 3a 35 37 30 34 38 30 2c 22 70 65 72 63 65 6e 74 22 3a 33 32 7d'
}
Notification received: 7b 22 74 79 70 65 22 3a 22 6f 74 61 22 2c 22 73 74 61 74 75 73 22 3a 22 70 72 6f 67 72 65 73 73 22 2c 22 72 65 63 65 69 76 65 64 22 3a 31 38 35 39 34 30 2c 22 74 6f 74 61 6c 22 3a 35 37 30 34 38 30 2c 22 70 65 72 63 65 6e 74 22 3a 33 32 7d
[Main -> Renderer] ble:characteristicValueChanged: {
  deviceId: '10b41dcd238d',
  serviceUuid: '4fafc201-1fb5-459e-8fcc-c5c9c331914d',
  characteristicUuid: 'beb5483e-36e1-4688-b7f5-ea07361b26c2',
  value: '7b 22 74 79 70 65 22 3a 22 6f 74 61 22 2c 22 73 74 61 74 75 73 22 3a 22 70 72 6f 67 72 65 73 73 22 2c 22 72 65 63 65 69 76 65 64 22 3a 31 38 35 39 34 30 2c 22 74 6f 74 61 6c 22 3a 35 37 30 34 38 30 2c 22 70 65 72 63 65 6e 74 22 3a 33 32 7d'
}
Notification received: 7b 22 74 79 70 65 22 3a 22 6f 74 61 22 2c 22 73 74 61 74 75 73 22 3a 22 70 72 6f 67 72 65 73 73 22 2c 22 72 65 63 65 69 76 65 64 22 3a 31 38 36 34 38 30 2c 22 74 6f 74 61 6c 22 3a 35 37 30 34 38 30 2c 22 70 65 72 63 65 6e 74 22 3a 33 32 7d
[Main -> Renderer] ble:characteristicValueChanged: {
  deviceId: '10b41dcd238d',
  serviceUuid: '4fafc201-1fb5-459e-8fcc-c5c9c331914d',
  characteristicUuid: 'beb5483e-36e1-4688-b7f5-ea07361b26c2',
  value: '7b 22 74 79 70 65 22 3a 22 6f 74 61 22 2c 22 73 74 61 74 75 73 22 3a 22 70 72 6f 67 72 65 73 73 22 2c 22 72 65 63 65 69 76 65 64 22 3a 31 38 36 34 38 30 2c 22 74 6f 74 61 6c 22 3a 35 37 30 34 38 30 2c 22 70 65 72 63 65 6e 74 22 3a 33 32 7d'
}
Notification received: 7b 22 74 79 70 65 22 3a 22 6f 74 61 22 2c 22 73 74 61 74 75 73 22 3a 22 70 72 6f 67 72 65 73 73 22 2c 22 72 65 63 65 69 76 65 64 22 3a 31 38 36 38 34 30 2c 22 74 6f 74 61 6c 22 3a 35 37 30 34 38 30 2c 22 70 65 72 63 65 6e 74 22 3a 33 32 7d
[Main -> Renderer] ble:characteristicValueChanged: {
  deviceId: '10b41dcd238d',
  serviceUuid: '4fafc201-1fb5-459e-8fcc-c5c9c331914d',
  characteristicUuid: 'beb5483e-36e1-4688-b7f5-ea07361b26c2',
  value: '7b 22 74 79 70 65 22 3a 22 6f 74 61 22 2c 22 73 74 61 74 75 73 22 3a 22 70 72 6f 67 72 65 73 73 22 2c 22 72 65 63 65 69 76 65 64 22 3a 31 38 36 38 34 30 2c 22 74 6f 74 61 6c 22 3a 35 37 30 34 38 30 2c 22 70 65 72 63 65 6e 74 22 3a 33 32 7d'
}
Notification received: 7b 22 74 79 70 65 22 3a 22 6f 74 61 22 2c 22 73 74 61 74 75 73 22 3a 22 70 72 6f 67 72 65 73 73 22 2c 22 72 65 63 65 69 76 65 64 22 3a 31 38 37 32 30 30 2c 22 74 6f 74 61 6c 22 3a 35 37 30 34 38 30 2c 22 70 65 72 63 65 6e 74 22 3a 33 32 7d
[Main -> Renderer] ble:characteristicValueChanged: {
  deviceId: '10b41dcd238d',
  serviceUuid: '4fafc201-1fb5-459e-8fcc-c5c9c331914d',
  characteristicUuid: 'beb5483e-36e1-4688-b7f5-ea07361b26c2',
  value: '7b 22 74 79 70 65 22 3a 22 6f 74 61 22 2c 22 73 74 61 74 75 73 22 3a 22 70 72 6f 67 72 65 73 73 22 2c 22 72 65 63 65 69 76 65 64 22 3a 31 38 37 32 30 30 2c 22 74 6f 74 61 6c 22 3a 35 37 30 34 38 30 2c 22 70 65 72 63 65 6e 74 22 3a 33 32 7d'
}
Notification received: 7b 22 74 79 70 65 22 3a 22 6f 74 61 22 2c 22 73 74 61 74 75 73 22 3a 22 70 72 6f 67 72 65 73 73 22 2c 22 72 65 63 65 69 76 65 64 22 3a 31 38 37 35 36 30 2c 22 74 6f 74 61 6c 22 3a 35 37 30 34 38 30 2c 22 70 65 72 63 65 6e 74 22 3a 33 32 7d
[Main -> Renderer] ble:characteristicValueChanged: {
  deviceId: '10b41dcd238d',
  serviceUuid: '4fafc201-1fb5-459e-8fcc-c5c9c331914d',
  characteristicUuid: 'beb5483e-36e1-4688-b7f5-ea07361b26c2',
  value: '7b 22 74 79 70 65 22 3a 22 6f 74 61 22 2c 22 73 74 61 74 75 73 22 3a 22 70 72 6f 67 72 65 73 73 22 2c 22 72 65 63 65 69 76 65 64 22 3a 31 38 37 35 36 30 2c 22 74 6f 74 61 6c 22 3a 35 37 30 34 38 30 2c 22 70 65 72 63 65 6e 74 22 3a 33 32 7d'
}
Notification received: 7b 22 74 79 70 65 22 3a 22 6f 74 61 22 2c 22 73 74 61 74 75 73 22 3a 22 70 72 6f 67 72 65 73 73 22 2c 22 72 65 63 65 69 76 65 64 22 3a 31 38 38 31 30 30 2c 22 74 6f 74 61 6c 22 3a 35 37 30 34 38 30 2c 22 70 65 72 63 65 6e 74 22 3a 33 32 7d
[Main -> Renderer] ble:characteristicValueChanged: {
  deviceId: '10b41dcd238d',
  serviceUuid: '4fafc201-1fb5-459e-8fcc-c5c9c331914d',
  characteristicUuid: 'beb5483e-36e1-4688-b7f5-ea07361b26c2',
  value: '7b 22 74 79 70 65 22 3a 22 6f 74 61 22 2c 22 73 74 61 74 75 73 22 3a 22 70 72 6f 67 72 65 73 73 22 2c 22 72 65 63 65 69 76 65 64 22 3a 31 38 38 31 30 30 2c 22 74 6f 74 61 6c 22 3a 35 37 30 34 38 30 2c 22 70 65 72 63 65 6e 74 22 3a 33 32 7d'
}
Notification received: 7b 22 74 79 70 65 22 3a 22 6f 74 61 22 2c 22 73 74 61 74 75 73 22 3a 22 70 72 6f 67 72 65 73 73 22 2c 22 72 65 63 65 69 76 65 64 22 3a 31 38 38 34 36 30 2c 22 74 6f 74 61 6c 22 3a 35 37 30 34 38 30 2c 22 70 65 72 63 65 6e 74 22 3a 33 33 7d
[Main -> Renderer] ble:characteristicValueChanged: {
  deviceId: '10b41dcd238d',
  serviceUuid: '4fafc201-1fb5-459e-8fcc-c5c9c331914d',
  characteristicUuid: 'beb5483e-36e1-4688-b7f5-ea07361b26c2',
  value: '7b 22 74 79 70 65 22 3a 22 6f 74 61 22 2c 22 73 74 61 74 75 73 22 3a 22 70 72 6f 67 72 65 73 73 22 2c 22 72 65 63 65 69 76 65 64 22 3a 31 38 38 34 36 30 2c 22 74 6f 74 61 6c 22 3a 35 37 30 34 38 30 2c 22 70 65 72 63 65 6e 74 22 3a 33 33 7d'
}
Notification received: 7b 22 74 79 70 65 22 3a 22 6f 74 61 22 2c 22 73 74 61 74 75 73 22 3a 22 70 72 6f 67 72 65 73 73 22 2c 22 72 65 63 65 69 76 65 64 22 3a 31 38 38 38 32 30 2c 22 74 6f 74 61 6c 22 3a 35 37 30 34 38 30 2c 22 70 65 72 63 65 6e 74 22 3a 33 33 7d
[Main -> Renderer] ble:characteristicValueChanged: {
  deviceId: '10b41dcd238d',
  serviceUuid: '4fafc201-1fb5-459e-8fcc-c5c9c331914d',
  characteristicUuid: 'beb5483e-36e1-4688-b7f5-ea07361b26c2',
  value: '7b 22 74 79 70 65 22 3a 22 6f 74 61 22 2c 22 73 74 61 74 75 73 22 3a 22 70 72 6f 67 72 65 73 73 22 2c 22 72 65 63 65 69 76 65 64 22 3a 31 38 38 38 32 30 2c 22 74 6f 74 61 6c 22 3a 35 37 30 34 38 30 2c 22 70 65 72 63 65 6e 74 22 3a 33 33 7d'
}
Notification received: 7b 22 74 79 70 65 22 3a 22 6f 74 61 22 2c 22 73 74 61 74 75 73 22 3a 22 70 72 6f 67 72 65 73 73 22 2c 22 72 65 63 65 69 76 65 64 22 3a 31 38 39 31 38 30 2c 22 74 6f 74 61 6c 22 3a 35 37 30 34 38 30 2c 22 70 65 72 63 65 6e 74 22 3a 33 33 7d
[Main -> Renderer] ble:characteristicValueChanged: {
  deviceId: '10b41dcd238d',
  serviceUuid: '4fafc201-1fb5-459e-8fcc-c5c9c331914d',
  characteristicUuid: 'beb5483e-36e1-4688-b7f5-ea07361b26c2',
  value: '7b 22 74 79 70 65 22 3a 22 6f 74 61 22 2c 22 73 74 61 74 75 73 22 3a 22 70 72 6f 67 72 65 73 73 22 2c 22 72 65 63 65 69 76 65 64 22 3a 31 38 39 31 38 30 2c 22 74 6f 74 61 6c 22 3a 35 37 30 34 38 30 2c 22 70 65 72 63 65 6e 74 22 3a 33 33 7d'
}
Notification received: 7b 22 74 79 70 65 22 3a 22 6f 74 61 22 2c 22 73 74 61 74 75 73 22 3a 22 70 72 6f 67 72 65 73 73 22 2c 22 72 65 63 65 69 76 65 64 22 3a 31 38 39 37 32 30 2c 22 74 6f 74 61 6c 22 3a 35 37 30 34 38 30 2c 22 70 65 72 63 65 6e 74 22 3a 33 33 7d
[Main -> Renderer] ble:characteristicValueChanged: {
  deviceId: '10b41dcd238d',
  serviceUuid: '4fafc201-1fb5-459e-8fcc-c5c9c331914d',
  characteristicUuid: 'beb5483e-36e1-4688-b7f5-ea07361b26c2',
  value: '7b 22 74 79 70 65 22 3a 22 6f 74 61 22 2c 22 73 74 61 74 75 73 22 3a 22 70 72 6f 67 72 65 73 73 22 2c 22 72 65 63 65 69 76 65 64 22 3a 31 38 39 37 32 30 2c 22 74 6f 74 61 6c 22 3a 35 37 30 34 38 30 2c 22 70 65 72 63 65 6e 74 22 3a 33 33 7d'
}
Notification received: 7b 22 74 79 70 65 22 3a 22 6f 74 61 22 2c 22 73 74 61 74 75 73 22 3a 22 70 72 6f 67 72 65 73 73 22 2c 22 72 65 63 65 69 76 65 64 22 3a 31 39 30 32 36 30 2c 22 74 6f 74 61 6c 22 3a 35 37 30 34 38 30 2c 22 70 65 72 63 65 6e 74 22 3a 33 33 7d
[Main -> Renderer] ble:characteristicValueChanged: {
  deviceId: '10b41dcd238d',
  serviceUuid: '4fafc201-1fb5-459e-8fcc-c5c9c331914d',
  characteristicUuid: 'beb5483e-36e1-4688-b7f5-ea07361b26c2',
  value: '7b 22 74 79 70 65 22 3a 22 6f 74 61 22 2c 22 73 74 61 74 75 73 22 3a 22 70 72 6f 67 72 65 73 73 22 2c 22 72 65 63 65 69 76 65 64 22 3a 31 39 30 32 36 30 2c 22 74 6f 74 61 6c 22 3a 35 37 30 34 38 30 2c 22 70 65 72 63 65 6e 74 22 3a 33 33 7d'
}
Notification received: 7b 22 74 79 70 65 22 3a 22 6f 74 61 22 2c 22 73 74 61 74 75 73 22 3a 22 70 72 6f 67 72 65 73 73 22 2c 22 72 65 63 65 69 76 65 64 22 3a 31 39 30 36 32 30 2c 22 74 6f 74 61 6c 22 3a 35 37 30 34 38 30 2c 22 70 65 72 63 65 6e 74 22 3a 33 33 7d
[Main -> Renderer] ble:characteristicValueChanged: {
  deviceId: '10b41dcd238d',
  serviceUuid: '4fafc201-1fb5-459e-8fcc-c5c9c331914d',
  characteristicUuid: 'beb5483e-36e1-4688-b7f5-ea07361b26c2',
  value: '7b 22 74 79 70 65 22 3a 22 6f 74 61 22 2c 22 73 74 61 74 75 73 22 3a 22 70 72 6f 67 72 65 73 73 22 2c 22 72 65 63 65 69 76 65 64 22 3a 31 39 30 36 32 30 2c 22 74 6f 74 61 6c 22 3a 35 37 30 34 38 30 2c 22 70 65 72 63 65 6e 74 22 3a 33 33 7d'
}
Notification received: 7b 22 74 79 70 65 22 3a 22 6f 74 61 22 2c 22 73 74 61 74 75 73 22 3a 22 70 72 6f 67 72 65 73 73 22 2c 22 72 65 63 65 69 76 65 64 22 3a 31 39 30 39 38 30 2c 22 74 6f 74 61 6c 22 3a 35 37 30 34 38 30 2c 22 70 65 72 63 65 6e 74 22 3a 33 33 7d
[Main -> Renderer] ble:characteristicValueChanged: {
  deviceId: '10b41dcd238d',
  serviceUuid: '4fafc201-1fb5-459e-8fcc-c5c9c331914d',
  characteristicUuid: 'beb5483e-36e1-4688-b7f5-ea07361b26c2',
  value: '7b 22 74 79 70 65 22 3a 22 6f 74 61 22 2c 22 73 74 61 74 75 73 22 3a 22 70 72 6f 67 72 65 73 73 22 2c 22 72 65 63 65 69 76 65 64 22 3a 31 39 30 39 38 30 2c 22 74 6f 74 61 6c 22 3a 35 37 30 34 38 30 2c 22 70 65 72 63 65 6e 74 22 3a 33 33 7d'
}
Notification received: 7b 22 74 79 70 65 22 3a 22 6f 74 61 22 2c 22 73 74 61 74 75 73 22 3a 22 70 72 6f 67 72 65 73 73 22 2c 22 72 65 63 65 69 76 65 64 22 3a 31 39 31 33 34 30 2c 22 74 6f 74 61 6c 22 3a 35 37 30 34 38 30 2c 22 70 65 72 63 65 6e 74 22 3a 33 33 7d
[Main -> Renderer] ble:characteristicValueChanged: {
  deviceId: '10b41dcd238d',
  serviceUuid: '4fafc201-1fb5-459e-8fcc-c5c9c331914d',
  characteristicUuid: 'beb5483e-36e1-4688-b7f5-ea07361b26c2',
  value: '7b 22 74 79 70 65 22 3a 22 6f 74 61 22 2c 22 73 74 61 74 75 73 22 3a 22 70 72 6f 67 72 65 73 73 22 2c 22 72 65 63 65 69 76 65 64 22 3a 31 39 31 33 34 30 2c 22 74 6f 74 61 6c 22 3a 35 37 30 34 38 30 2c 22 70 65 72 63 65 6e 74 22 3a 33 33 7d'
}
Notification received: 7b 22 74 79 70 65 22 3a 22 6f 74 61 22 2c 22 73 74 61 74 75 73 22 3a 22 70 72 6f 67 72 65 73 73 22 2c 22 72 65 63 65 69 76 65 64 22 3a 31 39 31 38 38 30 2c 22 74 6f 74 61 6c 22 3a 35 37 30 34 38 30 2c 22 70 65 72 63 65 6e 74 22 3a 33 33 7d
[Main -> Renderer] ble:characteristicValueChanged: {
  deviceId: '10b41dcd238d',
  serviceUuid: '4fafc201-1fb5-459e-8fcc-c5c9c331914d',
  characteristicUuid: 'beb5483e-36e1-4688-b7f5-ea07361b26c2',
  value: '7b 22 74 79 70 65 22 3a 22 6f 74 61 22 2c 22 73 74 61 74 75 73 22 3a 22 70 72 6f 67 72 65 73 73 22 2c 22 72 65 63 65 69 76 65 64 22 3a 31 39 31 38 38 30 2c 22 74 6f 74 61 6c 22 3a 35 37 30 34 38 30 2c 22 70 65 72 63 65 6e 74 22 3a 33 33 7d'
}
Notification received: 7b 22 74 79 70 65 22 3a 22 6f 74 61 22 2c 22 73 74 61 74 75 73 22 3a 22 70 72 6f 67 72 65 73 73 22 2c 22 72 65 63 65 69 76 65 64 22 3a 31 39 32 32 34 30 2c 22 74 6f 74 61 6c 22 3a 35 37 30 34 38 30 2c 22 70 65 72 63 65 6e 74 22 3a 33 33 7d
[Main -> Renderer] ble:characteristicValueChanged: {
  deviceId: '10b41dcd238d',
  serviceUuid: '4fafc201-1fb5-459e-8fcc-c5c9c331914d',
  characteristicUuid: 'beb5483e-36e1-4688-b7f5-ea07361b26c2',
  value: '7b 22 74 79 70 65 22 3a 22 6f 74 61 22 2c 22 73 74 61 74 75 73 22 3a 22 70 72 6f 67 72 65 73 73 22 2c 22 72 65 63 65 69 76 65 64 22 3a 31 39 32 32 34 30 2c 22 74 6f 74 61 6c 22 3a 35 37 30 34 38 30 2c 22 70 65 72 63 65 6e 74 22 3a 33 33 7d'
}
Notification received: 7b 22 74 79 70 65 22 3a 22 6f 74 61 22 2c 22 73 74 61 74 75 73 22 3a 22 70 72 6f 67 72 65 73 73 22 2c 22 72 65 63 65 69 76 65 64 22 3a 31 39 32 36 30 30 2c 22 74 6f 74 61 6c 22 3a 35 37 30 34 38 30 2c 22 70 65 72 63 65 6e 74 22 3a 33 33 7d
[Main -> Renderer] ble:characteristicValueChanged: {
  deviceId: '10b41dcd238d',
  serviceUuid: '4fafc201-1fb5-459e-8fcc-c5c9c331914d',
  characteristicUuid: 'beb5483e-36e1-4688-b7f5-ea07361b26c2',
  value: '7b 22 74 79 70 65 22 3a 22 6f 74 61 22 2c 22 73 74 61 74 75 73 22 3a 22 70 72 6f 67 72 65 73 73 22 2c 22 72 65 63 65 69 76 65 64 22 3a 31 39 32 36 30 30 2c 22 74 6f 74 61 6c 22 3a 35 37 30 34 38 30 2c 22 70 65 72 63 65 6e 74 22 3a 33 33 7d'
}
Notification received: 7b 22 74 79 70 65 22 3a 22 6f 74 61 22 2c 22 73 74 61 74 75 73 22 3a 22 70 72 6f 67 72 65 73 73 22 2c 22 72 65 63 65 69 76 65 64 22 3a 31 39 33 31 34 30 2c 22 74 6f 74 61 6c 22 3a 35 37 30 34 38 30 2c 22 70 65 72 63 65 6e 74 22 3a 33 33 7d
[Main -> Renderer] ble:characteristicValueChanged: {
  deviceId: '10b41dcd238d',
  serviceUuid: '4fafc201-1fb5-459e-8fcc-c5c9c331914d',
  characteristicUuid: 'beb5483e-36e1-4688-b7f5-ea07361b26c2',
  value: '7b 22 74 79 70 65 22 3a 22 6f 74 61 22 2c 22 73 74 61 74 75 73 22 3a 22 70 72 6f 67 72 65 73 73 22 2c 22 72 65 63 65 69 76 65 64 22 3a 31 39 33 31 34 30 2c 22 74 6f 74 61 6c 22 3a 35 37 30 34 38 30 2c 22 70 65 72 63 65 6e 74 22 3a 33 33 7d'
}
Notification received: 7b 22 74 79 70 65 22 3a 22 6f 74 61 22 2c 22 73 74 61 74 75 73 22 3a 22 70 72 6f 67 72 65 73 73 22 2c 22 72 65 63 65 69 76 65 64 22 3a 31 39 33 35 30 30 2c 22 74 6f 74 61 6c 22 3a 35 37 30 34 38 30 2c 22 70 65 72 63 65 6e 74 22 3a 33 33 7d
[Main -> Renderer] ble:characteristicValueChanged: {
  deviceId: '10b41dcd238d',
  serviceUuid: '4fafc201-1fb5-459e-8fcc-c5c9c331914d',
  characteristicUuid: 'beb5483e-36e1-4688-b7f5-ea07361b26c2',
  value: '7b 22 74 79 70 65 22 3a 22 6f 74 61 22 2c 22 73 74 61 74 75 73 22 3a 22 70 72 6f 67 72 65 73 73 22 2c 22 72 65 63 65 69 76 65 64 22 3a 31 39 33 35 30 30 2c 22 74 6f 74 61 6c 22 3a 35 37 30 34 38 30 2c 22 70 65 72 63 65 6e 74 22 3a 33 33 7d'
}
Notification received: 7b 22 74 79 70 65 22 3a 22 6f 74 61 22 2c 22 73 74 61 74 75 73 22 3a 22 70 72 6f 67 72 65 73 73 22 2c 22 72 65 63 65 69 76 65 64 22 3a 31 39 33 38 36 30 2c 22 74 6f 74 61 6c 22 3a 35 37 30 34 38 30 2c 22 70 65 72 63 65 6e 74 22 3a 33 33 7d
[Main -> Renderer] ble:characteristicValueChanged: {
  deviceId: '10b41dcd238d',
  serviceUuid: '4fafc201-1fb5-459e-8fcc-c5c9c331914d',
  characteristicUuid: 'beb5483e-36e1-4688-b7f5-ea07361b26c2',
  value: '7b 22 74 79 70 65 22 3a 22 6f 74 61 22 2c 22 73 74 61 74 75 73 22 3a 22 70 72 6f 67 72 65 73 73 22 2c 22 72 65 63 65 69 76 65 64 22 3a 31 39 33 38 36 30 2c 22 74 6f 74 61 6c 22 3a 35 37 30 34 38 30 2c 22 70 65 72 63 65 6e 74 22 3a 33 33 7d'
}
Notification received: 7b 22 74 79 70 65 22 3a 22 6f 74 61 22 2c 22 73 74 61 74 75 73 22 3a 22 70 72 6f 67 72 65 73 73 22 2c 22 72 65 63 65 69 76 65 64 22 3a 31 39 34 34 30 30 2c 22 74 6f 74 61 6c 22 3a 35 37 30 34 38 30 2c 22 70 65 72 63 65 6e 74 22 3a 33 34 7d
[Main -> Renderer] ble:characteristicValueChanged: {
  deviceId: '10b41dcd238d',
  serviceUuid: '4fafc201-1fb5-459e-8fcc-c5c9c331914d',
  characteristicUuid: 'beb5483e-36e1-4688-b7f5-ea07361b26c2',
  value: '7b 22 74 79 70 65 22 3a 22 6f 74 61 22 2c 22 73 74 61 74 75 73 22 3a 22 70 72 6f 67 72 65 73 73 22 2c 22 72 65 63 65 69 76 65 64 22 3a 31 39 34 34 30 30 2c 22 74 6f 74 61 6c 22 3a 35 37 30 34 38 30 2c 22 70 65 72 63 65 6e 74 22 3a 33 34 7d'
}
Notification received: 7b 22 74 79 70 65 22 3a 22 6f 74 61 22 2c 22 73 74 61 74 75 73 22 3a 22 70 72 6f 67 72 65 73 73 22 2c 22 72 65 63 65 69 76 65 64 22 3a 31 39 34 39 34 30 2c 22 74 6f 74 61 6c 22 3a 35 37 30 34 38 30 2c 22 70 65 72 63 65 6e 74 22 3a 33 34 7d
[Main -> Renderer] ble:characteristicValueChanged: {
  deviceId: '10b41dcd238d',
  serviceUuid: '4fafc201-1fb5-459e-8fcc-c5c9c331914d',
  characteristicUuid: 'beb5483e-36e1-4688-b7f5-ea07361b26c2',
  value: '7b 22 74 79 70 65 22 3a 22 6f 74 61 22 2c 22 73 74 61 74 75 73 22 3a 22 70 72 6f 67 72 65 73 73 22 2c 22 72 65 63 65 69 76 65 64 22 3a 31 39 34 39 34 30 2c 22 74 6f 74 61 6c 22 3a 35 37 30 34 38 30 2c 22 70 65 72 63 65 6e 74 22 3a 33 34 7d'
}
Notification received: 7b 22 74 79 70 65 22 3a 22 6f 74 61 22 2c 22 73 74 61 74 75 73 22 3a 22 70 72 6f 67 72 65 73 73 22 2c 22 72 65 63 65 69 76 65 64 22 3a 31 39 35 33 30 30 2c 22 74 6f 74 61 6c 22 3a 35 37 30 34 38 30 2c 22 70 65 72 63 65 6e 74 22 3a 33 34 7d
[Main -> Renderer] ble:characteristicValueChanged: {
  deviceId: '10b41dcd238d',
  serviceUuid: '4fafc201-1fb5-459e-8fcc-c5c9c331914d',
  characteristicUuid: 'beb5483e-36e1-4688-b7f5-ea07361b26c2',
  value: '7b 22 74 79 70 65 22 3a 22 6f 74 61 22 2c 22 73 74 61 74 75 73 22 3a 22 70 72 6f 67 72 65 73 73 22 2c 22 72 65 63 65 69 76 65 64 22 3a 31 39 35 33 30 30 2c 22 74 6f 74 61 6c 22 3a 35 37 30 34 38 30 2c 22 70 65 72 63 65 6e 74 22 3a 33 34 7d'
}
Notification received: 7b 22 74 79 70 65 22 3a 22 6f 74 61 22 2c 22 73 74 61 74 75 73 22 3a 22 70 72 6f 67 72 65 73 73 22 2c 22 72 65 63 65 69 76 65 64 22 3a 31 39 35 38 34 30 2c 22 74 6f 74 61 6c 22 3a 35 37 30 34 38 30 2c 22 70 65 72 63 65 6e 74 22 3a 33 34 7d
[Main -> Renderer] ble:characteristicValueChanged: {
  deviceId: '10b41dcd238d',
  serviceUuid: '4fafc201-1fb5-459e-8fcc-c5c9c331914d',
  characteristicUuid: 'beb5483e-36e1-4688-b7f5-ea07361b26c2',
  value: '7b 22 74 79 70 65 22 3a 22 6f 74 61 22 2c 22 73 74 61 74 75 73 22 3a 22 70 72 6f 67 72 65 73 73 22 2c 22 72 65 63 65 69 76 65 64 22 3a 31 39 35 38 34 30 2c 22 74 6f 74 61 6c 22 3a 35 37 30 34 38 30 2c 22 70 65 72 63 65 6e 74 22 3a 33 34 7d'
}
Notification received: 7b 22 74 79 70 65 22 3a 22 6f 74 61 22 2c 22 73 74 61 74 75 73 22 3a 22 70 72 6f 67 72 65 73 73 22 2c 22 72 65 63 65 69 76 65 64 22 3a 31 39 36 33 38 30 2c 22 74 6f 74 61 6c 22 3a 35 37 30 34 38 30 2c 22 70 65 72 63 65 6e 74 22 3a 33 34 7d
[Main -> Renderer] ble:characteristicValueChanged: {
  deviceId: '10b41dcd238d',
  serviceUuid: '4fafc201-1fb5-459e-8fcc-c5c9c331914d',
  characteristicUuid: 'beb5483e-36e1-4688-b7f5-ea07361b26c2',
  value: '7b 22 74 79 70 65 22 3a 22 6f 74 61 22 2c 22 73 74 61 74 75 73 22 3a 22 70 72 6f 67 72 65 73 73 22 2c 22 72 65 63 65 69 76 65 64 22 3a 31 39 36 33 38 30 2c 22 74 6f 74 61 6c 22 3a 35 37 30 34 38 30 2c 22 70 65 72 63 65 6e 74 22 3a 33 34 7d'
}
Notification received: 7b 22 74 79 70 65 22 3a 22 6f 74 61 22 2c 22 73 74 61 74 75 73 22 3a 22 70 72 6f 67 72 65 73 73 22 2c 22 72 65 63 65 69 76 65 64 22 3a 31 39 36 37 34 30 2c 22 74 6f 74 61 6c 22 3a 35 37 30 34 38 30 2c 22 70 65 72 63 65 6e 74 22 3a 33 34 7d
[Main -> Renderer] ble:characteristicValueChanged: {
  deviceId: '10b41dcd238d',
  serviceUuid: '4fafc201-1fb5-459e-8fcc-c5c9c331914d',
  characteristicUuid: 'beb5483e-36e1-4688-b7f5-ea07361b26c2',
  value: '7b 22 74 79 70 65 22 3a 22 6f 74 61 22 2c 22 73 74 61 74 75 73 22 3a 22 70 72 6f 67 72 65 73 73 22 2c 22 72 65 63 65 69 76 65 64 22 3a 31 39 36 37 34 30 2c 22 74 6f 74 61 6c 22 3a 35 37 30 34 38 30 2c 22 70 65 72 63 65 6e 74 22 3a 33 34 7d'
}
Notification received: 7b 22 74 79 70 65 22 3a 22 6f 74 61 22 2c 22 73 74 61 74 75 73 22 3a 22 70 72 6f 67 72 65 73 73 22 2c 22 72 65 63 65 69 76 65 64 22 3a 31 39 37 31 30 30 2c 22 74 6f 74 61 6c 22 3a 35 37 30 34 38 30 2c 22 70 65 72 63 65 6e 74 22 3a 33 34 7d
[Main -> Renderer] ble:characteristicValueChanged: {
  deviceId: '10b41dcd238d',
  serviceUuid: '4fafc201-1fb5-459e-8fcc-c5c9c331914d',
  characteristicUuid: 'beb5483e-36e1-4688-b7f5-ea07361b26c2',
  value: '7b 22 74 79 70 65 22 3a 22 6f 74 61 22 2c 22 73 74 61 74 75 73 22 3a 22 70 72 6f 67 72 65 73 73 22 2c 22 72 65 63 65 69 76 65 64 22 3a 31 39 37 31 30 30 2c 22 74 6f 74 61 6c 22 3a 35 37 30 34 38 30 2c 22 70 65 72 63 65 6e 74 22 3a 33 34 7d'
}
Notification received: 7b 22 74 79 70 65 22 3a 22 6f 74 61 22 2c 22 73 74 61 74 75 73 22 3a 22 70 72 6f 67 72 65 73 73 22 2c 22 72 65 63 65 69 76 65 64 22 3a 31 39 37 34 36 30 2c 22 74 6f 74 61 6c 22 3a 35 37 30 34 38 30 2c 22 70 65 72 63 65 6e 74 22 3a 33 34 7d
[Main -> Renderer] ble:characteristicValueChanged: {
  deviceId: '10b41dcd238d',
  serviceUuid: '4fafc201-1fb5-459e-8fcc-c5c9c331914d',
  characteristicUuid: 'beb5483e-36e1-4688-b7f5-ea07361b26c2',
  value: '7b 22 74 79 70 65 22 3a 22 6f 74 61 22 2c 22 73 74 61 74 75 73 22 3a 22 70 72 6f 67 72 65 73 73 22 2c 22 72 65 63 65 69 76 65 64 22 3a 31 39 37 34 36 30 2c 22 74 6f 74 61 6c 22 3a 35 37 30 34 38 30 2c 22 70 65 72 63 65 6e 74 22 3a 33 34 7d'
}
Notification received: 7b 22 74 79 70 65 22 3a 22 6f 74 61 22 2c 22 73 74 61 74 75 73 22 3a 22 70 72 6f 67 72 65 73 73 22 2c 22 72 65 63 65 69 76 65 64 22 3a 31 39 38 30 30 30 2c 22 74 6f 74 61 6c 22 3a 35 37 30 34 38 30 2c 22 70 65 72 63 65 6e 74 22 3a 33 34 7d
[Main -> Renderer] ble:characteristicValueChanged: {
  deviceId: '10b41dcd238d',
  serviceUuid: '4fafc201-1fb5-459e-8fcc-c5c9c331914d',
  characteristicUuid: 'beb5483e-36e1-4688-b7f5-ea07361b26c2',
  value: '7b 22 74 79 70 65 22 3a 22 6f 74 61 22 2c 22 73 74 61 74 75 73 22 3a 22 70 72 6f 67 72 65 73 73 22 2c 22 72 65 63 65 69 76 65 64 22 3a 31 39 38 30 30 30 2c 22 74 6f 74 61 6c 22 3a 35 37 30 34 38 30 2c 22 70 65 72 63 65 6e 74 22 3a 33 34 7d'
}
Notification received: 7b 22 74 79 70 65 22 3a 22 6f 74 61 22 2c 22 73 74 61 74 75 73 22 3a 22 70 72 6f 67 72 65 73 73 22 2c 22 72 65 63 65 69 76 65 64 22 3a 31 39 38 35 34 30 2c 22 74 6f 74 61 6c 22 3a 35 37 30 34 38 30 2c 22 70 65 72 63 65 6e 74 22 3a 33 34 7d
[Main -> Renderer] ble:characteristicValueChanged: {
  deviceId: '10b41dcd238d',
  serviceUuid: '4fafc201-1fb5-459e-8fcc-c5c9c331914d',
  characteristicUuid: 'beb5483e-36e1-4688-b7f5-ea07361b26c2',
  value: '7b 22 74 79 70 65 22 3a 22 6f 74 61 22 2c 22 73 74 61 74 75 73 22 3a 22 70 72 6f 67 72 65 73 73 22 2c 22 72 65 63 65 69 76 65 64 22 3a 31 39 38 35 34 30 2c 22 74 6f 74 61 6c 22 3a 35 37 30 34 38 30 2c 22 70 65 72 63 65 6e 74 22 3a 33 34 7d'
}
Notification received: 7b 22 74 79 70 65 22 3a 22 6f 74 61 22 2c 22 73 74 61 74 75 73 22 3a 22 70 72 6f 67 72 65 73 73 22 2c 22 72 65 63 65 69 76 65 64 22 3a 31 39 38 39 30 30 2c 22 74 6f 74 61 6c 22 3a 35 37 30 34 38 30 2c 22 70 65 72 63 65 6e 74 22 3a 33 34 7d
[Main -> Renderer] ble:characteristicValueChanged: {
  deviceId: '10b41dcd238d',
  serviceUuid: '4fafc201-1fb5-459e-8fcc-c5c9c331914d',
  characteristicUuid: 'beb5483e-36e1-4688-b7f5-ea07361b26c2',
  value: '7b 22 74 79 70 65 22 3a 22 6f 74 61 22 2c 22 73 74 61 74 75 73 22 3a 22 70 72 6f 67 72 65 73 73 22 2c 22 72 65 63 65 69 76 65 64 22 3a 31 39 38 39 30 30 2c 22 74 6f 74 61 6c 22 3a 35 37 30 34 38 30 2c 22 70 65 72 63 65 6e 74 22 3a 33 34 7d'
}
Notification received: 7b 22 74 79 70 65 22 3a 22 6f 74 61 22 2c 22 73 74 61 74 75 73 22 3a 22 70 72 6f 67 72 65 73 73 22 2c 22 72 65 63 65 69 76 65 64 22 3a 31 39 39 34 34 30 2c 22 74 6f 74 61 6c 22 3a 35 37 30 34 38 30 2c 22 70 65 72 63 65 6e 74 22 3a 33 34 7d
[Main -> Renderer] ble:characteristicValueChanged: {
  deviceId: '10b41dcd238d',
  serviceUuid: '4fafc201-1fb5-459e-8fcc-c5c9c331914d',
  characteristicUuid: 'beb5483e-36e1-4688-b7f5-ea07361b26c2',
  value: '7b 22 74 79 70 65 22 3a 22 6f 74 61 22 2c 22 73 74 61 74 75 73 22 3a 22 70 72 6f 67 72 65 73 73 22 2c 22 72 65 63 65 69 76 65 64 22 3a 31 39 39 34 34 30 2c 22 74 6f 74 61 6c 22 3a 35 37 30 34 38 30 2c 22 70 65 72 63 65 6e 74 22 3a 33 34 7d'
}
Notification received: 7b 22 74 79 70 65 22 3a 22 6f 74 61 22 2c 22 73 74 61 74 75 73 22 3a 22 70 72 6f 67 72 65 73 73 22 2c 22 72 65 63 65 69 76 65 64 22 3a 31 39 39 39 38 30 2c 22 74 6f 74 61 6c 22 3a 35 37 30 34 38 30 2c 22 70 65 72 63 65 6e 74 22 3a 33 35 7d
[Main -> Renderer] ble:characteristicValueChanged: {
  deviceId: '10b41dcd238d',
  serviceUuid: '4fafc201-1fb5-459e-8fcc-c5c9c331914d',
  characteristicUuid: 'beb5483e-36e1-4688-b7f5-ea07361b26c2',
  value: '7b 22 74 79 70 65 22 3a 22 6f 74 61 22 2c 22 73 74 61 74 75 73 22 3a 22 70 72 6f 67 72 65 73 73 22 2c 22 72 65 63 65 69 76 65 64 22 3a 31 39 39 39 38 30 2c 22 74 6f 74 61 6c 22 3a 35 37 30 34 38 30 2c 22 70 65 72 63 65 6e 74 22 3a 33 35 7d'
}
Notification received: 7b 22 74 79 70 65 22 3a 22 6f 74 61 22 2c 22 73 74 61 74 75 73 22 3a 22 70 72 6f 67 72 65 73 73 22 2c 22 72 65 63 65 69 76 65 64 22 3a 32 30 30 35 32 30 2c 22 74 6f 74 61 6c 22 3a 35 37 30 34 38 30 2c 22 70 65 72 63 65 6e 74 22 3a 33 35 7d
[Main -> Renderer] ble:characteristicValueChanged: {
  deviceId: '10b41dcd238d',
  serviceUuid: '4fafc201-1fb5-459e-8fcc-c5c9c331914d',
  characteristicUuid: 'beb5483e-36e1-4688-b7f5-ea07361b26c2',
  value: '7b 22 74 79 70 65 22 3a 22 6f 74 61 22 2c 22 73 74 61 74 75 73 22 3a 22 70 72 6f 67 72 65 73 73 22 2c 22 72 65 63 65 69 76 65 64 22 3a 32 30 30 35 32 30 2c 22 74 6f 74 61 6c 22 3a 35 37 30 34 38 30 2c 22 70 65 72 63 65 6e 74 22 3a 33 35 7d'
}
Notification received: 7b 22 74 79 70 65 22 3a 22 6f 74 61 22 2c 22 73 74 61 74 75 73 22 3a 22 70 72 6f 67 72 65 73 73 22 2c 22 72 65 63 65 69 76 65 64 22 3a 32 30 30 38 38 30 2c 22 74 6f 74 61 6c 22 3a 35 37 30 34 38 30 2c 22 70 65 72 63 65 6e 74 22 3a 33 35 7d
[Main -> Renderer] ble:characteristicValueChanged: {
  deviceId: '10b41dcd238d',
  serviceUuid: '4fafc201-1fb5-459e-8fcc-c5c9c331914d',
  characteristicUuid: 'beb5483e-36e1-4688-b7f5-ea07361b26c2',
  value: '7b 22 74 79 70 65 22 3a 22 6f 74 61 22 2c 22 73 74 61 74 75 73 22 3a 22 70 72 6f 67 72 65 73 73 22 2c 22 72 65 63 65 69 76 65 64 22 3a 32 30 30 38 38 30 2c 22 74 6f 74 61 6c 22 3a 35 37 30 34 38 30 2c 22 70 65 72 63 65 6e 74 22 3a 33 35 7d'
}
Notification received: 7b 22 74 79 70 65 22 3a 22 6f 74 61 22 2c 22 73 74 61 74 75 73 22 3a 22 70 72 6f 67 72 65 73 73 22 2c 22 72 65 63 65 69 76 65 64 22 3a 32 30 31 32 34 30 2c 22 74 6f 74 61 6c 22 3a 35 37 30 34 38 30 2c 22 70 65 72 63 65 6e 74 22 3a 33 35 7d
[Main -> Renderer] ble:characteristicValueChanged: {
  deviceId: '10b41dcd238d',
  serviceUuid: '4fafc201-1fb5-459e-8fcc-c5c9c331914d',
  characteristicUuid: 'beb5483e-36e1-4688-b7f5-ea07361b26c2',
  value: '7b 22 74 79 70 65 22 3a 22 6f 74 61 22 2c 22 73 74 61 74 75 73 22 3a 22 70 72 6f 67 72 65 73 73 22 2c 22 72 65 63 65 69 76 65 64 22 3a 32 30 31 32 34 30 2c 22 74 6f 74 61 6c 22 3a 35 37 30 34 38 30 2c 22 70 65 72 63 65 6e 74 22 3a 33 35 7d'
}
Notification received: 7b 22 74 79 70 65 22 3a 22 6f 74 61 22 2c 22 73 74 61 74 75 73 22 3a 22 70 72 6f 67 72 65 73 73 22 2c 22 72 65 63 65 69 76 65 64 22 3a 32 30 31 36 30 30 2c 22 74 6f 74 61 6c 22 3a 35 37 30 34 38 30 2c 22 70 65 72 63 65 6e 74 22 3a 33 35 7d
[Main -> Renderer] ble:characteristicValueChanged: {
  deviceId: '10b41dcd238d',
  serviceUuid: '4fafc201-1fb5-459e-8fcc-c5c9c331914d',
  characteristicUuid: 'beb5483e-36e1-4688-b7f5-ea07361b26c2',
  value: '7b 22 74 79 70 65 22 3a 22 6f 74 61 22 2c 22 73 74 61 74 75 73 22 3a 22 70 72 6f 67 72 65 73 73 22 2c 22 72 65 63 65 69 76 65 64 22 3a 32 30 31 36 30 30 2c 22 74 6f 74 61 6c 22 3a 35 37 30 34 38 30 2c 22 70 65 72 63 65 6e 74 22 3a 33 35 7d'
}
Notification received: 7b 22 74 79 70 65 22 3a 22 6f 74 61 22 2c 22 73 74 61 74 75 73 22 3a 22 70 72 6f 67 72 65 73 73 22 2c 22 72 65 63 65 69 76 65 64 22 3a 32 30 31 39 36 30 2c 22 74 6f 74 61 6c 22 3a 35 37 30 34 38 30 2c 22 70 65 72 63 65 6e 74 22 3a 33 35 7d
[Main -> Renderer] ble:characteristicValueChanged: {
  deviceId: '10b41dcd238d',
  serviceUuid: '4fafc201-1fb5-459e-8fcc-c5c9c331914d',
  characteristicUuid: 'beb5483e-36e1-4688-b7f5-ea07361b26c2',
  value: '7b 22 74 79 70 65 22 3a 22 6f 74 61 22 2c 22 73 74 61 74 75 73 22 3a 22 70 72 6f 67 72 65 73 73 22 2c 22 72 65 63 65 69 76 65 64 22 3a 32 30 31 39 36 30 2c 22 74 6f 74 61 6c 22 3a 35 37 30 34 38 30 2c 22 70 65 72 63 65 6e 74 22 3a 33 35 7d'
}
Notification received: 7b 22 74 79 70 65 22 3a 22 6f 74 61 22 2c 22 73 74 61 74 75 73 22 3a 22 70 72 6f 67 72 65 73 73 22 2c 22 72 65 63 65 69 76 65 64 22 3a 32 30 32 33 32 30 2c 22 74 6f 74 61 6c 22 3a 35 37 30 34 38 30 2c 22 70 65 72 63 65 6e 74 22 3a 33 35 7d
[Main -> Renderer] ble:characteristicValueChanged: {
  deviceId: '10b41dcd238d',
  serviceUuid: '4fafc201-1fb5-459e-8fcc-c5c9c331914d',
  characteristicUuid: 'beb5483e-36e1-4688-b7f5-ea07361b26c2',
  value: '7b 22 74 79 70 65 22 3a 22 6f 74 61 22 2c 22 73 74 61 74 75 73 22 3a 22 70 72 6f 67 72 65 73 73 22 2c 22 72 65 63 65 69 76 65 64 22 3a 32 30 32 33 32 30 2c 22 74 6f 74 61 6c 22 3a 35 37 30 34 38 30 2c 22 70 65 72 63 65 6e 74 22 3a 33 35 7d'
}
Notification received: 7b 22 74 79 70 65 22 3a 22 6f 74 61 22 2c 22 73 74 61 74 75 73 22 3a 22 70 72 6f 67 72 65 73 73 22 2c 22 72 65 63 65 69 76 65 64 22 3a 32 30 32 36 38 30 2c 22 74 6f 74 61 6c 22 3a 35 37 30 34 38 30 2c 22 70 65 72 63 65 6e 74 22 3a 33 35 7d
[Main -> Renderer] ble:characteristicValueChanged: {
  deviceId: '10b41dcd238d',
  serviceUuid: '4fafc201-1fb5-459e-8fcc-c5c9c331914d',
  characteristicUuid: 'beb5483e-36e1-4688-b7f5-ea07361b26c2',
  value: '7b 22 74 79 70 65 22 3a 22 6f 74 61 22 2c 22 73 74 61 74 75 73 22 3a 22 70 72 6f 67 72 65 73 73 22 2c 22 72 65 63 65 69 76 65 64 22 3a 32 30 32 36 38 30 2c 22 74 6f 74 61 6c 22 3a 35 37 30 34 38 30 2c 22 70 65 72 63 65 6e 74 22 3a 33 35 7d'
}
Notification received: 7b 22 74 79 70 65 22 3a 22 6f 74 61 22 2c 22 73 74 61 74 75 73 22 3a 22 70 72 6f 67 72 65 73 73 22 2c 22 72 65 63 65 69 76 65 64 22 3a 32 30 33 32 32 30 2c 22 74 6f 74 61 6c 22 3a 35 37 30 34 38 30 2c 22 70 65 72 63 65 6e 74 22 3a 33 35 7d
[Main -> Renderer] ble:characteristicValueChanged: {
  deviceId: '10b41dcd238d',
  serviceUuid: '4fafc201-1fb5-459e-8fcc-c5c9c331914d',
  characteristicUuid: 'beb5483e-36e1-4688-b7f5-ea07361b26c2',
  value: '7b 22 74 79 70 65 22 3a 22 6f 74 61 22 2c 22 73 74 61 74 75 73 22 3a 22 70 72 6f 67 72 65 73 73 22 2c 22 72 65 63 65 69 76 65 64 22 3a 32 30 33 32 32 30 2c 22 74 6f 74 61 6c 22 3a 35 37 30 34 38 30 2c 22 70 65 72 63 65 6e 74 22 3a 33 35 7d'
}
Notification received: 7b 22 74 79 70 65 22 3a 22 6f 74 61 22 2c 22 73 74 61 74 75 73 22 3a 22 70 72 6f 67 72 65 73 73 22 2c 22 72 65 63 65 69 76 65 64 22 3a 32 30 33 35 38 30 2c 22 74 6f 74 61 6c 22 3a 35 37 30 34 38 30 2c 22 70 65 72 63 65 6e 74 22 3a 33 35 7d
[Main -> Renderer] ble:characteristicValueChanged: {
  deviceId: '10b41dcd238d',
  serviceUuid: '4fafc201-1fb5-459e-8fcc-c5c9c331914d',
  characteristicUuid: 'beb5483e-36e1-4688-b7f5-ea07361b26c2',
  value: '7b 22 74 79 70 65 22 3a 22 6f 74 61 22 2c 22 73 74 61 74 75 73 22 3a 22 70 72 6f 67 72 65 73 73 22 2c 22 72 65 63 65 69 76 65 64 22 3a 32 30 33 35 38 30 2c 22 74 6f 74 61 6c 22 3a 35 37 30 34 38 30 2c 22 70 65 72 63 65 6e 74 22 3a 33 35 7d'
}
Notification received: 7b 22 74 79 70 65 22 3a 22 6f 74 61 22 2c 22 73 74 61 74 75 73 22 3a 22 70 72 6f 67 72 65 73 73 22 2c 22 72 65 63 65 69 76 65 64 22 3a 32 30 33 39 34 30 2c 22 74 6f 74 61 6c 22 3a 35 37 30 34 38 30 2c 22 70 65 72 63 65 6e 74 22 3a 33 35 7d
[Main -> Renderer] ble:characteristicValueChanged: {
  deviceId: '10b41dcd238d',
  serviceUuid: '4fafc201-1fb5-459e-8fcc-c5c9c331914d',
  characteristicUuid: 'beb5483e-36e1-4688-b7f5-ea07361b26c2',
  value: '7b 22 74 79 70 65 22 3a 22 6f 74 61 22 2c 22 73 74 61 74 75 73 22 3a 22 70 72 6f 67 72 65 73 73 22 2c 22 72 65 63 65 69 76 65 64 22 3a 32 30 33 39 34 30 2c 22 74 6f 74 61 6c 22 3a 35 37 30 34 38 30 2c 22 70 65 72 63 65 6e 74 22 3a 33 35 7d'
}
Notification received: 7b 22 74 79 70 65 22 3a 22 6f 74 61 22 2c 22 73 74 61 74 75 73 22 3a 22 70 72 6f 67 72 65 73 73 22 2c 22 72 65 63 65 69 76 65 64 22 3a 32 30 34 33 30 30 2c 22 74 6f 74 61 6c 22 3a 35 37 30 34 38 30 2c 22 70 65 72 63 65 6e 74 22 3a 33 35 7d
[Main -> Renderer] ble:characteristicValueChanged: {
  deviceId: '10b41dcd238d',
  serviceUuid: '4fafc201-1fb5-459e-8fcc-c5c9c331914d',
  characteristicUuid: 'beb5483e-36e1-4688-b7f5-ea07361b26c2',
  value: '7b 22 74 79 70 65 22 3a 22 6f 74 61 22 2c 22 73 74 61 74 75 73 22 3a 22 70 72 6f 67 72 65 73 73 22 2c 22 72 65 63 65 69 76 65 64 22 3a 32 30 34 33 30 30 2c 22 74 6f 74 61 6c 22 3a 35 37 30 34 38 30 2c 22 70 65 72 63 65 6e 74 22 3a 33 35 7d'
}
Notification received: 7b 22 74 79 70 65 22 3a 22 6f 74 61 22 2c 22 73 74 61 74 75 73 22 3a 22 70 72 6f 67 72 65 73 73 22 2c 22 72 65 63 65 69 76 65 64 22 3a 32 30 34 36 36 30 2c 22 74 6f 74 61 6c 22 3a 35 37 30 34 38 30 2c 22 70 65 72 63 65 6e 74 22 3a 33 35 7d
[Main -> Renderer] ble:characteristicValueChanged: {
  deviceId: '10b41dcd238d',
  serviceUuid: '4fafc201-1fb5-459e-8fcc-c5c9c331914d',
  characteristicUuid: 'beb5483e-36e1-4688-b7f5-ea07361b26c2',
  value: '7b 22 74 79 70 65 22 3a 22 6f 74 61 22 2c 22 73 74 61 74 75 73 22 3a 22 70 72 6f 67 72 65 73 73 22 2c 22 72 65 63 65 69 76 65 64 22 3a 32 30 34 36 36 30 2c 22 74 6f 74 61 6c 22 3a 35 37 30 34 38 30 2c 22 70 65 72 63 65 6e 74 22 3a 33 35 7d'
}
Notification received: 7b 22 74 79 70 65 22 3a 22 6f 74 61 22 2c 22 73 74 61 74 75 73 22 3a 22 70 72 6f 67 72 65 73 73 22 2c 22 72 65 63 65 69 76 65 64 22 3a 32 30 35 32 30 30 2c 22 74 6f 74 61 6c 22 3a 35 37 30 34 38 30 2c 22 70 65 72 63 65 6e 74 22 3a 33 35 7d
[Main -> Renderer] ble:characteristicValueChanged: {
  deviceId: '10b41dcd238d',
  serviceUuid: '4fafc201-1fb5-459e-8fcc-c5c9c331914d',
  characteristicUuid: 'beb5483e-36e1-4688-b7f5-ea07361b26c2',
  value: '7b 22 74 79 70 65 22 3a 22 6f 74 61 22 2c 22 73 74 61 74 75 73 22 3a 22 70 72 6f 67 72 65 73 73 22 2c 22 72 65 63 65 69 76 65 64 22 3a 32 30 35 32 30 30 2c 22 74 6f 74 61 6c 22 3a 35 37 30 34 38 30 2c 22 70 65 72 63 65 6e 74 22 3a 33 35 7d'
}
Notification received: 7b 22 74 79 70 65 22 3a 22 6f 74 61 22 2c 22 73 74 61 74 75 73 22 3a 22 70 72 6f 67 72 65 73 73 22 2c 22 72 65 63 65 69 76 65 64 22 3a 32 30 35 37 34 30 2c 22 74 6f 74 61 6c 22 3a 35 37 30 34 38 30 2c 22 70 65 72 63 65 6e 74 22 3a 33 36 7d
[Main -> Renderer] ble:characteristicValueChanged: {
  deviceId: '10b41dcd238d',
  serviceUuid: '4fafc201-1fb5-459e-8fcc-c5c9c331914d',
  characteristicUuid: 'beb5483e-36e1-4688-b7f5-ea07361b26c2',
  value: '7b 22 74 79 70 65 22 3a 22 6f 74 61 22 2c 22 73 74 61 74 75 73 22 3a 22 70 72 6f 67 72 65 73 73 22 2c 22 72 65 63 65 69 76 65 64 22 3a 32 30 35 37 34 30 2c 22 74 6f 74 61 6c 22 3a 35 37 30 34 38 30 2c 22 70 65 72 63 65 6e 74 22 3a 33 36 7d'
}
Notification received: 7b 22 74 79 70 65 22 3a 22 6f 74 61 22 2c 22 73 74 61 74 75 73 22 3a 22 70 72 6f 67 72 65 73 73 22 2c 22 72 65 63 65 69 76 65 64 22 3a 32 30 36 31 30 30 2c 22 74 6f 74 61 6c 22 3a 35 37 30 34 38 30 2c 22 70 65 72 63 65 6e 74 22 3a 33 36 7d
[Main -> Renderer] ble:characteristicValueChanged: {
  deviceId: '10b41dcd238d',
  serviceUuid: '4fafc201-1fb5-459e-8fcc-c5c9c331914d',
  characteristicUuid: 'beb5483e-36e1-4688-b7f5-ea07361b26c2',
  value: '7b 22 74 79 70 65 22 3a 22 6f 74 61 22 2c 22 73 74 61 74 75 73 22 3a 22 70 72 6f 67 72 65 73 73 22 2c 22 72 65 63 65 69 76 65 64 22 3a 32 30 36 31 30 30 2c 22 74 6f 74 61 6c 22 3a 35 37 30 34 38 30 2c 22 70 65 72 63 65 6e 74 22 3a 33 36 7d'
}
Notification received: 7b 22 74 79 70 65 22 3a 22 6f 74 61 22 2c 22 73 74 61 74 75 73 22 3a 22 70 72 6f 67 72 65 73 73 22 2c 22 72 65 63 65 69 76 65 64 22 3a 32 30 36 34 36 30 2c 22 74 6f 74 61 6c 22 3a 35 37 30 34 38 30 2c 22 70 65 72 63 65 6e 74 22 3a 33 36 7d
[Main -> Renderer] ble:characteristicValueChanged: {
  deviceId: '10b41dcd238d',
  serviceUuid: '4fafc201-1fb5-459e-8fcc-c5c9c331914d',
  characteristicUuid: 'beb5483e-36e1-4688-b7f5-ea07361b26c2',
  value: '7b 22 74 79 70 65 22 3a 22 6f 74 61 22 2c 22 73 74 61 74 75 73 22 3a 22 70 72 6f 67 72 65 73 73 22 2c 22 72 65 63 65 69 76 65 64 22 3a 32 30 36 34 36 30 2c 22 74 6f 74 61 6c 22 3a 35 37 30 34 38 30 2c 22 70 65 72 63 65 6e 74 22 3a 33 36 7d'
}
Notification received: 7b 22 74 79 70 65 22 3a 22 6f 74 61 22 2c 22 73 74 61 74 75 73 22 3a 22 70 72 6f 67 72 65 73 73 22 2c 22 72 65 63 65 69 76 65 64 22 3a 32 30 37 30 30 30 2c 22 74 6f 74 61 6c 22 3a 35 37 30 34 38 30 2c 22 70 65 72 63 65 6e 74 22 3a 33 36 7d
[Main -> Renderer] ble:characteristicValueChanged: {
  deviceId: '10b41dcd238d',
  serviceUuid: '4fafc201-1fb5-459e-8fcc-c5c9c331914d',
  characteristicUuid: 'beb5483e-36e1-4688-b7f5-ea07361b26c2',
  value: '7b 22 74 79 70 65 22 3a 22 6f 74 61 22 2c 22 73 74 61 74 75 73 22 3a 22 70 72 6f 67 72 65 73 73 22 2c 22 72 65 63 65 69 76 65 64 22 3a 32 30 37 30 30 30 2c 22 74 6f 74 61 6c 22 3a 35 37 30 34 38 30 2c 22 70 65 72 63 65 6e 74 22 3a 33 36 7d'
}
Notification received: 7b 22 74 79 70 65 22 3a 22 6f 74 61 22 2c 22 73 74 61 74 75 73 22 3a 22 70 72 6f 67 72 65 73 73 22 2c 22 72 65 63 65 69 76 65 64 22 3a 32 30 37 35 34 30 2c 22 74 6f 74 61 6c 22 3a 35 37 30 34 38 30 2c 22 70 65 72 63 65 6e 74 22 3a 33 36 7d
[Main -> Renderer] ble:characteristicValueChanged: {
  deviceId: '10b41dcd238d',
  serviceUuid: '4fafc201-1fb5-459e-8fcc-c5c9c331914d',
  characteristicUuid: 'beb5483e-36e1-4688-b7f5-ea07361b26c2',
  value: '7b 22 74 79 70 65 22 3a 22 6f 74 61 22 2c 22 73 74 61 74 75 73 22 3a 22 70 72 6f 67 72 65 73 73 22 2c 22 72 65 63 65 69 76 65 64 22 3a 32 30 37 35 34 30 2c 22 74 6f 74 61 6c 22 3a 35 37 30 34 38 30 2c 22 70 65 72 63 65 6e 74 22 3a 33 36 7d'
}
Notification received: 7b 22 74 79 70 65 22 3a 22 6f 74 61 22 2c 22 73 74 61 74 75 73 22 3a 22 70 72 6f 67 72 65 73 73 22 2c 22 72 65 63 65 69 76 65 64 22 3a 32 30 37 39 30 30 2c 22 74 6f 74 61 6c 22 3a 35 37 30 34 38 30 2c 22 70 65 72 63 65 6e 74 22 3a 33 36 7d
[Main -> Renderer] ble:characteristicValueChanged: {
  deviceId: '10b41dcd238d',
  serviceUuid: '4fafc201-1fb5-459e-8fcc-c5c9c331914d',
  characteristicUuid: 'beb5483e-36e1-4688-b7f5-ea07361b26c2',
  value: '7b 22 74 79 70 65 22 3a 22 6f 74 61 22 2c 22 73 74 61 74 75 73 22 3a 22 70 72 6f 67 72 65 73 73 22 2c 22 72 65 63 65 69 76 65 64 22 3a 32 30 37 39 30 30 2c 22 74 6f 74 61 6c 22 3a 35 37 30 34 38 30 2c 22 70 65 72 63 65 6e 74 22 3a 33 36 7d'
}
Notification received: 7b 22 74 79 70 65 22 3a 22 6f 74 61 22 2c 22 73 74 61 74 75 73 22 3a 22 70 72 6f 67 72 65 73 73 22 2c 22 72 65 63 65 69 76 65 64 22 3a 32 30 38 32 36 30 2c 22 74 6f 74 61 6c 22 3a 35 37 30 34 38 30 2c 22 70 65 72 63 65 6e 74 22 3a 33 36 7d
[Main -> Renderer] ble:characteristicValueChanged: {
  deviceId: '10b41dcd238d',
  serviceUuid: '4fafc201-1fb5-459e-8fcc-c5c9c331914d',
  characteristicUuid: 'beb5483e-36e1-4688-b7f5-ea07361b26c2',
  value: '7b 22 74 79 70 65 22 3a 22 6f 74 61 22 2c 22 73 74 61 74 75 73 22 3a 22 70 72 6f 67 72 65 73 73 22 2c 22 72 65 63 65 69 76 65 64 22 3a 32 30 38 32 36 30 2c 22 74 6f 74 61 6c 22 3a 35 37 30 34 38 30 2c 22 70 65 72 63 65 6e 74 22 3a 33 36 7d'
}
Notification received: 7b 22 74 79 70 65 22 3a 22 6f 74 61 22 2c 22 73 74 61 74 75 73 22 3a 22 70 72 6f 67 72 65 73 73 22 2c 22 72 65 63 65 69 76 65 64 22 3a 32 30 38 38 30 30 2c 22 74 6f 74 61 6c 22 3a 35 37 30 34 38 30 2c 22 70 65 72 63 65 6e 74 22 3a 33 36 7d
[Main -> Renderer] ble:characteristicValueChanged: {
  deviceId: '10b41dcd238d',
  serviceUuid: '4fafc201-1fb5-459e-8fcc-c5c9c331914d',
  characteristicUuid: 'beb5483e-36e1-4688-b7f5-ea07361b26c2',
  value: '7b 22 74 79 70 65 22 3a 22 6f 74 61 22 2c 22 73 74 61 74 75 73 22 3a 22 70 72 6f 67 72 65 73 73 22 2c 22 72 65 63 65 69 76 65 64 22 3a 32 30 38 38 30 30 2c 22 74 6f 74 61 6c 22 3a 35 37 30 34 38 30 2c 22 70 65 72 63 65 6e 74 22 3a 33 36 7d'
}
Notification received: 7b 22 74 79 70 65 22 3a 22 6f 74 61 22 2c 22 73 74 61 74 75 73 22 3a 22 70 72 6f 67 72 65 73 73 22 2c 22 72 65 63 65 69 76 65 64 22 3a 32 30 39 33 34 30 2c 22 74 6f 74 61 6c 22 3a 35 37 30 34 38 30 2c 22 70 65 72 63 65 6e 74 22 3a 33 36 7d
[Main -> Renderer] ble:characteristicValueChanged: {
  deviceId: '10b41dcd238d',
  serviceUuid: '4fafc201-1fb5-459e-8fcc-c5c9c331914d',
  characteristicUuid: 'beb5483e-36e1-4688-b7f5-ea07361b26c2',
  value: '7b 22 74 79 70 65 22 3a 22 6f 74 61 22 2c 22 73 74 61 74 75 73 22 3a 22 70 72 6f 67 72 65 73 73 22 2c 22 72 65 63 65 69 76 65 64 22 3a 32 30 39 33 34 30 2c 22 74 6f 74 61 6c 22 3a 35 37 30 34 38 30 2c 22 70 65 72 63 65 6e 74 22 3a 33 36 7d'
}
Notification received: 7b 22 74 79 70 65 22 3a 22 6f 74 61 22 2c 22 73 74 61 74 75 73 22 3a 22 70 72 6f 67 72 65 73 73 22 2c 22 72 65 63 65 69 76 65 64 22 3a 32 30 39 37 30 30 2c 22 74 6f 74 61 6c 22 3a 35 37 30 34 38 30 2c 22 70 65 72 63 65 6e 74 22 3a 33 36 7d
[Main -> Renderer] ble:characteristicValueChanged: {
  deviceId: '10b41dcd238d',
  serviceUuid: '4fafc201-1fb5-459e-8fcc-c5c9c331914d',
  characteristicUuid: 'beb5483e-36e1-4688-b7f5-ea07361b26c2',
  value: '7b 22 74 79 70 65 22 3a 22 6f 74 61 22 2c 22 73 74 61 74 75 73 22 3a 22 70 72 6f 67 72 65 73 73 22 2c 22 72 65 63 65 69 76 65 64 22 3a 32 30 39 37 30 30 2c 22 74 6f 74 61 6c 22 3a 35 37 30 34 38 30 2c 22 70 65 72 63 65 6e 74 22 3a 33 36 7d'
}
Notification received: 7b 22 74 79 70 65 22 3a 22 6f 74 61 22 2c 22 73 74 61 74 75 73 22 3a 22 70 72 6f 67 72 65 73 73 22 2c 22 72 65 63 65 69 76 65 64 22 3a 32 31 30 30 36 30 2c 22 74 6f 74 61 6c 22 3a 35 37 30 34 38 30 2c 22 70 65 72 63 65 6e 74 22 3a 33 36 7d
[Main -> Renderer] ble:characteristicValueChanged: {
  deviceId: '10b41dcd238d',
  serviceUuid: '4fafc201-1fb5-459e-8fcc-c5c9c331914d',
  characteristicUuid: 'beb5483e-36e1-4688-b7f5-ea07361b26c2',
  value: '7b 22 74 79 70 65 22 3a 22 6f 74 61 22 2c 22 73 74 61 74 75 73 22 3a 22 70 72 6f 67 72 65 73 73 22 2c 22 72 65 63 65 69 76 65 64 22 3a 32 31 30 30 36 30 2c 22 74 6f 74 61 6c 22 3a 35 37 30 34 38 30 2c 22 70 65 72 63 65 6e 74 22 3a 33 36 7d'
}
Notification received: 7b 22 74 79 70 65 22 3a 22 6f 74 61 22 2c 22 73 74 61 74 75 73 22 3a 22 70 72 6f 67 72 65 73 73 22 2c 22 72 65 63 65 69 76 65 64 22 3a 32 31 30 34 32 30 2c 22 74 6f 74 61 6c 22 3a 35 37 30 34 38 30 2c 22 70 65 72 63 65 6e 74 22 3a 33 36 7d
[Main -> Renderer] ble:characteristicValueChanged: {
  deviceId: '10b41dcd238d',
  serviceUuid: '4fafc201-1fb5-459e-8fcc-c5c9c331914d',
  characteristicUuid: 'beb5483e-36e1-4688-b7f5-ea07361b26c2',
  value: '7b 22 74 79 70 65 22 3a 22 6f 74 61 22 2c 22 73 74 61 74 75 73 22 3a 22 70 72 6f 67 72 65 73 73 22 2c 22 72 65 63 65 69 76 65 64 22 3a 32 31 30 34 32 30 2c 22 74 6f 74 61 6c 22 3a 35 37 30 34 38 30 2c 22 70 65 72 63 65 6e 74 22 3a 33 36 7d'
}
Notification received: 7b 22 74 79 70 65 22 3a 22 6f 74 61 22 2c 22 73 74 61 74 75 73 22 3a 22 70 72 6f 67 72 65 73 73 22 2c 22 72 65 63 65 69 76 65 64 22 3a 32 31 30 39 36 30 2c 22 74 6f 74 61 6c 22 3a 35 37 30 34 38 30 2c 22 70 65 72 63 65 6e 74 22 3a 33 36 7d
[Main -> Renderer] ble:characteristicValueChanged: {
  deviceId: '10b41dcd238d',
  serviceUuid: '4fafc201-1fb5-459e-8fcc-c5c9c331914d',
  characteristicUuid: 'beb5483e-36e1-4688-b7f5-ea07361b26c2',
  value: '7b 22 74 79 70 65 22 3a 22 6f 74 61 22 2c 22 73 74 61 74 75 73 22 3a 22 70 72 6f 67 72 65 73 73 22 2c 22 72 65 63 65 69 76 65 64 22 3a 32 31 30 39 36 30 2c 22 74 6f 74 61 6c 22 3a 35 37 30 34 38 30 2c 22 70 65 72 63 65 6e 74 22 3a 33 36 7d'
}
Notification received: 7b 22 74 79 70 65 22 3a 22 6f 74 61 22 2c 22 73 74 61 74 75 73 22 3a 22 70 72 6f 67 72 65 73 73 22 2c 22 72 65 63 65 69 76 65 64 22 3a 32 31 31 35 30 30 2c 22 74 6f 74 61 6c 22 3a 35 37 30 34 38 30 2c 22 70 65 72 63 65 6e 74 22 3a 33 37 7d
[Main -> Renderer] ble:characteristicValueChanged: {
  deviceId: '10b41dcd238d',
  serviceUuid: '4fafc201-1fb5-459e-8fcc-c5c9c331914d',
  characteristicUuid: 'beb5483e-36e1-4688-b7f5-ea07361b26c2',
  value: '7b 22 74 79 70 65 22 3a 22 6f 74 61 22 2c 22 73 74 61 74 75 73 22 3a 22 70 72 6f 67 72 65 73 73 22 2c 22 72 65 63 65 69 76 65 64 22 3a 32 31 31 35 30 30 2c 22 74 6f 74 61 6c 22 3a 35 37 30 34 38 30 2c 22 70 65 72 63 65 6e 74 22 3a 33 37 7d'
}
Notification received: 7b 22 74 79 70 65 22 3a 22 6f 74 61 22 2c 22 73 74 61 74 75 73 22 3a 22 70 72 6f 67 72 65 73 73 22 2c 22 72 65 63 65 69 76 65 64 22 3a 32 31 31 38 36 30 2c 22 74 6f 74 61 6c 22 3a 35 37 30 34 38 30 2c 22 70 65 72 63 65 6e 74 22 3a 33 37 7d
[Main -> Renderer] ble:characteristicValueChanged: {
  deviceId: '10b41dcd238d',
  serviceUuid: '4fafc201-1fb5-459e-8fcc-c5c9c331914d',
  characteristicUuid: 'beb5483e-36e1-4688-b7f5-ea07361b26c2',
  value: '7b 22 74 79 70 65 22 3a 22 6f 74 61 22 2c 22 73 74 61 74 75 73 22 3a 22 70 72 6f 67 72 65 73 73 22 2c 22 72 65 63 65 69 76 65 64 22 3a 32 31 31 38 36 30 2c 22 74 6f 74 61 6c 22 3a 35 37 30 34 38 30 2c 22 70 65 72 63 65 6e 74 22 3a 33 37 7d'
}
Notification received: 7b 22 74 79 70 65 22 3a 22 6f 74 61 22 2c 22 73 74 61 74 75 73 22 3a 22 70 72 6f 67 72 65 73 73 22 2c 22 72 65 63 65 69 76 65 64 22 3a 32 31 32 34 30 30 2c 22 74 6f 74 61 6c 22 3a 35 37 30 34 38 30 2c 22 70 65 72 63 65 6e 74 22 3a 33 37 7d
[Main -> Renderer] ble:characteristicValueChanged: {
  deviceId: '10b41dcd238d',
  serviceUuid: '4fafc201-1fb5-459e-8fcc-c5c9c331914d',
  characteristicUuid: 'beb5483e-36e1-4688-b7f5-ea07361b26c2',
  value: '7b 22 74 79 70 65 22 3a 22 6f 74 61 22 2c 22 73 74 61 74 75 73 22 3a 22 70 72 6f 67 72 65 73 73 22 2c 22 72 65 63 65 69 76 65 64 22 3a 32 31 32 34 30 30 2c 22 74 6f 74 61 6c 22 3a 35 37 30 34 38 30 2c 22 70 65 72 63 65 6e 74 22 3a 33 37 7d'
}
Notification received: 7b 22 74 79 70 65 22 3a 22 6f 74 61 22 2c 22 73 74 61 74 75 73 22 3a 22 70 72 6f 67 72 65 73 73 22 2c 22 72 65 63 65 69 76 65 64 22 3a 32 31 32 39 34 30 2c 22 74 6f 74 61 6c 22 3a 35 37 30 34 38 30 2c 22 70 65 72 63 65 6e 74 22 3a 33 37 7d
[Main -> Renderer] ble:characteristicValueChanged: {
  deviceId: '10b41dcd238d',
  serviceUuid: '4fafc201-1fb5-459e-8fcc-c5c9c331914d',
  characteristicUuid: 'beb5483e-36e1-4688-b7f5-ea07361b26c2',
  value: '7b 22 74 79 70 65 22 3a 22 6f 74 61 22 2c 22 73 74 61 74 75 73 22 3a 22 70 72 6f 67 72 65 73 73 22 2c 22 72 65 63 65 69 76 65 64 22 3a 32 31 32 39 34 30 2c 22 74 6f 74 61 6c 22 3a 35 37 30 34 38 30 2c 22 70 65 72 63 65 6e 74 22 3a 33 37 7d'
}
Notification received: 7b 22 74 79 70 65 22 3a 22 6f 74 61 22 2c 22 73 74 61 74 75 73 22 3a 22 70 72 6f 67 72 65 73 73 22 2c 22 72 65 63 65 69 76 65 64 22 3a 32 31 33 34 38 30 2c 22 74 6f 74 61 6c 22 3a 35 37 30 34 38 30 2c 22 70 65 72 63 65 6e 74 22 3a 33 37 7d
[Main -> Renderer] ble:characteristicValueChanged: {
  deviceId: '10b41dcd238d',
  serviceUuid: '4fafc201-1fb5-459e-8fcc-c5c9c331914d',
  characteristicUuid: 'beb5483e-36e1-4688-b7f5-ea07361b26c2',
  value: '7b 22 74 79 70 65 22 3a 22 6f 74 61 22 2c 22 73 74 61 74 75 73 22 3a 22 70 72 6f 67 72 65 73 73 22 2c 22 72 65 63 65 69 76 65 64 22 3a 32 31 33 34 38 30 2c 22 74 6f 74 61 6c 22 3a 35 37 30 34 38 30 2c 22 70 65 72 63 65 6e 74 22 3a 33 37 7d'
}
Notification received: 7b 22 74 79 70 65 22 3a 22 6f 74 61 22 2c 22 73 74 61 74 75 73 22 3a 22 70 72 6f 67 72 65 73 73 22 2c 22 72 65 63 65 69 76 65 64 22 3a 32 31 34 30 32 30 2c 22 74 6f 74 61 6c 22 3a 35 37 30 34 38 30 2c 22 70 65 72 63 65 6e 74 22 3a 33 37 7d
[Main -> Renderer] ble:characteristicValueChanged: {
  deviceId: '10b41dcd238d',
  serviceUuid: '4fafc201-1fb5-459e-8fcc-c5c9c331914d',
  characteristicUuid: 'beb5483e-36e1-4688-b7f5-ea07361b26c2',
  value: '7b 22 74 79 70 65 22 3a 22 6f 74 61 22 2c 22 73 74 61 74 75 73 22 3a 22 70 72 6f 67 72 65 73 73 22 2c 22 72 65 63 65 69 76 65 64 22 3a 32 31 34 30 32 30 2c 22 74 6f 74 61 6c 22 3a 35 37 30 34 38 30 2c 22 70 65 72 63 65 6e 74 22 3a 33 37 7d'
}
Notification received: 7b 22 74 79 70 65 22 3a 22 6f 74 61 22 2c 22 73 74 61 74 75 73 22 3a 22 70 72 6f 67 72 65 73 73 22 2c 22 72 65 63 65 69 76 65 64 22 3a 32 31 34 35 36 30 2c 22 74 6f 74 61 6c 22 3a 35 37 30 34 38 30 2c 22 70 65 72 63 65 6e 74 22 3a 33 37 7d
[Main -> Renderer] ble:characteristicValueChanged: {
  deviceId: '10b41dcd238d',
  serviceUuid: '4fafc201-1fb5-459e-8fcc-c5c9c331914d',
  characteristicUuid: 'beb5483e-36e1-4688-b7f5-ea07361b26c2',
  value: '7b 22 74 79 70 65 22 3a 22 6f 74 61 22 2c 22 73 74 61 74 75 73 22 3a 22 70 72 6f 67 72 65 73 73 22 2c 22 72 65 63 65 69 76 65 64 22 3a 32 31 34 35 36 30 2c 22 74 6f 74 61 6c 22 3a 35 37 30 34 38 30 2c 22 70 65 72 63 65 6e 74 22 3a 33 37 7d'
}
Notification received: 7b 22 74 79 70 65 22 3a 22 6f 74 61 22 2c 22 73 74 61 74 75 73 22 3a 22 70 72 6f 67 72 65 73 73 22 2c 22 72 65 63 65 69 76 65 64 22 3a 32 31 35 31 30 30 2c 22 74 6f 74 61 6c 22 3a 35 37 30 34 38 30 2c 22 70 65 72 63 65 6e 74 22 3a 33 37 7d
[Main -> Renderer] ble:characteristicValueChanged: {
  deviceId: '10b41dcd238d',
  serviceUuid: '4fafc201-1fb5-459e-8fcc-c5c9c331914d',
  characteristicUuid: 'beb5483e-36e1-4688-b7f5-ea07361b26c2',
  value: '7b 22 74 79 70 65 22 3a 22 6f 74 61 22 2c 22 73 74 61 74 75 73 22 3a 22 70 72 6f 67 72 65 73 73 22 2c 22 72 65 63 65 69 76 65 64 22 3a 32 31 35 31 30 30 2c 22 74 6f 74 61 6c 22 3a 35 37 30 34 38 30 2c 22 70 65 72 63 65 6e 74 22 3a 33 37 7d'
}
Notification received: 7b 22 74 79 70 65 22 3a 22 6f 74 61 22 2c 22 73 74 61 74 75 73 22 3a 22 70 72 6f 67 72 65 73 73 22 2c 22 72 65 63 65 69 76 65 64 22 3a 32 31 35 34 36 30 2c 22 74 6f 74 61 6c 22 3a 35 37 30 34 38 30 2c 22 70 65 72 63 65 6e 74 22 3a 33 37 7d
[Main -> Renderer] ble:characteristicValueChanged: {
  deviceId: '10b41dcd238d',
  serviceUuid: '4fafc201-1fb5-459e-8fcc-c5c9c331914d',
  characteristicUuid: 'beb5483e-36e1-4688-b7f5-ea07361b26c2',
  value: '7b 22 74 79 70 65 22 3a 22 6f 74 61 22 2c 22 73 74 61 74 75 73 22 3a 22 70 72 6f 67 72 65 73 73 22 2c 22 72 65 63 65 69 76 65 64 22 3a 32 31 35 34 36 30 2c 22 74 6f 74 61 6c 22 3a 35 37 30 34 38 30 2c 22 70 65 72 63 65 6e 74 22 3a 33 37 7d'
}
Notification received: 7b 22 74 79 70 65 22 3a 22 6f 74 61 22 2c 22 73 74 61 74 75 73 22 3a 22 70 72 6f 67 72 65 73 73 22 2c 22 72 65 63 65 69 76 65 64 22 3a 32 31 36 30 30 30 2c 22 74 6f 74 61 6c 22 3a 35 37 30 34 38 30 2c 22 70 65 72 63 65 6e 74 22 3a 33 37 7d
[Main -> Renderer] ble:characteristicValueChanged: {
  deviceId: '10b41dcd238d',
  serviceUuid: '4fafc201-1fb5-459e-8fcc-c5c9c331914d',
  characteristicUuid: 'beb5483e-36e1-4688-b7f5-ea07361b26c2',
  value: '7b 22 74 79 70 65 22 3a 22 6f 74 61 22 2c 22 73 74 61 74 75 73 22 3a 22 70 72 6f 67 72 65 73 73 22 2c 22 72 65 63 65 69 76 65 64 22 3a 32 31 36 30 30 30 2c 22 74 6f 74 61 6c 22 3a 35 37 30 34 38 30 2c 22 70 65 72 63 65 6e 74 22 3a 33 37 7d'
}
Notification received: 7b 22 74 79 70 65 22 3a 22 6f 74 61 22 2c 22 73 74 61 74 75 73 22 3a 22 70 72 6f 67 72 65 73 73 22 2c 22 72 65 63 65 69 76 65 64 22 3a 32 31 36 35 34 30 2c 22 74 6f 74 61 6c 22 3a 35 37 30 34 38 30 2c 22 70 65 72 63 65 6e 74 22 3a 33 37 7d
[Main -> Renderer] ble:characteristicValueChanged: {
  deviceId: '10b41dcd238d',
  serviceUuid: '4fafc201-1fb5-459e-8fcc-c5c9c331914d',
  characteristicUuid: 'beb5483e-36e1-4688-b7f5-ea07361b26c2',
  value: '7b 22 74 79 70 65 22 3a 22 6f 74 61 22 2c 22 73 74 61 74 75 73 22 3a 22 70 72 6f 67 72 65 73 73 22 2c 22 72 65 63 65 69 76 65 64 22 3a 32 31 36 35 34 30 2c 22 74 6f 74 61 6c 22 3a 35 37 30 34 38 30 2c 22 70 65 72 63 65 6e 74 22 3a 33 37 7d'
}
Notification received: 7b 22 74 79 70 65 22 3a 22 6f 74 61 22 2c 22 73 74 61 74 75 73 22 3a 22 70 72 6f 67 72 65 73 73 22 2c 22 72 65 63 65 69 76 65 64 22 3a 32 31 37 30 38 30 2c 22 74 6f 74 61 6c 22 3a 35 37 30 34 38 30 2c 22 70 65 72 63 65 6e 74 22 3a 33 38 7d
[Main -> Renderer] ble:characteristicValueChanged: {
  deviceId: '10b41dcd238d',
  serviceUuid: '4fafc201-1fb5-459e-8fcc-c5c9c331914d',
  characteristicUuid: 'beb5483e-36e1-4688-b7f5-ea07361b26c2',
  value: '7b 22 74 79 70 65 22 3a 22 6f 74 61 22 2c 22 73 74 61 74 75 73 22 3a 22 70 72 6f 67 72 65 73 73 22 2c 22 72 65 63 65 69 76 65 64 22 3a 32 31 37 30 38 30 2c 22 74 6f 74 61 6c 22 3a 35 37 30 34 38 30 2c 22 70 65 72 63 65 6e 74 22 3a 33 38 7d'
}
Notification received: 7b 22 74 79 70 65 22 3a 22 6f 74 61 22 2c 22 73 74 61 74 75 73 22 3a 22 70 72 6f 67 72 65 73 73 22 2c 22 72 65 63 65 69 76 65 64 22 3a 32 31 37 36 32 30 2c 22 74 6f 74 61 6c 22 3a 35 37 30 34 38 30 2c 22 70 65 72 63 65 6e 74 22 3a 33 38 7d
[Main -> Renderer] ble:characteristicValueChanged: {
  deviceId: '10b41dcd238d',
  serviceUuid: '4fafc201-1fb5-459e-8fcc-c5c9c331914d',
  characteristicUuid: 'beb5483e-36e1-4688-b7f5-ea07361b26c2',
  value: '7b 22 74 79 70 65 22 3a 22 6f 74 61 22 2c 22 73 74 61 74 75 73 22 3a 22 70 72 6f 67 72 65 73 73 22 2c 22 72 65 63 65 69 76 65 64 22 3a 32 31 37 36 32 30 2c 22 74 6f 74 61 6c 22 3a 35 37 30 34 38 30 2c 22 70 65 72 63 65 6e 74 22 3a 33 38 7d'
}
Notification received: 7b 22 74 79 70 65 22 3a 22 6f 74 61 22 2c 22 73 74 61 74 75 73 22 3a 22 70 72 6f 67 72 65 73 73 22 2c 22 72 65 63 65 69 76 65 64 22 3a 32 31 38 31 36 30 2c 22 74 6f 74 61 6c 22 3a 35 37 30 34 38 30 2c 22 70 65 72 63 65 6e 74 22 3a 33 38 7d
[Main -> Renderer] ble:characteristicValueChanged: {
  deviceId: '10b41dcd238d',
  serviceUuid: '4fafc201-1fb5-459e-8fcc-c5c9c331914d',
  characteristicUuid: 'beb5483e-36e1-4688-b7f5-ea07361b26c2',
  value: '7b 22 74 79 70 65 22 3a 22 6f 74 61 22 2c 22 73 74 61 74 75 73 22 3a 22 70 72 6f 67 72 65 73 73 22 2c 22 72 65 63 65 69 76 65 64 22 3a 32 31 38 31 36 30 2c 22 74 6f 74 61 6c 22 3a 35 37 30 34 38 30 2c 22 70 65 72 63 65 6e 74 22 3a 33 38 7d'
}
Notification received: 7b 22 74 79 70 65 22 3a 22 6f 74 61 22 2c 22 73 74 61 74 75 73 22 3a 22 70 72 6f 67 72 65 73 73 22 2c 22 72 65 63 65 69 76 65 64 22 3a 32 31 38 37 30 30 2c 22 74 6f 74 61 6c 22 3a 35 37 30 34 38 30 2c 22 70 65 72 63 65 6e 74 22 3a 33 38 7d
[Main -> Renderer] ble:characteristicValueChanged: {
  deviceId: '10b41dcd238d',
  serviceUuid: '4fafc201-1fb5-459e-8fcc-c5c9c331914d',
  characteristicUuid: 'beb5483e-36e1-4688-b7f5-ea07361b26c2',
  value: '7b 22 74 79 70 65 22 3a 22 6f 74 61 22 2c 22 73 74 61 74 75 73 22 3a 22 70 72 6f 67 72 65 73 73 22 2c 22 72 65 63 65 69 76 65 64 22 3a 32 31 38 37 30 30 2c 22 74 6f 74 61 6c 22 3a 35 37 30 34 38 30 2c 22 70 65 72 63 65 6e 74 22 3a 33 38 7d'
}
Notification received: 7b 22 74 79 70 65 22 3a 22 6f 74 61 22 2c 22 73 74 61 74 75 73 22 3a 22 70 72 6f 67 72 65 73 73 22 2c 22 72 65 63 65 69 76 65 64 22 3a 32 31 39 32 34 30 2c 22 74 6f 74 61 6c 22 3a 35 37 30 34 38 30 2c 22 70 65 72 63 65 6e 74 22 3a 33 38 7d
[Main -> Renderer] ble:characteristicValueChanged: {
  deviceId: '10b41dcd238d',
  serviceUuid: '4fafc201-1fb5-459e-8fcc-c5c9c331914d',
  characteristicUuid: 'beb5483e-36e1-4688-b7f5-ea07361b26c2',
  value: '7b 22 74 79 70 65 22 3a 22 6f 74 61 22 2c 22 73 74 61 74 75 73 22 3a 22 70 72 6f 67 72 65 73 73 22 2c 22 72 65 63 65 69 76 65 64 22 3a 32 31 39 32 34 30 2c 22 74 6f 74 61 6c 22 3a 35 37 30 34 38 30 2c 22 70 65 72 63 65 6e 74 22 3a 33 38 7d'
}
Notification received: 7b 22 74 79 70 65 22 3a 22 6f 74 61 22 2c 22 73 74 61 74 75 73 22 3a 22 70 72 6f 67 72 65 73 73 22 2c 22 72 65 63 65 69 76 65 64 22 3a 32 31 39 36 30 30 2c 22 74 6f 74 61 6c 22 3a 35 37 30 34 38 30 2c 22 70 65 72 63 65 6e 74 22 3a 33 38 7d
[Main -> Renderer] ble:characteristicValueChanged: {
  deviceId: '10b41dcd238d',
  serviceUuid: '4fafc201-1fb5-459e-8fcc-c5c9c331914d',
  characteristicUuid: 'beb5483e-36e1-4688-b7f5-ea07361b26c2',
  value: '7b 22 74 79 70 65 22 3a 22 6f 74 61 22 2c 22 73 74 61 74 75 73 22 3a 22 70 72 6f 67 72 65 73 73 22 2c 22 72 65 63 65 69 76 65 64 22 3a 32 31 39 36 30 30 2c 22 74 6f 74 61 6c 22 3a 35 37 30 34 38 30 2c 22 70 65 72 63 65 6e 74 22 3a 33 38 7d'
}
Notification received: 7b 22 74 79 70 65 22 3a 22 6f 74 61 22 2c 22 73 74 61 74 75 73 22 3a 22 70 72 6f 67 72 65 73 73 22 2c 22 72 65 63 65 69 76 65 64 22 3a 32 31 39 39 36 30 2c 22 74 6f 74 61 6c 22 3a 35 37 30 34 38 30 2c 22 70 65 72 63 65 6e 74 22 3a 33 38 7d
[Main -> Renderer] ble:characteristicValueChanged: {
  deviceId: '10b41dcd238d',
  serviceUuid: '4fafc201-1fb5-459e-8fcc-c5c9c331914d',
  characteristicUuid: 'beb5483e-36e1-4688-b7f5-ea07361b26c2',
  value: '7b 22 74 79 70 65 22 3a 22 6f 74 61 22 2c 22 73 74 61 74 75 73 22 3a 22 70 72 6f 67 72 65 73 73 22 2c 22 72 65 63 65 69 76 65 64 22 3a 32 31 39 39 36 30 2c 22 74 6f 74 61 6c 22 3a 35 37 30 34 38 30 2c 22 70 65 72 63 65 6e 74 22 3a 33 38 7d'
}
Notification received: 7b 22 74 79 70 65 22 3a 22 6f 74 61 22 2c 22 73 74 61 74 75 73 22 3a 22 70 72 6f 67 72 65 73 73 22 2c 22 72 65 63 65 69 76 65 64 22 3a 32 32 30 35 30 30 2c 22 74 6f 74 61 6c 22 3a 35 37 30 34 38 30 2c 22 70 65 72 63 65 6e 74 22 3a 33 38 7d
[Main -> Renderer] ble:characteristicValueChanged: {
  deviceId: '10b41dcd238d',
  serviceUuid: '4fafc201-1fb5-459e-8fcc-c5c9c331914d',
  characteristicUuid: 'beb5483e-36e1-4688-b7f5-ea07361b26c2',
  value: '7b 22 74 79 70 65 22 3a 22 6f 74 61 22 2c 22 73 74 61 74 75 73 22 3a 22 70 72 6f 67 72 65 73 73 22 2c 22 72 65 63 65 69 76 65 64 22 3a 32 32 30 35 30 30 2c 22 74 6f 74 61 6c 22 3a 35 37 30 34 38 30 2c 22 70 65 72 63 65 6e 74 22 3a 33 38 7d'
}
Notification received: 7b 22 74 79 70 65 22 3a 22 6f 74 61 22 2c 22 73 74 61 74 75 73 22 3a 22 70 72 6f 67 72 65 73 73 22 2c 22 72 65 63 65 69 76 65 64 22 3a 32 32 30 38 36 30 2c 22 74 6f 74 61 6c 22 3a 35 37 30 34 38 30 2c 22 70 65 72 63 65 6e 74 22 3a 33 38 7d
[Main -> Renderer] ble:characteristicValueChanged: {
  deviceId: '10b41dcd238d',
  serviceUuid: '4fafc201-1fb5-459e-8fcc-c5c9c331914d',
  characteristicUuid: 'beb5483e-36e1-4688-b7f5-ea07361b26c2',
  value: '7b 22 74 79 70 65 22 3a 22 6f 74 61 22 2c 22 73 74 61 74 75 73 22 3a 22 70 72 6f 67 72 65 73 73 22 2c 22 72 65 63 65 69 76 65 64 22 3a 32 32 30 38 36 30 2c 22 74 6f 74 61 6c 22 3a 35 37 30 34 38 30 2c 22 70 65 72 63 65 6e 74 22 3a 33 38 7d'
}
Notification received: 7b 22 74 79 70 65 22 3a 22 6f 74 61 22 2c 22 73 74 61 74 75 73 22 3a 22 70 72 6f 67 72 65 73 73 22 2c 22 72 65 63 65 69 76 65 64 22 3a 32 32 31 34 30 30 2c 22 74 6f 74 61 6c 22 3a 35 37 30 34 38 30 2c 22 70 65 72 63 65 6e 74 22 3a 33 38 7d
[Main -> Renderer] ble:characteristicValueChanged: {
  deviceId: '10b41dcd238d',
  serviceUuid: '4fafc201-1fb5-459e-8fcc-c5c9c331914d',
  characteristicUuid: 'beb5483e-36e1-4688-b7f5-ea07361b26c2',
  value: '7b 22 74 79 70 65 22 3a 22 6f 74 61 22 2c 22 73 74 61 74 75 73 22 3a 22 70 72 6f 67 72 65 73 73 22 2c 22 72 65 63 65 69 76 65 64 22 3a 32 32 31 34 30 30 2c 22 74 6f 74 61 6c 22 3a 35 37 30 34 38 30 2c 22 70 65 72 63 65 6e 74 22 3a 33 38 7d'
}
Notification received: 7b 22 74 79 70 65 22 3a 22 6f 74 61 22 2c 22 73 74 61 74 75 73 22 3a 22 70 72 6f 67 72 65 73 73 22 2c 22 72 65 63 65 69 76 65 64 22 3a 32 32 31 39 34 30 2c 22 74 6f 74 61 6c 22 3a 35 37 30 34 38 30 2c 22 70 65 72 63 65 6e 74 22 3a 33 38 7d
[Main -> Renderer] ble:characteristicValueChanged: {
  deviceId: '10b41dcd238d',
  serviceUuid: '4fafc201-1fb5-459e-8fcc-c5c9c331914d',
  characteristicUuid: 'beb5483e-36e1-4688-b7f5-ea07361b26c2',
  value: '7b 22 74 79 70 65 22 3a 22 6f 74 61 22 2c 22 73 74 61 74 75 73 22 3a 22 70 72 6f 67 72 65 73 73 22 2c 22 72 65 63 65 69 76 65 64 22 3a 32 32 31 39 34 30 2c 22 74 6f 74 61 6c 22 3a 35 37 30 34 38 30 2c 22 70 65 72 63 65 6e 74 22 3a 33 38 7d'
}
Notification received: 7b 22 74 79 70 65 22 3a 22 6f 74 61 22 2c 22 73 74 61 74 75 73 22 3a 22 70 72 6f 67 72 65 73 73 22 2c 22 72 65 63 65 69 76 65 64 22 3a 32 32 32 33 30 30 2c 22 74 6f 74 61 6c 22 3a 35 37 30 34 38 30 2c 22 70 65 72 63 65 6e 74 22 3a 33 38 7d
[Main -> Renderer] ble:characteristicValueChanged: {
  deviceId: '10b41dcd238d',
  serviceUuid: '4fafc201-1fb5-459e-8fcc-c5c9c331914d',
  characteristicUuid: 'beb5483e-36e1-4688-b7f5-ea07361b26c2',
  value: '7b 22 74 79 70 65 22 3a 22 6f 74 61 22 2c 22 73 74 61 74 75 73 22 3a 22 70 72 6f 67 72 65 73 73 22 2c 22 72 65 63 65 69 76 65 64 22 3a 32 32 32 33 30 30 2c 22 74 6f 74 61 6c 22 3a 35 37 30 34 38 30 2c 22 70 65 72 63 65 6e 74 22 3a 33 38 7d'
}
Notification received: 7b 22 74 79 70 65 22 3a 22 6f 74 61 22 2c 22 73 74 61 74 75 73 22 3a 22 70 72 6f 67 72 65 73 73 22 2c 22 72 65 63 65 69 76 65 64 22 3a 32 32 32 36 36 30 2c 22 74 6f 74 61 6c 22 3a 35 37 30 34 38 30 2c 22 70 65 72 63 65 6e 74 22 3a 33 39 7d
[Main -> Renderer] ble:characteristicValueChanged: {
  deviceId: '10b41dcd238d',
  serviceUuid: '4fafc201-1fb5-459e-8fcc-c5c9c331914d',
  characteristicUuid: 'beb5483e-36e1-4688-b7f5-ea07361b26c2',
  value: '7b 22 74 79 70 65 22 3a 22 6f 74 61 22 2c 22 73 74 61 74 75 73 22 3a 22 70 72 6f 67 72 65 73 73 22 2c 22 72 65 63 65 69 76 65 64 22 3a 32 32 32 36 36 30 2c 22 74 6f 74 61 6c 22 3a 35 37 30 34 38 30 2c 22 70 65 72 63 65 6e 74 22 3a 33 39 7d'
}
Notification received: 7b 22 74 79 70 65 22 3a 22 6f 74 61 22 2c 22 73 74 61 74 75 73 22 3a 22 70 72 6f 67 72 65 73 73 22 2c 22 72 65 63 65 69 76 65 64 22 3a 32 32 33 30 32 30 2c 22 74 6f 74 61 6c 22 3a 35 37 30 34 38 30 2c 22 70 65 72 63 65 6e 74 22 3a 33 39 7d
[Main -> Renderer] ble:characteristicValueChanged: {
  deviceId: '10b41dcd238d',
  serviceUuid: '4fafc201-1fb5-459e-8fcc-c5c9c331914d',
  characteristicUuid: 'beb5483e-36e1-4688-b7f5-ea07361b26c2',
  value: '7b 22 74 79 70 65 22 3a 22 6f 74 61 22 2c 22 73 74 61 74 75 73 22 3a 22 70 72 6f 67 72 65 73 73 22 2c 22 72 65 63 65 69 76 65 64 22 3a 32 32 33 30 32 30 2c 22 74 6f 74 61 6c 22 3a 35 37 30 34 38 30 2c 22 70 65 72 63 65 6e 74 22 3a 33 39 7d'
}
Notification received: 7b 22 74 79 70 65 22 3a 22 6f 74 61 22 2c 22 73 74 61 74 75 73 22 3a 22 70 72 6f 67 72 65 73 73 22 2c 22 72 65 63 65 69 76 65 64 22 3a 32 32 33 33 38 30 2c 22 74 6f 74 61 6c 22 3a 35 37 30 34 38 30 2c 22 70 65 72 63 65 6e 74 22 3a 33 39 7d
[Main -> Renderer] ble:characteristicValueChanged: {
  deviceId: '10b41dcd238d',
  serviceUuid: '4fafc201-1fb5-459e-8fcc-c5c9c331914d',
  characteristicUuid: 'beb5483e-36e1-4688-b7f5-ea07361b26c2',
  value: '7b 22 74 79 70 65 22 3a 22 6f 74 61 22 2c 22 73 74 61 74 75 73 22 3a 22 70 72 6f 67 72 65 73 73 22 2c 22 72 65 63 65 69 76 65 64 22 3a 32 32 33 33 38 30 2c 22 74 6f 74 61 6c 22 3a 35 37 30 34 38 30 2c 22 70 65 72 63 65 6e 74 22 3a 33 39 7d'
}
Notification received: 7b 22 74 79 70 65 22 3a 22 6f 74 61 22 2c 22 73 74 61 74 75 73 22 3a 22 70 72 6f 67 72 65 73 73 22 2c 22 72 65 63 65 69 76 65 64 22 3a 32 32 33 39 32 30 2c 22 74 6f 74 61 6c 22 3a 35 37 30 34 38 30 2c 22 70 65 72 63 65 6e 74 22 3a 33 39 7d
[Main -> Renderer] ble:characteristicValueChanged: {
  deviceId: '10b41dcd238d',
  serviceUuid: '4fafc201-1fb5-459e-8fcc-c5c9c331914d',
  characteristicUuid: 'beb5483e-36e1-4688-b7f5-ea07361b26c2',
  value: '7b 22 74 79 70 65 22 3a 22 6f 74 61 22 2c 22 73 74 61 74 75 73 22 3a 22 70 72 6f 67 72 65 73 73 22 2c 22 72 65 63 65 69 76 65 64 22 3a 32 32 33 39 32 30 2c 22 74 6f 74 61 6c 22 3a 35 37 30 34 38 30 2c 22 70 65 72 63 65 6e 74 22 3a 33 39 7d'
}
Notification received: 7b 22 74 79 70 65 22 3a 22 6f 74 61 22 2c 22 73 74 61 74 75 73 22 3a 22 70 72 6f 67 72 65 73 73 22 2c 22 72 65 63 65 69 76 65 64 22 3a 32 32 34 32 38 30 2c 22 74 6f 74 61 6c 22 3a 35 37 30 34 38 30 2c 22 70 65 72 63 65 6e 74 22 3a 33 39 7d
[Main -> Renderer] ble:characteristicValueChanged: {
  deviceId: '10b41dcd238d',
  serviceUuid: '4fafc201-1fb5-459e-8fcc-c5c9c331914d',
  characteristicUuid: 'beb5483e-36e1-4688-b7f5-ea07361b26c2',
  value: '7b 22 74 79 70 65 22 3a 22 6f 74 61 22 2c 22 73 74 61 74 75 73 22 3a 22 70 72 6f 67 72 65 73 73 22 2c 22 72 65 63 65 69 76 65 64 22 3a 32 32 34 32 38 30 2c 22 74 6f 74 61 6c 22 3a 35 37 30 34 38 30 2c 22 70 65 72 63 65 6e 74 22 3a 33 39 7d'
}
Notification received: 7b 22 74 79 70 65 22 3a 22 6f 74 61 22 2c 22 73 74 61 74 75 73 22 3a 22 70 72 6f 67 72 65 73 73 22 2c 22 72 65 63 65 69 76 65 64 22 3a 32 32 34 38 32 30 2c 22 74 6f 74 61 6c 22 3a 35 37 30 34 38 30 2c 22 70 65 72 63 65 6e 74 22 3a 33 39 7d
[Main -> Renderer] ble:characteristicValueChanged: {
  deviceId: '10b41dcd238d',
  serviceUuid: '4fafc201-1fb5-459e-8fcc-c5c9c331914d',
  characteristicUuid: 'beb5483e-36e1-4688-b7f5-ea07361b26c2',
  value: '7b 22 74 79 70 65 22 3a 22 6f 74 61 22 2c 22 73 74 61 74 75 73 22 3a 22 70 72 6f 67 72 65 73 73 22 2c 22 72 65 63 65 69 76 65 64 22 3a 32 32 34 38 32 30 2c 22 74 6f 74 61 6c 22 3a 35 37 30 34 38 30 2c 22 70 65 72 63 65 6e 74 22 3a 33 39 7d'
}
Notification received: 7b 22 74 79 70 65 22 3a 22 6f 74 61 22 2c 22 73 74 61 74 75 73 22 3a 22 70 72 6f 67 72 65 73 73 22 2c 22 72 65 63 65 69 76 65 64 22 3a 32 32 35 33 36 30 2c 22 74 6f 74 61 6c 22 3a 35 37 30 34 38 30 2c 22 70 65 72 63 65 6e 74 22 3a 33 39 7d
[Main -> Renderer] ble:characteristicValueChanged: {
  deviceId: '10b41dcd238d',
  serviceUuid: '4fafc201-1fb5-459e-8fcc-c5c9c331914d',
  characteristicUuid: 'beb5483e-36e1-4688-b7f5-ea07361b26c2',
  value: '7b 22 74 79 70 65 22 3a 22 6f 74 61 22 2c 22 73 74 61 74 75 73 22 3a 22 70 72 6f 67 72 65 73 73 22 2c 22 72 65 63 65 69 76 65 64 22 3a 32 32 35 33 36 30 2c 22 74 6f 74 61 6c 22 3a 35 37 30 34 38 30 2c 22 70 65 72 63 65 6e 74 22 3a 33 39 7d'
}
Notification received: 7b 22 74 79 70 65 22 3a 22 6f 74 61 22 2c 22 73 74 61 74 75 73 22 3a 22 70 72 6f 67 72 65 73 73 22 2c 22 72 65 63 65 69 76 65 64 22 3a 32 32 35 37 32 30 2c 22 74 6f 74 61 6c 22 3a 35 37 30 34 38 30 2c 22 70 65 72 63 65 6e 74 22 3a 33 39 7d
[Main -> Renderer] ble:characteristicValueChanged: {
  deviceId: '10b41dcd238d',
  serviceUuid: '4fafc201-1fb5-459e-8fcc-c5c9c331914d',
  characteristicUuid: 'beb5483e-36e1-4688-b7f5-ea07361b26c2',
  value: '7b 22 74 79 70 65 22 3a 22 6f 74 61 22 2c 22 73 74 61 74 75 73 22 3a 22 70 72 6f 67 72 65 73 73 22 2c 22 72 65 63 65 69 76 65 64 22 3a 32 32 35 37 32 30 2c 22 74 6f 74 61 6c 22 3a 35 37 30 34 38 30 2c 22 70 65 72 63 65 6e 74 22 3a 33 39 7d'
}
Notification received: 7b 22 74 79 70 65 22 3a 22 6f 74 61 22 2c 22 73 74 61 74 75 73 22 3a 22 70 72 6f 67 72 65 73 73 22 2c 22 72 65 63 65 69 76 65 64 22 3a 32 32 36 30 38 30 2c 22 74 6f 74 61 6c 22 3a 35 37 30 34 38 30 2c 22 70 65 72 63 65 6e 74 22 3a 33 39 7d
[Main -> Renderer] ble:characteristicValueChanged: {
  deviceId: '10b41dcd238d',
  serviceUuid: '4fafc201-1fb5-459e-8fcc-c5c9c331914d',
  characteristicUuid: 'beb5483e-36e1-4688-b7f5-ea07361b26c2',
  value: '7b 22 74 79 70 65 22 3a 22 6f 74 61 22 2c 22 73 74 61 74 75 73 22 3a 22 70 72 6f 67 72 65 73 73 22 2c 22 72 65 63 65 69 76 65 64 22 3a 32 32 36 30 38 30 2c 22 74 6f 74 61 6c 22 3a 35 37 30 34 38 30 2c 22 70 65 72 63 65 6e 74 22 3a 33 39 7d'
}
Notification received: 7b 22 74 79 70 65 22 3a 22 6f 74 61 22 2c 22 73 74 61 74 75 73 22 3a 22 70 72 6f 67 72 65 73 73 22 2c 22 72 65 63 65 69 76 65 64 22 3a 32 32 36 36 32 30 2c 22 74 6f 74 61 6c 22 3a 35 37 30 34 38 30 2c 22 70 65 72 63 65 6e 74 22 3a 33 39 7d
[Main -> Renderer] ble:characteristicValueChanged: {
  deviceId: '10b41dcd238d',
  serviceUuid: '4fafc201-1fb5-459e-8fcc-c5c9c331914d',
  characteristicUuid: 'beb5483e-36e1-4688-b7f5-ea07361b26c2',
  value: '7b 22 74 79 70 65 22 3a 22 6f 74 61 22 2c 22 73 74 61 74 75 73 22 3a 22 70 72 6f 67 72 65 73 73 22 2c 22 72 65 63 65 69 76 65 64 22 3a 32 32 36 36 32 30 2c 22 74 6f 74 61 6c 22 3a 35 37 30 34 38 30 2c 22 70 65 72 63 65 6e 74 22 3a 33 39 7d'
}
Notification received: 7b 22 74 79 70 65 22 3a 22 6f 74 61 22 2c 22 73 74 61 74 75 73 22 3a 22 70 72 6f 67 72 65 73 73 22 2c 22 72 65 63 65 69 76 65 64 22 3a 32 32 36 39 38 30 2c 22 74 6f 74 61 6c 22 3a 35 37 30 34 38 30 2c 22 70 65 72 63 65 6e 74 22 3a 33 39 7d
[Main -> Renderer] ble:characteristicValueChanged: {
  deviceId: '10b41dcd238d',
  serviceUuid: '4fafc201-1fb5-459e-8fcc-c5c9c331914d',
  characteristicUuid: 'beb5483e-36e1-4688-b7f5-ea07361b26c2',
  value: '7b 22 74 79 70 65 22 3a 22 6f 74 61 22 2c 22 73 74 61 74 75 73 22 3a 22 70 72 6f 67 72 65 73 73 22 2c 22 72 65 63 65 69 76 65 64 22 3a 32 32 36 39 38 30 2c 22 74 6f 74 61 6c 22 3a 35 37 30 34 38 30 2c 22 70 65 72 63 65 6e 74 22 3a 33 39 7d'
}
Notification received: 7b 22 74 79 70 65 22 3a 22 6f 74 61 22 2c 22 73 74 61 74 75 73 22 3a 22 70 72 6f 67 72 65 73 73 22 2c 22 72 65 63 65 69 76 65 64 22 3a 32 32 37 33 34 30 2c 22 74 6f 74 61 6c 22 3a 35 37 30 34 38 30 2c 22 70 65 72 63 65 6e 74 22 3a 33 39 7d
[Main -> Renderer] ble:characteristicValueChanged: {
  deviceId: '10b41dcd238d',
  serviceUuid: '4fafc201-1fb5-459e-8fcc-c5c9c331914d',
  characteristicUuid: 'beb5483e-36e1-4688-b7f5-ea07361b26c2',
  value: '7b 22 74 79 70 65 22 3a 22 6f 74 61 22 2c 22 73 74 61 74 75 73 22 3a 22 70 72 6f 67 72 65 73 73 22 2c 22 72 65 63 65 69 76 65 64 22 3a 32 32 37 33 34 30 2c 22 74 6f 74 61 6c 22 3a 35 37 30 34 38 30 2c 22 70 65 72 63 65 6e 74 22 3a 33 39 7d'
}
Notification received: 7b 22 74 79 70 65 22 3a 22 6f 74 61 22 2c 22 73 74 61 74 75 73 22 3a 22 70 72 6f 67 72 65 73 73 22 2c 22 72 65 63 65 69 76 65 64 22 3a 32 32 37 38 38 30 2c 22 74 6f 74 61 6c 22 3a 35 37 30 34 38 30 2c 22 70 65 72 63 65 6e 74 22 3a 33 39 7d
[Main -> Renderer] ble:characteristicValueChanged: {
  deviceId: '10b41dcd238d',
  serviceUuid: '4fafc201-1fb5-459e-8fcc-c5c9c331914d',
  characteristicUuid: 'beb5483e-36e1-4688-b7f5-ea07361b26c2',
  value: '7b 22 74 79 70 65 22 3a 22 6f 74 61 22 2c 22 73 74 61 74 75 73 22 3a 22 70 72 6f 67 72 65 73 73 22 2c 22 72 65 63 65 69 76 65 64 22 3a 32 32 37 38 38 30 2c 22 74 6f 74 61 6c 22 3a 35 37 30 34 38 30 2c 22 70 65 72 63 65 6e 74 22 3a 33 39 7d'
}
Notification received: 7b 22 74 79 70 65 22 3a 22 6f 74 61 22 2c 22 73 74 61 74 75 73 22 3a 22 70 72 6f 67 72 65 73 73 22 2c 22 72 65 63 65 69 76 65 64 22 3a 32 32 38 34 32 30 2c 22 74 6f 74 61 6c 22 3a 35 37 30 34 38 30 2c 22 70 65 72 63 65 6e 74 22 3a 34 30 7d
[Main -> Renderer] ble:characteristicValueChanged: {
  deviceId: '10b41dcd238d',
  serviceUuid: '4fafc201-1fb5-459e-8fcc-c5c9c331914d',
  characteristicUuid: 'beb5483e-36e1-4688-b7f5-ea07361b26c2',
  value: '7b 22 74 79 70 65 22 3a 22 6f 74 61 22 2c 22 73 74 61 74 75 73 22 3a 22 70 72 6f 67 72 65 73 73 22 2c 22 72 65 63 65 69 76 65 64 22 3a 32 32 38 34 32 30 2c 22 74 6f 74 61 6c 22 3a 35 37 30 34 38 30 2c 22 70 65 72 63 65 6e 74 22 3a 34 30 7d'
}
Notification received: 7b 22 74 79 70 65 22 3a 22 6f 74 61 22 2c 22 73 74 61 74 75 73 22 3a 22 70 72 6f 67 72 65 73 73 22 2c 22 72 65 63 65 69 76 65 64 22 3a 32 32 38 39 36 30 2c 22 74 6f 74 61 6c 22 3a 35 37 30 34 38 30 2c 22 70 65 72 63 65 6e 74 22 3a 34 30 7d
[Main -> Renderer] ble:characteristicValueChanged: {
  deviceId: '10b41dcd238d',
  serviceUuid: '4fafc201-1fb5-459e-8fcc-c5c9c331914d',
  characteristicUuid: 'beb5483e-36e1-4688-b7f5-ea07361b26c2',
  value: '7b 22 74 79 70 65 22 3a 22 6f 74 61 22 2c 22 73 74 61 74 75 73 22 3a 22 70 72 6f 67 72 65 73 73 22 2c 22 72 65 63 65 69 76 65 64 22 3a 32 32 38 39 36 30 2c 22 74 6f 74 61 6c 22 3a 35 37 30 34 38 30 2c 22 70 65 72 63 65 6e 74 22 3a 34 30 7d'
}
Notification received: 7b 22 74 79 70 65 22 3a 22 6f 74 61 22 2c 22 73 74 61 74 75 73 22 3a 22 70 72 6f 67 72 65 73 73 22 2c 22 72 65 63 65 69 76 65 64 22 3a 32 32 39 33 32 30 2c 22 74 6f 74 61 6c 22 3a 35 37 30 34 38 30 2c 22 70 65 72 63 65 6e 74 22 3a 34 30 7d
[Main -> Renderer] ble:characteristicValueChanged: {
  deviceId: '10b41dcd238d',
  serviceUuid: '4fafc201-1fb5-459e-8fcc-c5c9c331914d',
  characteristicUuid: 'beb5483e-36e1-4688-b7f5-ea07361b26c2',
  value: '7b 22 74 79 70 65 22 3a 22 6f 74 61 22 2c 22 73 74 61 74 75 73 22 3a 22 70 72 6f 67 72 65 73 73 22 2c 22 72 65 63 65 69 76 65 64 22 3a 32 32 39 33 32 30 2c 22 74 6f 74 61 6c 22 3a 35 37 30 34 38 30 2c 22 70 65 72 63 65 6e 74 22 3a 34 30 7d'
}
Notification received: 7b 22 74 79 70 65 22 3a 22 6f 74 61 22 2c 22 73 74 61 74 75 73 22 3a 22 70 72 6f 67 72 65 73 73 22 2c 22 72 65 63 65 69 76 65 64 22 3a 32 32 39 36 38 30 2c 22 74 6f 74 61 6c 22 3a 35 37 30 34 38 30 2c 22 70 65 72 63 65 6e 74 22 3a 34 30 7d
[Main -> Renderer] ble:characteristicValueChanged: {
  deviceId: '10b41dcd238d',
  serviceUuid: '4fafc201-1fb5-459e-8fcc-c5c9c331914d',
  characteristicUuid: 'beb5483e-36e1-4688-b7f5-ea07361b26c2',
  value: '7b 22 74 79 70 65 22 3a 22 6f 74 61 22 2c 22 73 74 61 74 75 73 22 3a 22 70 72 6f 67 72 65 73 73 22 2c 22 72 65 63 65 69 76 65 64 22 3a 32 32 39 36 38 30 2c 22 74 6f 74 61 6c 22 3a 35 37 30 34 38 30 2c 22 70 65 72 63 65 6e 74 22 3a 34 30 7d'
}
Notification received: 7b 22 74 79 70 65 22 3a 22 6f 74 61 22 2c 22 73 74 61 74 75 73 22 3a 22 70 72 6f 67 72 65 73 73 22 2c 22 72 65 63 65 69 76 65 64 22 3a 32 33 30 30 34 30 2c 22 74 6f 74 61 6c 22 3a 35 37 30 34 38 30 2c 22 70 65 72 63 65 6e 74 22 3a 34 30 7d
[Main -> Renderer] ble:characteristicValueChanged: {
  deviceId: '10b41dcd238d',
  serviceUuid: '4fafc201-1fb5-459e-8fcc-c5c9c331914d',
  characteristicUuid: 'beb5483e-36e1-4688-b7f5-ea07361b26c2',
  value: '7b 22 74 79 70 65 22 3a 22 6f 74 61 22 2c 22 73 74 61 74 75 73 22 3a 22 70 72 6f 67 72 65 73 73 22 2c 22 72 65 63 65 69 76 65 64 22 3a 32 33 30 30 34 30 2c 22 74 6f 74 61 6c 22 3a 35 37 30 34 38 30 2c 22 70 65 72 63 65 6e 74 22 3a 34 30 7d'
}
Notification received: 7b 22 74 79 70 65 22 3a 22 6f 74 61 22 2c 22 73 74 61 74 75 73 22 3a 22 70 72 6f 67 72 65 73 73 22 2c 22 72 65 63 65 69 76 65 64 22 3a 32 33 30 35 38 30 2c 22 74 6f 74 61 6c 22 3a 35 37 30 34 38 30 2c 22 70 65 72 63 65 6e 74 22 3a 34 30 7d
[Main -> Renderer] ble:characteristicValueChanged: {
  deviceId: '10b41dcd238d',
  serviceUuid: '4fafc201-1fb5-459e-8fcc-c5c9c331914d',
  characteristicUuid: 'beb5483e-36e1-4688-b7f5-ea07361b26c2',
  value: '7b 22 74 79 70 65 22 3a 22 6f 74 61 22 2c 22 73 74 61 74 75 73 22 3a 22 70 72 6f 67 72 65 73 73 22 2c 22 72 65 63 65 69 76 65 64 22 3a 32 33 30 35 38 30 2c 22 74 6f 74 61 6c 22 3a 35 37 30 34 38 30 2c 22 70 65 72 63 65 6e 74 22 3a 34 30 7d'
}
Notification received: 7b 22 74 79 70 65 22 3a 22 6f 74 61 22 2c 22 73 74 61 74 75 73 22 3a 22 70 72 6f 67 72 65 73 73 22 2c 22 72 65 63 65 69 76 65 64 22 3a 32 33 30 39 34 30 2c 22 74 6f 74 61 6c 22 3a 35 37 30 34 38 30 2c 22 70 65 72 63 65 6e 74 22 3a 34 30 7d
[Main -> Renderer] ble:characteristicValueChanged: {
  deviceId: '10b41dcd238d',
  serviceUuid: '4fafc201-1fb5-459e-8fcc-c5c9c331914d',
  characteristicUuid: 'beb5483e-36e1-4688-b7f5-ea07361b26c2',
  value: '7b 22 74 79 70 65 22 3a 22 6f 74 61 22 2c 22 73 74 61 74 75 73 22 3a 22 70 72 6f 67 72 65 73 73 22 2c 22 72 65 63 65 69 76 65 64 22 3a 32 33 30 39 34 30 2c 22 74 6f 74 61 6c 22 3a 35 37 30 34 38 30 2c 22 70 65 72 63 65 6e 74 22 3a 34 30 7d'
}
Notification received: 7b 22 74 79 70 65 22 3a 22 6f 74 61 22 2c 22 73 74 61 74 75 73 22 3a 22 70 72 6f 67 72 65 73 73 22 2c 22 72 65 63 65 69 76 65 64 22 3a 32 33 31 33 30 30 2c 22 74 6f 74 61 6c 22 3a 35 37 30 34 38 30 2c 22 70 65 72 63 65 6e 74 22 3a 34 30 7d
[Main -> Renderer] ble:characteristicValueChanged: {
  deviceId: '10b41dcd238d',
  serviceUuid: '4fafc201-1fb5-459e-8fcc-c5c9c331914d',
  characteristicUuid: 'beb5483e-36e1-4688-b7f5-ea07361b26c2',
  value: '7b 22 74 79 70 65 22 3a 22 6f 74 61 22 2c 22 73 74 61 74 75 73 22 3a 22 70 72 6f 67 72 65 73 73 22 2c 22 72 65 63 65 69 76 65 64 22 3a 32 33 31 33 30 30 2c 22 74 6f 74 61 6c 22 3a 35 37 30 34 38 30 2c 22 70 65 72 63 65 6e 74 22 3a 34 30 7d'
}
Notification received: 7b 22 74 79 70 65 22 3a 22 6f 74 61 22 2c 22 73 74 61 74 75 73 22 3a 22 70 72 6f 67 72 65 73 73 22 2c 22 72 65 63 65 69 76 65 64 22 3a 32 33 31 36 36 30 2c 22 74 6f 74 61 6c 22 3a 35 37 30 34 38 30 2c 22 70 65 72 63 65 6e 74 22 3a 34 30 7d
[Main -> Renderer] ble:characteristicValueChanged: {
  deviceId: '10b41dcd238d',
  serviceUuid: '4fafc201-1fb5-459e-8fcc-c5c9c331914d',
  characteristicUuid: 'beb5483e-36e1-4688-b7f5-ea07361b26c2',
  value: '7b 22 74 79 70 65 22 3a 22 6f 74 61 22 2c 22 73 74 61 74 75 73 22 3a 22 70 72 6f 67 72 65 73 73 22 2c 22 72 65 63 65 69 76 65 64 22 3a 32 33 31 36 36 30 2c 22 74 6f 74 61 6c 22 3a 35 37 30 34 38 30 2c 22 70 65 72 63 65 6e 74 22 3a 34 30 7d'
}
Notification received: 7b 22 74 79 70 65 22 3a 22 6f 74 61 22 2c 22 73 74 61 74 75 73 22 3a 22 70 72 6f 67 72 65 73 73 22 2c 22 72 65 63 65 69 76 65 64 22 3a 32 33 32 30 32 30 2c 22 74 6f 74 61 6c 22 3a 35 37 30 34 38 30 2c 22 70 65 72 63 65 6e 74 22 3a 34 30 7d
[Main -> Renderer] ble:characteristicValueChanged: {
  deviceId: '10b41dcd238d',
  serviceUuid: '4fafc201-1fb5-459e-8fcc-c5c9c331914d',
  characteristicUuid: 'beb5483e-36e1-4688-b7f5-ea07361b26c2',
  value: '7b 22 74 79 70 65 22 3a 22 6f 74 61 22 2c 22 73 74 61 74 75 73 22 3a 22 70 72 6f 67 72 65 73 73 22 2c 22 72 65 63 65 69 76 65 64 22 3a 32 33 32 30 32 30 2c 22 74 6f 74 61 6c 22 3a 35 37 30 34 38 30 2c 22 70 65 72 63 65 6e 74 22 3a 34 30 7d'
}
Notification received: 7b 22 74 79 70 65 22 3a 22 6f 74 61 22 2c 22 73 74 61 74 75 73 22 3a 22 70 72 6f 67 72 65 73 73 22 2c 22 72 65 63 65 69 76 65 64 22 3a 32 33 32 33 38 30 2c 22 74 6f 74 61 6c 22 3a 35 37 30 34 38 30 2c 22 70 65 72 63 65 6e 74 22 3a 34 30 7d
[Main -> Renderer] ble:characteristicValueChanged: {
  deviceId: '10b41dcd238d',
  serviceUuid: '4fafc201-1fb5-459e-8fcc-c5c9c331914d',
  characteristicUuid: 'beb5483e-36e1-4688-b7f5-ea07361b26c2',
  value: '7b 22 74 79 70 65 22 3a 22 6f 74 61 22 2c 22 73 74 61 74 75 73 22 3a 22 70 72 6f 67 72 65 73 73 22 2c 22 72 65 63 65 69 76 65 64 22 3a 32 33 32 33 38 30 2c 22 74 6f 74 61 6c 22 3a 35 37 30 34 38 30 2c 22 70 65 72 63 65 6e 74 22 3a 34 30 7d'
}
Notification received: 7b 22 74 79 70 65 22 3a 22 6f 74 61 22 2c 22 73 74 61 74 75 73 22 3a 22 70 72 6f 67 72 65 73 73 22 2c 22 72 65 63 65 69 76 65 64 22 3a 32 33 32 39 32 30 2c 22 74 6f 74 61 6c 22 3a 35 37 30 34 38 30 2c 22 70 65 72 63 65 6e 74 22 3a 34 30 7d
[Main -> Renderer] ble:characteristicValueChanged: {
  deviceId: '10b41dcd238d',
  serviceUuid: '4fafc201-1fb5-459e-8fcc-c5c9c331914d',
  characteristicUuid: 'beb5483e-36e1-4688-b7f5-ea07361b26c2',
  value: '7b 22 74 79 70 65 22 3a 22 6f 74 61 22 2c 22 73 74 61 74 75 73 22 3a 22 70 72 6f 67 72 65 73 73 22 2c 22 72 65 63 65 69 76 65 64 22 3a 32 33 32 39 32 30 2c 22 74 6f 74 61 6c 22 3a 35 37 30 34 38 30 2c 22 70 65 72 63 65 6e 74 22 3a 34 30 7d'
}
Notification received: 7b 22 74 79 70 65 22 3a 22 6f 74 61 22 2c 22 73 74 61 74 75 73 22 3a 22 70 72 6f 67 72 65 73 73 22 2c 22 72 65 63 65 69 76 65 64 22 3a 32 33 33 32 38 30 2c 22 74 6f 74 61 6c 22 3a 35 37 30 34 38 30 2c 22 70 65 72 63 65 6e 74 22 3a 34 30 7d
[Main -> Renderer] ble:characteristicValueChanged: {
  deviceId: '10b41dcd238d',
  serviceUuid: '4fafc201-1fb5-459e-8fcc-c5c9c331914d',
  characteristicUuid: 'beb5483e-36e1-4688-b7f5-ea07361b26c2',
  value: '7b 22 74 79 70 65 22 3a 22 6f 74 61 22 2c 22 73 74 61 74 75 73 22 3a 22 70 72 6f 67 72 65 73 73 22 2c 22 72 65 63 65 69 76 65 64 22 3a 32 33 33 32 38 30 2c 22 74 6f 74 61 6c 22 3a 35 37 30 34 38 30 2c 22 70 65 72 63 65 6e 74 22 3a 34 30 7d'
}
Notification received: 7b 22 74 79 70 65 22 3a 22 6f 74 61 22 2c 22 73 74 61 74 75 73 22 3a 22 70 72 6f 67 72 65 73 73 22 2c 22 72 65 63 65 69 76 65 64 22 3a 32 33 33 38 32 30 2c 22 74 6f 74 61 6c 22 3a 35 37 30 34 38 30 2c 22 70 65 72 63 65 6e 74 22 3a 34 30 7d
[Main -> Renderer] ble:characteristicValueChanged: {
  deviceId: '10b41dcd238d',
  serviceUuid: '4fafc201-1fb5-459e-8fcc-c5c9c331914d',
  characteristicUuid: 'beb5483e-36e1-4688-b7f5-ea07361b26c2',
  value: '7b 22 74 79 70 65 22 3a 22 6f 74 61 22 2c 22 73 74 61 74 75 73 22 3a 22 70 72 6f 67 72 65 73 73 22 2c 22 72 65 63 65 69 76 65 64 22 3a 32 33 33 38 32 30 2c 22 74 6f 74 61 6c 22 3a 35 37 30 34 38 30 2c 22 70 65 72 63 65 6e 74 22 3a 34 30 7d'
}
Notification received: 7b 22 74 79 70 65 22 3a 22 6f 74 61 22 2c 22 73 74 61 74 75 73 22 3a 22 70 72 6f 67 72 65 73 73 22 2c 22 72 65 63 65 69 76 65 64 22 3a 32 33 34 31 38 30 2c 22 74 6f 74 61 6c 22 3a 35 37 30 34 38 30 2c 22 70 65 72 63 65 6e 74 22 3a 34 31 7d
[Main -> Renderer] ble:characteristicValueChanged: {
  deviceId: '10b41dcd238d',
  serviceUuid: '4fafc201-1fb5-459e-8fcc-c5c9c331914d',
  characteristicUuid: 'beb5483e-36e1-4688-b7f5-ea07361b26c2',
  value: '7b 22 74 79 70 65 22 3a 22 6f 74 61 22 2c 22 73 74 61 74 75 73 22 3a 22 70 72 6f 67 72 65 73 73 22 2c 22 72 65 63 65 69 76 65 64 22 3a 32 33 34 31 38 30 2c 22 74 6f 74 61 6c 22 3a 35 37 30 34 38 30 2c 22 70 65 72 63 65 6e 74 22 3a 34 31 7d'
}
Notification received: 7b 22 74 79 70 65 22 3a 22 6f 74 61 22 2c 22 73 74 61 74 75 73 22 3a 22 70 72 6f 67 72 65 73 73 22 2c 22 72 65 63 65 69 76 65 64 22 3a 32 33 34 35 34 30 2c 22 74 6f 74 61 6c 22 3a 35 37 30 34 38 30 2c 22 70 65 72 63 65 6e 74 22 3a 34 31 7d
[Main -> Renderer] ble:characteristicValueChanged: {
  deviceId: '10b41dcd238d',
  serviceUuid: '4fafc201-1fb5-459e-8fcc-c5c9c331914d',
  characteristicUuid: 'beb5483e-36e1-4688-b7f5-ea07361b26c2',
  value: '7b 22 74 79 70 65 22 3a 22 6f 74 61 22 2c 22 73 74 61 74 75 73 22 3a 22 70 72 6f 67 72 65 73 73 22 2c 22 72 65 63 65 69 76 65 64 22 3a 32 33 34 35 34 30 2c 22 74 6f 74 61 6c 22 3a 35 37 30 34 38 30 2c 22 70 65 72 63 65 6e 74 22 3a 34 31 7d'
}
Notification received: 7b 22 74 79 70 65 22 3a 22 6f 74 61 22 2c 22 73 74 61 74 75 73 22 3a 22 70 72 6f 67 72 65 73 73 22 2c 22 72 65 63 65 69 76 65 64 22 3a 32 33 34 39 30 30 2c 22 74 6f 74 61 6c 22 3a 35 37 30 34 38 30 2c 22 70 65 72 63 65 6e 74 22 3a 34 31 7d
[Main -> Renderer] ble:characteristicValueChanged: {
  deviceId: '10b41dcd238d',
  serviceUuid: '4fafc201-1fb5-459e-8fcc-c5c9c331914d',
  characteristicUuid: 'beb5483e-36e1-4688-b7f5-ea07361b26c2',
  value: '7b 22 74 79 70 65 22 3a 22 6f 74 61 22 2c 22 73 74 61 74 75 73 22 3a 22 70 72 6f 67 72 65 73 73 22 2c 22 72 65 63 65 69 76 65 64 22 3a 32 33 34 39 30 30 2c 22 74 6f 74 61 6c 22 3a 35 37 30 34 38 30 2c 22 70 65 72 63 65 6e 74 22 3a 34 31 7d'
}
Notification received: 7b 22 74 79 70 65 22 3a 22 6f 74 61 22 2c 22 73 74 61 74 75 73 22 3a 22 70 72 6f 67 72 65 73 73 22 2c 22 72 65 63 65 69 76 65 64 22 3a 32 33 35 32 36 30 2c 22 74 6f 74 61 6c 22 3a 35 37 30 34 38 30 2c 22 70 65 72 63 65 6e 74 22 3a 34 31 7d
[Main -> Renderer] ble:characteristicValueChanged: {
  deviceId: '10b41dcd238d',
  serviceUuid: '4fafc201-1fb5-459e-8fcc-c5c9c331914d',
  characteristicUuid: 'beb5483e-36e1-4688-b7f5-ea07361b26c2',
  value: '7b 22 74 79 70 65 22 3a 22 6f 74 61 22 2c 22 73 74 61 74 75 73 22 3a 22 70 72 6f 67 72 65 73 73 22 2c 22 72 65 63 65 69 76 65 64 22 3a 32 33 35 32 36 30 2c 22 74 6f 74 61 6c 22 3a 35 37 30 34 38 30 2c 22 70 65 72 63 65 6e 74 22 3a 34 31 7d'
}
Notification received: 7b 22 74 79 70 65 22 3a 22 6f 74 61 22 2c 22 73 74 61 74 75 73 22 3a 22 70 72 6f 67 72 65 73 73 22 2c 22 72 65 63 65 69 76 65 64 22 3a 32 33 35 36 32 30 2c 22 74 6f 74 61 6c 22 3a 35 37 30 34 38 30 2c 22 70 65 72 63 65 6e 74 22 3a 34 31 7d
[Main -> Renderer] ble:characteristicValueChanged: {
  deviceId: '10b41dcd238d',
  serviceUuid: '4fafc201-1fb5-459e-8fcc-c5c9c331914d',
  characteristicUuid: 'beb5483e-36e1-4688-b7f5-ea07361b26c2',
  value: '7b 22 74 79 70 65 22 3a 22 6f 74 61 22 2c 22 73 74 61 74 75 73 22 3a 22 70 72 6f 67 72 65 73 73 22 2c 22 72 65 63 65 69 76 65 64 22 3a 32 33 35 36 32 30 2c 22 74 6f 74 61 6c 22 3a 35 37 30 34 38 30 2c 22 70 65 72 63 65 6e 74 22 3a 34 31 7d'
}
Notification received: 7b 22 74 79 70 65 22 3a 22 6f 74 61 22 2c 22 73 74 61 74 75 73 22 3a 22 70 72 6f 67 72 65 73 73 22 2c 22 72 65 63 65 69 76 65 64 22 3a 32 33 35 39 38 30 2c 22 74 6f 74 61 6c 22 3a 35 37 30 34 38 30 2c 22 70 65 72 63 65 6e 74 22 3a 34 31 7d
[Main -> Renderer] ble:characteristicValueChanged: {
  deviceId: '10b41dcd238d',
  serviceUuid: '4fafc201-1fb5-459e-8fcc-c5c9c331914d',
  characteristicUuid: 'beb5483e-36e1-4688-b7f5-ea07361b26c2',
  value: '7b 22 74 79 70 65 22 3a 22 6f 74 61 22 2c 22 73 74 61 74 75 73 22 3a 22 70 72 6f 67 72 65 73 73 22 2c 22 72 65 63 65 69 76 65 64 22 3a 32 33 35 39 38 30 2c 22 74 6f 74 61 6c 22 3a 35 37 30 34 38 30 2c 22 70 65 72 63 65 6e 74 22 3a 34 31 7d'
}
Notification received: 7b 22 74 79 70 65 22 3a 22 6f 74 61 22 2c 22 73 74 61 74 75 73 22 3a 22 70 72 6f 67 72 65 73 73 22 2c 22 72 65 63 65 69 76 65 64 22 3a 32 33 36 33 34 30 2c 22 74 6f 74 61 6c 22 3a 35 37 30 34 38 30 2c 22 70 65 72 63 65 6e 74 22 3a 34 31 7d
[Main -> Renderer] ble:characteristicValueChanged: {
  deviceId: '10b41dcd238d',
  serviceUuid: '4fafc201-1fb5-459e-8fcc-c5c9c331914d',
  characteristicUuid: 'beb5483e-36e1-4688-b7f5-ea07361b26c2',
  value: '7b 22 74 79 70 65 22 3a 22 6f 74 61 22 2c 22 73 74 61 74 75 73 22 3a 22 70 72 6f 67 72 65 73 73 22 2c 22 72 65 63 65 69 76 65 64 22 3a 32 33 36 33 34 30 2c 22 74 6f 74 61 6c 22 3a 35 37 30 34 38 30 2c 22 70 65 72 63 65 6e 74 22 3a 34 31 7d'
}
Notification received: 7b 22 74 79 70 65 22 3a 22 6f 74 61 22 2c 22 73 74 61 74 75 73 22 3a 22 70 72 6f 67 72 65 73 73 22 2c 22 72 65 63 65 69 76 65 64 22 3a 32 33 36 38 38 30 2c 22 74 6f 74 61 6c 22 3a 35 37 30 34 38 30 2c 22 70 65 72 63 65 6e 74 22 3a 34 31 7d
[Main -> Renderer] ble:characteristicValueChanged: {
  deviceId: '10b41dcd238d',
  serviceUuid: '4fafc201-1fb5-459e-8fcc-c5c9c331914d',
  characteristicUuid: 'beb5483e-36e1-4688-b7f5-ea07361b26c2',
  value: '7b 22 74 79 70 65 22 3a 22 6f 74 61 22 2c 22 73 74 61 74 75 73 22 3a 22 70 72 6f 67 72 65 73 73 22 2c 22 72 65 63 65 69 76 65 64 22 3a 32 33 36 38 38 30 2c 22 74 6f 74 61 6c 22 3a 35 37 30 34 38 30 2c 22 70 65 72 63 65 6e 74 22 3a 34 31 7d'
}
Notification received: 7b 22 74 79 70 65 22 3a 22 6f 74 61 22 2c 22 73 74 61 74 75 73 22 3a 22 70 72 6f 67 72 65 73 73 22 2c 22 72 65 63 65 69 76 65 64 22 3a 32 33 37 34 32 30 2c 22 74 6f 74 61 6c 22 3a 35 37 30 34 38 30 2c 22 70 65 72 63 65 6e 74 22 3a 34 31 7d
[Main -> Renderer] ble:characteristicValueChanged: {
  deviceId: '10b41dcd238d',
  serviceUuid: '4fafc201-1fb5-459e-8fcc-c5c9c331914d',
  characteristicUuid: 'beb5483e-36e1-4688-b7f5-ea07361b26c2',
  value: '7b 22 74 79 70 65 22 3a 22 6f 74 61 22 2c 22 73 74 61 74 75 73 22 3a 22 70 72 6f 67 72 65 73 73 22 2c 22 72 65 63 65 69 76 65 64 22 3a 32 33 37 34 32 30 2c 22 74 6f 74 61 6c 22 3a 35 37 30 34 38 30 2c 22 70 65 72 63 65 6e 74 22 3a 34 31 7d'
}
Notification received: 7b 22 74 79 70 65 22 3a 22 6f 74 61 22 2c 22 73 74 61 74 75 73 22 3a 22 70 72 6f 67 72 65 73 73 22 2c 22 72 65 63 65 69 76 65 64 22 3a 32 33 37 39 36 30 2c 22 74 6f 74 61 6c 22 3a 35 37 30 34 38 30 2c 22 70 65 72 63 65 6e 74 22 3a 34 31 7d
[Main -> Renderer] ble:characteristicValueChanged: {
  deviceId: '10b41dcd238d',
  serviceUuid: '4fafc201-1fb5-459e-8fcc-c5c9c331914d',
  characteristicUuid: 'beb5483e-36e1-4688-b7f5-ea07361b26c2',
  value: '7b 22 74 79 70 65 22 3a 22 6f 74 61 22 2c 22 73 74 61 74 75 73 22 3a 22 70 72 6f 67 72 65 73 73 22 2c 22 72 65 63 65 69 76 65 64 22 3a 32 33 37 39 36 30 2c 22 74 6f 74 61 6c 22 3a 35 37 30 34 38 30 2c 22 70 65 72 63 65 6e 74 22 3a 34 31 7d'
}
Notification received: 7b 22 74 79 70 65 22 3a 22 6f 74 61 22 2c 22 73 74 61 74 75 73 22 3a 22 70 72 6f 67 72 65 73 73 22 2c 22 72 65 63 65 69 76 65 64 22 3a 32 33 38 33 32 30 2c 22 74 6f 74 61 6c 22 3a 35 37 30 34 38 30 2c 22 70 65 72 63 65 6e 74 22 3a 34 31 7d
[Main -> Renderer] ble:characteristicValueChanged: {
  deviceId: '10b41dcd238d',
  serviceUuid: '4fafc201-1fb5-459e-8fcc-c5c9c331914d',
  characteristicUuid: 'beb5483e-36e1-4688-b7f5-ea07361b26c2',
  value: '7b 22 74 79 70 65 22 3a 22 6f 74 61 22 2c 22 73 74 61 74 75 73 22 3a 22 70 72 6f 67 72 65 73 73 22 2c 22 72 65 63 65 69 76 65 64 22 3a 32 33 38 33 32 30 2c 22 74 6f 74 61 6c 22 3a 35 37 30 34 38 30 2c 22 70 65 72 63 65 6e 74 22 3a 34 31 7d'
}
Notification received: 7b 22 74 79 70 65 22 3a 22 6f 74 61 22 2c 22 73 74 61 74 75 73 22 3a 22 70 72 6f 67 72 65 73 73 22 2c 22 72 65 63 65 69 76 65 64 22 3a 32 33 38 36 38 30 2c 22 74 6f 74 61 6c 22 3a 35 37 30 34 38 30 2c 22 70 65 72 63 65 6e 74 22 3a 34 31 7d
[Main -> Renderer] ble:characteristicValueChanged: {
  deviceId: '10b41dcd238d',
  serviceUuid: '4fafc201-1fb5-459e-8fcc-c5c9c331914d',
  characteristicUuid: 'beb5483e-36e1-4688-b7f5-ea07361b26c2',
  value: '7b 22 74 79 70 65 22 3a 22 6f 74 61 22 2c 22 73 74 61 74 75 73 22 3a 22 70 72 6f 67 72 65 73 73 22 2c 22 72 65 63 65 69 76 65 64 22 3a 32 33 38 36 38 30 2c 22 74 6f 74 61 6c 22 3a 35 37 30 34 38 30 2c 22 70 65 72 63 65 6e 74 22 3a 34 31 7d'
}
Notification received: 7b 22 74 79 70 65 22 3a 22 6f 74 61 22 2c 22 73 74 61 74 75 73 22 3a 22 70 72 6f 67 72 65 73 73 22 2c 22 72 65 63 65 69 76 65 64 22 3a 32 33 39 30 34 30 2c 22 74 6f 74 61 6c 22 3a 35 37 30 34 38 30 2c 22 70 65 72 63 65 6e 74 22 3a 34 31 7d
[Main -> Renderer] ble:characteristicValueChanged: {
  deviceId: '10b41dcd238d',
  serviceUuid: '4fafc201-1fb5-459e-8fcc-c5c9c331914d',
  characteristicUuid: 'beb5483e-36e1-4688-b7f5-ea07361b26c2',
  value: '7b 22 74 79 70 65 22 3a 22 6f 74 61 22 2c 22 73 74 61 74 75 73 22 3a 22 70 72 6f 67 72 65 73 73 22 2c 22 72 65 63 65 69 76 65 64 22 3a 32 33 39 30 34 30 2c 22 74 6f 74 61 6c 22 3a 35 37 30 34 38 30 2c 22 70 65 72 63 65 6e 74 22 3a 34 31 7d'
}
Notification received: 7b 22 74 79 70 65 22 3a 22 6f 74 61 22 2c 22 73 74 61 74 75 73 22 3a 22 70 72 6f 67 72 65 73 73 22 2c 22 72 65 63 65 69 76 65 64 22 3a 32 33 39 35 38 30 2c 22 74 6f 74 61 6c 22 3a 35 37 30 34 38 30 2c 22 70 65 72 63 65 6e 74 22 3a 34 31 7d
[Main -> Renderer] ble:characteristicValueChanged: {
  deviceId: '10b41dcd238d',
  serviceUuid: '4fafc201-1fb5-459e-8fcc-c5c9c331914d',
  characteristicUuid: 'beb5483e-36e1-4688-b7f5-ea07361b26c2',
  value: '7b 22 74 79 70 65 22 3a 22 6f 74 61 22 2c 22 73 74 61 74 75 73 22 3a 22 70 72 6f 67 72 65 73 73 22 2c 22 72 65 63 65 69 76 65 64 22 3a 32 33 39 35 38 30 2c 22 74 6f 74 61 6c 22 3a 35 37 30 34 38 30 2c 22 70 65 72 63 65 6e 74 22 3a 34 31 7d'
}
Notification received: 7b 22 74 79 70 65 22 3a 22 6f 74 61 22 2c 22 73 74 61 74 75 73 22 3a 22 70 72 6f 67 72 65 73 73 22 2c 22 72 65 63 65 69 76 65 64 22 3a 32 33 39 39 34 30 2c 22 74 6f 74 61 6c 22 3a 35 37 30 34 38 30 2c 22 70 65 72 63 65 6e 74 22 3a 34 32 7d
[Main -> Renderer] ble:characteristicValueChanged: {
  deviceId: '10b41dcd238d',
  serviceUuid: '4fafc201-1fb5-459e-8fcc-c5c9c331914d',
  characteristicUuid: 'beb5483e-36e1-4688-b7f5-ea07361b26c2',
  value: '7b 22 74 79 70 65 22 3a 22 6f 74 61 22 2c 22 73 74 61 74 75 73 22 3a 22 70 72 6f 67 72 65 73 73 22 2c 22 72 65 63 65 69 76 65 64 22 3a 32 33 39 39 34 30 2c 22 74 6f 74 61 6c 22 3a 35 37 30 34 38 30 2c 22 70 65 72 63 65 6e 74 22 3a 34 32 7d'
}
Notification received: 7b 22 74 79 70 65 22 3a 22 6f 74 61 22 2c 22 73 74 61 74 75 73 22 3a 22 70 72 6f 67 72 65 73 73 22 2c 22 72 65 63 65 69 76 65 64 22 3a 32 34 30 33 30 30 2c 22 74 6f 74 61 6c 22 3a 35 37 30 34 38 30 2c 22 70 65 72 63 65 6e 74 22 3a 34 32 7d
[Main -> Renderer] ble:characteristicValueChanged: {
  deviceId: '10b41dcd238d',
  serviceUuid: '4fafc201-1fb5-459e-8fcc-c5c9c331914d',
  characteristicUuid: 'beb5483e-36e1-4688-b7f5-ea07361b26c2',
  value: '7b 22 74 79 70 65 22 3a 22 6f 74 61 22 2c 22 73 74 61 74 75 73 22 3a 22 70 72 6f 67 72 65 73 73 22 2c 22 72 65 63 65 69 76 65 64 22 3a 32 34 30 33 30 30 2c 22 74 6f 74 61 6c 22 3a 35 37 30 34 38 30 2c 22 70 65 72 63 65 6e 74 22 3a 34 32 7d'
}
Notification received: 7b 22 74 79 70 65 22 3a 22 6f 74 61 22 2c 22 73 74 61 74 75 73 22 3a 22 70 72 6f 67 72 65 73 73 22 2c 22 72 65 63 65 69 76 65 64 22 3a 32 34 30 36 36 30 2c 22 74 6f 74 61 6c 22 3a 35 37 30 34 38 30 2c 22 70 65 72 63 65 6e 74 22 3a 34 32 7d
[Main -> Renderer] ble:characteristicValueChanged: {
  deviceId: '10b41dcd238d',
  serviceUuid: '4fafc201-1fb5-459e-8fcc-c5c9c331914d',
  characteristicUuid: 'beb5483e-36e1-4688-b7f5-ea07361b26c2',
  value: '7b 22 74 79 70 65 22 3a 22 6f 74 61 22 2c 22 73 74 61 74 75 73 22 3a 22 70 72 6f 67 72 65 73 73 22 2c 22 72 65 63 65 69 76 65 64 22 3a 32 34 30 36 36 30 2c 22 74 6f 74 61 6c 22 3a 35 37 30 34 38 30 2c 22 70 65 72 63 65 6e 74 22 3a 34 32 7d'
}
Notification received: 7b 22 74 79 70 65 22 3a 22 6f 74 61 22 2c 22 73 74 61 74 75 73 22 3a 22 70 72 6f 67 72 65 73 73 22 2c 22 72 65 63 65 69 76 65 64 22 3a 32 34 31 30 32 30 2c 22 74 6f 74 61 6c 22 3a 35 37 30 34 38 30 2c 22 70 65 72 63 65 6e 74 22 3a 34 32 7d
[Main -> Renderer] ble:characteristicValueChanged: {
  deviceId: '10b41dcd238d',
  serviceUuid: '4fafc201-1fb5-459e-8fcc-c5c9c331914d',
  characteristicUuid: 'beb5483e-36e1-4688-b7f5-ea07361b26c2',
  value: '7b 22 74 79 70 65 22 3a 22 6f 74 61 22 2c 22 73 74 61 74 75 73 22 3a 22 70 72 6f 67 72 65 73 73 22 2c 22 72 65 63 65 69 76 65 64 22 3a 32 34 31 30 32 30 2c 22 74 6f 74 61 6c 22 3a 35 37 30 34 38 30 2c 22 70 65 72 63 65 6e 74 22 3a 34 32 7d'
}
Notification received: 7b 22 74 79 70 65 22 3a 22 6f 74 61 22 2c 22 73 74 61 74 75 73 22 3a 22 70 72 6f 67 72 65 73 73 22 2c 22 72 65 63 65 69 76 65 64 22 3a 32 34 31 33 38 30 2c 22 74 6f 74 61 6c 22 3a 35 37 30 34 38 30 2c 22 70 65 72 63 65 6e 74 22 3a 34 32 7d
[Main -> Renderer] ble:characteristicValueChanged: {
  deviceId: '10b41dcd238d',
  serviceUuid: '4fafc201-1fb5-459e-8fcc-c5c9c331914d',
  characteristicUuid: 'beb5483e-36e1-4688-b7f5-ea07361b26c2',
  value: '7b 22 74 79 70 65 22 3a 22 6f 74 61 22 2c 22 73 74 61 74 75 73 22 3a 22 70 72 6f 67 72 65 73 73 22 2c 22 72 65 63 65 69 76 65 64 22 3a 32 34 31 33 38 30 2c 22 74 6f 74 61 6c 22 3a 35 37 30 34 38 30 2c 22 70 65 72 63 65 6e 74 22 3a 34 32 7d'
}
Notification received: 7b 22 74 79 70 65 22 3a 22 6f 74 61 22 2c 22 73 74 61 74 75 73 22 3a 22 70 72 6f 67 72 65 73 73 22 2c 22 72 65 63 65 69 76 65 64 22 3a 32 34 31 37 34 30 2c 22 74 6f 74 61 6c 22 3a 35 37 30 34 38 30 2c 22 70 65 72 63 65 6e 74 22 3a 34 32 7d
[Main -> Renderer] ble:characteristicValueChanged: {
  deviceId: '10b41dcd238d',
  serviceUuid: '4fafc201-1fb5-459e-8fcc-c5c9c331914d',
  characteristicUuid: 'beb5483e-36e1-4688-b7f5-ea07361b26c2',
  value: '7b 22 74 79 70 65 22 3a 22 6f 74 61 22 2c 22 73 74 61 74 75 73 22 3a 22 70 72 6f 67 72 65 73 73 22 2c 22 72 65 63 65 69 76 65 64 22 3a 32 34 31 37 34 30 2c 22 74 6f 74 61 6c 22 3a 35 37 30 34 38 30 2c 22 70 65 72 63 65 6e 74 22 3a 34 32 7d'
}
Notification received: 7b 22 74 79 70 65 22 3a 22 6f 74 61 22 2c 22 73 74 61 74 75 73 22 3a 22 70 72 6f 67 72 65 73 73 22 2c 22 72 65 63 65 69 76 65 64 22 3a 32 34 32 32 38 30 2c 22 74 6f 74 61 6c 22 3a 35 37 30 34 38 30 2c 22 70 65 72 63 65 6e 74 22 3a 34 32 7d
[Main -> Renderer] ble:characteristicValueChanged: {
  deviceId: '10b41dcd238d',
  serviceUuid: '4fafc201-1fb5-459e-8fcc-c5c9c331914d',
  characteristicUuid: 'beb5483e-36e1-4688-b7f5-ea07361b26c2',
  value: '7b 22 74 79 70 65 22 3a 22 6f 74 61 22 2c 22 73 74 61 74 75 73 22 3a 22 70 72 6f 67 72 65 73 73 22 2c 22 72 65 63 65 69 76 65 64 22 3a 32 34 32 32 38 30 2c 22 74 6f 74 61 6c 22 3a 35 37 30 34 38 30 2c 22 70 65 72 63 65 6e 74 22 3a 34 32 7d'
}
Notification received: 7b 22 74 79 70 65 22 3a 22 6f 74 61 22 2c 22 73 74 61 74 75 73 22 3a 22 70 72 6f 67 72 65 73 73 22 2c 22 72 65 63 65 69 76 65 64 22 3a 32 34 32 38 32 30 2c 22 74 6f 74 61 6c 22 3a 35 37 30 34 38 30 2c 22 70 65 72 63 65 6e 74 22 3a 34 32 7d
[Main -> Renderer] ble:characteristicValueChanged: {
  deviceId: '10b41dcd238d',
  serviceUuid: '4fafc201-1fb5-459e-8fcc-c5c9c331914d',
  characteristicUuid: 'beb5483e-36e1-4688-b7f5-ea07361b26c2',
  value: '7b 22 74 79 70 65 22 3a 22 6f 74 61 22 2c 22 73 74 61 74 75 73 22 3a 22 70 72 6f 67 72 65 73 73 22 2c 22 72 65 63 65 69 76 65 64 22 3a 32 34 32 38 32 30 2c 22 74 6f 74 61 6c 22 3a 35 37 30 34 38 30 2c 22 70 65 72 63 65 6e 74 22 3a 34 32 7d'
}
Notification received: 7b 22 74 79 70 65 22 3a 22 6f 74 61 22 2c 22 73 74 61 74 75 73 22 3a 22 70 72 6f 67 72 65 73 73 22 2c 22 72 65 63 65 69 76 65 64 22 3a 32 34 33 31 38 30 2c 22 74 6f 74 61 6c 22 3a 35 37 30 34 38 30 2c 22 70 65 72 63 65 6e 74 22 3a 34 32 7d
[Main -> Renderer] ble:characteristicValueChanged: {
  deviceId: '10b41dcd238d',
  serviceUuid: '4fafc201-1fb5-459e-8fcc-c5c9c331914d',
  characteristicUuid: 'beb5483e-36e1-4688-b7f5-ea07361b26c2',
  value: '7b 22 74 79 70 65 22 3a 22 6f 74 61 22 2c 22 73 74 61 74 75 73 22 3a 22 70 72 6f 67 72 65 73 73 22 2c 22 72 65 63 65 69 76 65 64 22 3a 32 34 33 31 38 30 2c 22 74 6f 74 61 6c 22 3a 35 37 30 34 38 30 2c 22 70 65 72 63 65 6e 74 22 3a 34 32 7d'
}
Notification received: 7b 22 74 79 70 65 22 3a 22 6f 74 61 22 2c 22 73 74 61 74 75 73 22 3a 22 70 72 6f 67 72 65 73 73 22 2c 22 72 65 63 65 69 76 65 64 22 3a 32 34 33 35 34 30 2c 22 74 6f 74 61 6c 22 3a 35 37 30 34 38 30 2c 22 70 65 72 63 65 6e 74 22 3a 34 32 7d
[Main -> Renderer] ble:characteristicValueChanged: {
  deviceId: '10b41dcd238d',
  serviceUuid: '4fafc201-1fb5-459e-8fcc-c5c9c331914d',
  characteristicUuid: 'beb5483e-36e1-4688-b7f5-ea07361b26c2',
  value: '7b 22 74 79 70 65 22 3a 22 6f 74 61 22 2c 22 73 74 61 74 75 73 22 3a 22 70 72 6f 67 72 65 73 73 22 2c 22 72 65 63 65 69 76 65 64 22 3a 32 34 33 35 34 30 2c 22 74 6f 74 61 6c 22 3a 35 37 30 34 38 30 2c 22 70 65 72 63 65 6e 74 22 3a 34 32 7d'
}
Notification received: 7b 22 74 79 70 65 22 3a 22 6f 74 61 22 2c 22 73 74 61 74 75 73 22 3a 22 70 72 6f 67 72 65 73 73 22 2c 22 72 65 63 65 69 76 65 64 22 3a 32 34 33 39 30 30 2c 22 74 6f 74 61 6c 22 3a 35 37 30 34 38 30 2c 22 70 65 72 63 65 6e 74 22 3a 34 32 7d
[Main -> Renderer] ble:characteristicValueChanged: {
  deviceId: '10b41dcd238d',
  serviceUuid: '4fafc201-1fb5-459e-8fcc-c5c9c331914d',
  characteristicUuid: 'beb5483e-36e1-4688-b7f5-ea07361b26c2',
  value: '7b 22 74 79 70 65 22 3a 22 6f 74 61 22 2c 22 73 74 61 74 75 73 22 3a 22 70 72 6f 67 72 65 73 73 22 2c 22 72 65 63 65 69 76 65 64 22 3a 32 34 33 39 30 30 2c 22 74 6f 74 61 6c 22 3a 35 37 30 34 38 30 2c 22 70 65 72 63 65 6e 74 22 3a 34 32 7d'
}
Notification received: 7b 22 74 79 70 65 22 3a 22 6f 74 61 22 2c 22 73 74 61 74 75 73 22 3a 22 70 72 6f 67 72 65 73 73 22 2c 22 72 65 63 65 69 76 65 64 22 3a 32 34 34 34 34 30 2c 22 74 6f 74 61 6c 22 3a 35 37 30 34 38 30 2c 22 70 65 72 63 65 6e 74 22 3a 34 32 7d
[Main -> Renderer] ble:characteristicValueChanged: {
  deviceId: '10b41dcd238d',
  serviceUuid: '4fafc201-1fb5-459e-8fcc-c5c9c331914d',
  characteristicUuid: 'beb5483e-36e1-4688-b7f5-ea07361b26c2',
  value: '7b 22 74 79 70 65 22 3a 22 6f 74 61 22 2c 22 73 74 61 74 75 73 22 3a 22 70 72 6f 67 72 65 73 73 22 2c 22 72 65 63 65 69 76 65 64 22 3a 32 34 34 34 34 30 2c 22 74 6f 74 61 6c 22 3a 35 37 30 34 38 30 2c 22 70 65 72 63 65 6e 74 22 3a 34 32 7d'
}
Notification received: 7b 22 74 79 70 65 22 3a 22 6f 74 61 22 2c 22 73 74 61 74 75 73 22 3a 22 70 72 6f 67 72 65 73 73 22 2c 22 72 65 63 65 69 76 65 64 22 3a 32 34 34 39 38 30 2c 22 74 6f 74 61 6c 22 3a 35 37 30 34 38 30 2c 22 70 65 72 63 65 6e 74 22 3a 34 32 7d
[Main -> Renderer] ble:characteristicValueChanged: {
  deviceId: '10b41dcd238d',
  serviceUuid: '4fafc201-1fb5-459e-8fcc-c5c9c331914d',
  characteristicUuid: 'beb5483e-36e1-4688-b7f5-ea07361b26c2',
  value: '7b 22 74 79 70 65 22 3a 22 6f 74 61 22 2c 22 73 74 61 74 75 73 22 3a 22 70 72 6f 67 72 65 73 73 22 2c 22 72 65 63 65 69 76 65 64 22 3a 32 34 34 39 38 30 2c 22 74 6f 74 61 6c 22 3a 35 37 30 34 38 30 2c 22 70 65 72 63 65 6e 74 22 3a 34 32 7d'
}
Notification received: 7b 22 74 79 70 65 22 3a 22 6f 74 61 22 2c 22 73 74 61 74 75 73 22 3a 22 70 72 6f 67 72 65 73 73 22 2c 22 72 65 63 65 69 76 65 64 22 3a 32 34 35 33 34 30 2c 22 74 6f 74 61 6c 22 3a 35 37 30 34 38 30 2c 22 70 65 72 63 65 6e 74 22 3a 34 33 7d
[Main -> Renderer] ble:characteristicValueChanged: {
  deviceId: '10b41dcd238d',
  serviceUuid: '4fafc201-1fb5-459e-8fcc-c5c9c331914d',
  characteristicUuid: 'beb5483e-36e1-4688-b7f5-ea07361b26c2',
  value: '7b 22 74 79 70 65 22 3a 22 6f 74 61 22 2c 22 73 74 61 74 75 73 22 3a 22 70 72 6f 67 72 65 73 73 22 2c 22 72 65 63 65 69 76 65 64 22 3a 32 34 35 33 34 30 2c 22 74 6f 74 61 6c 22 3a 35 37 30 34 38 30 2c 22 70 65 72 63 65 6e 74 22 3a 34 33 7d'
}
Notification received: 7b 22 74 79 70 65 22 3a 22 6f 74 61 22 2c 22 73 74 61 74 75 73 22 3a 22 70 72 6f 67 72 65 73 73 22 2c 22 72 65 63 65 69 76 65 64 22 3a 32 34 35 37 30 30 2c 22 74 6f 74 61 6c 22 3a 35 37 30 34 38 30 2c 22 70 65 72 63 65 6e 74 22 3a 34 33 7d
[Main -> Renderer] ble:characteristicValueChanged: {
  deviceId: '10b41dcd238d',
  serviceUuid: '4fafc201-1fb5-459e-8fcc-c5c9c331914d',
  characteristicUuid: 'beb5483e-36e1-4688-b7f5-ea07361b26c2',
  value: '7b 22 74 79 70 65 22 3a 22 6f 74 61 22 2c 22 73 74 61 74 75 73 22 3a 22 70 72 6f 67 72 65 73 73 22 2c 22 72 65 63 65 69 76 65 64 22 3a 32 34 35 37 30 30 2c 22 74 6f 74 61 6c 22 3a 35 37 30 34 38 30 2c 22 70 65 72 63 65 6e 74 22 3a 34 33 7d'
}
Notification received: 7b 22 74 79 70 65 22 3a 22 6f 74 61 22 2c 22 73 74 61 74 75 73 22 3a 22 70 72 6f 67 72 65 73 73 22 2c 22 72 65 63 65 69 76 65 64 22 3a 32 34 36 30 36 30 2c 22 74 6f 74 61 6c 22 3a 35 37 30 34 38 30 2c 22 70 65 72 63 65 6e 74 22 3a 34 33 7d
[Main -> Renderer] ble:characteristicValueChanged: {
  deviceId: '10b41dcd238d',
  serviceUuid: '4fafc201-1fb5-459e-8fcc-c5c9c331914d',
  characteristicUuid: 'beb5483e-36e1-4688-b7f5-ea07361b26c2',
  value: '7b 22 74 79 70 65 22 3a 22 6f 74 61 22 2c 22 73 74 61 74 75 73 22 3a 22 70 72 6f 67 72 65 73 73 22 2c 22 72 65 63 65 69 76 65 64 22 3a 32 34 36 30 36 30 2c 22 74 6f 74 61 6c 22 3a 35 37 30 34 38 30 2c 22 70 65 72 63 65 6e 74 22 3a 34 33 7d'
}
Notification received: 7b 22 74 79 70 65 22 3a 22 6f 74 61 22 2c 22 73 74 61 74 75 73 22 3a 22 70 72 6f 67 72 65 73 73 22 2c 22 72 65 63 65 69 76 65 64 22 3a 32 34 36 34 32 30 2c 22 74 6f 74 61 6c 22 3a 35 37 30 34 38 30 2c 22 70 65 72 63 65 6e 74 22 3a 34 33 7d
[Main -> Renderer] ble:characteristicValueChanged: {
  deviceId: '10b41dcd238d',
  serviceUuid: '4fafc201-1fb5-459e-8fcc-c5c9c331914d',
  characteristicUuid: 'beb5483e-36e1-4688-b7f5-ea07361b26c2',
  value: '7b 22 74 79 70 65 22 3a 22 6f 74 61 22 2c 22 73 74 61 74 75 73 22 3a 22 70 72 6f 67 72 65 73 73 22 2c 22 72 65 63 65 69 76 65 64 22 3a 32 34 36 34 32 30 2c 22 74 6f 74 61 6c 22 3a 35 37 30 34 38 30 2c 22 70 65 72 63 65 6e 74 22 3a 34 33 7d'
}
Notification received: 7b 22 74 79 70 65 22 3a 22 6f 74 61 22 2c 22 73 74 61 74 75 73 22 3a 22 70 72 6f 67 72 65 73 73 22 2c 22 72 65 63 65 69 76 65 64 22 3a 32 34 36 37 38 30 2c 22 74 6f 74 61 6c 22 3a 35 37 30 34 38 30 2c 22 70 65 72 63 65 6e 74 22 3a 34 33 7d
[Main -> Renderer] ble:characteristicValueChanged: {
  deviceId: '10b41dcd238d',
  serviceUuid: '4fafc201-1fb5-459e-8fcc-c5c9c331914d',
  characteristicUuid: 'beb5483e-36e1-4688-b7f5-ea07361b26c2',
  value: '7b 22 74 79 70 65 22 3a 22 6f 74 61 22 2c 22 73 74 61 74 75 73 22 3a 22 70 72 6f 67 72 65 73 73 22 2c 22 72 65 63 65 69 76 65 64 22 3a 32 34 36 37 38 30 2c 22 74 6f 74 61 6c 22 3a 35 37 30 34 38 30 2c 22 70 65 72 63 65 6e 74 22 3a 34 33 7d'
}
Notification received: 7b 22 74 79 70 65 22 3a 22 6f 74 61 22 2c 22 73 74 61 74 75 73 22 3a 22 70 72 6f 67 72 65 73 73 22 2c 22 72 65 63 65 69 76 65 64 22 3a 32 34 37 33 32 30 2c 22 74 6f 74 61 6c 22 3a 35 37 30 34 38 30 2c 22 70 65 72 63 65 6e 74 22 3a 34 33 7d
[Main -> Renderer] ble:characteristicValueChanged: {
  deviceId: '10b41dcd238d',
  serviceUuid: '4fafc201-1fb5-459e-8fcc-c5c9c331914d',
  characteristicUuid: 'beb5483e-36e1-4688-b7f5-ea07361b26c2',
  value: '7b 22 74 79 70 65 22 3a 22 6f 74 61 22 2c 22 73 74 61 74 75 73 22 3a 22 70 72 6f 67 72 65 73 73 22 2c 22 72 65 63 65 69 76 65 64 22 3a 32 34 37 33 32 30 2c 22 74 6f 74 61 6c 22 3a 35 37 30 34 38 30 2c 22 70 65 72 63 65 6e 74 22 3a 34 33 7d'
}
Notification received: 7b 22 74 79 70 65 22 3a 22 6f 74 61 22 2c 22 73 74 61 74 75 73 22 3a 22 70 72 6f 67 72 65 73 73 22 2c 22 72 65 63 65 69 76 65 64 22 3a 32 34 37 36 38 30 2c 22 74 6f 74 61 6c 22 3a 35 37 30 34 38 30 2c 22 70 65 72 63 65 6e 74 22 3a 34 33 7d
[Main -> Renderer] ble:characteristicValueChanged: {
  deviceId: '10b41dcd238d',
  serviceUuid: '4fafc201-1fb5-459e-8fcc-c5c9c331914d',
  characteristicUuid: 'beb5483e-36e1-4688-b7f5-ea07361b26c2',
  value: '7b 22 74 79 70 65 22 3a 22 6f 74 61 22 2c 22 73 74 61 74 75 73 22 3a 22 70 72 6f 67 72 65 73 73 22 2c 22 72 65 63 65 69 76 65 64 22 3a 32 34 37 36 38 30 2c 22 74 6f 74 61 6c 22 3a 35 37 30 34 38 30 2c 22 70 65 72 63 65 6e 74 22 3a 34 33 7d'
}
Notification received: 7b 22 74 79 70 65 22 3a 22 6f 74 61 22 2c 22 73 74 61 74 75 73 22 3a 22 70 72 6f 67 72 65 73 73 22 2c 22 72 65 63 65 69 76 65 64 22 3a 32 34 38 32 32 30 2c 22 74 6f 74 61 6c 22 3a 35 37 30 34 38 30 2c 22 70 65 72 63 65 6e 74 22 3a 34 33 7d
[Main -> Renderer] ble:characteristicValueChanged: {
  deviceId: '10b41dcd238d',
  serviceUuid: '4fafc201-1fb5-459e-8fcc-c5c9c331914d',
  characteristicUuid: 'beb5483e-36e1-4688-b7f5-ea07361b26c2',
  value: '7b 22 74 79 70 65 22 3a 22 6f 74 61 22 2c 22 73 74 61 74 75 73 22 3a 22 70 72 6f 67 72 65 73 73 22 2c 22 72 65 63 65 69 76 65 64 22 3a 32 34 38 32 32 30 2c 22 74 6f 74 61 6c 22 3a 35 37 30 34 38 30 2c 22 70 65 72 63 65 6e 74 22 3a 34 33 7d'
}
Notification received: 7b 22 74 79 70 65 22 3a 22 6f 74 61 22 2c 22 73 74 61 74 75 73 22 3a 22 70 72 6f 67 72 65 73 73 22 2c 22 72 65 63 65 69 76 65 64 22 3a 32 34 38 37 36 30 2c 22 74 6f 74 61 6c 22 3a 35 37 30 34 38 30 2c 22 70 65 72 63 65 6e 74 22 3a 34 33 7d
[Main -> Renderer] ble:characteristicValueChanged: {
  deviceId: '10b41dcd238d',
  serviceUuid: '4fafc201-1fb5-459e-8fcc-c5c9c331914d',
  characteristicUuid: 'beb5483e-36e1-4688-b7f5-ea07361b26c2',
  value: '7b 22 74 79 70 65 22 3a 22 6f 74 61 22 2c 22 73 74 61 74 75 73 22 3a 22 70 72 6f 67 72 65 73 73 22 2c 22 72 65 63 65 69 76 65 64 22 3a 32 34 38 37 36 30 2c 22 74 6f 74 61 6c 22 3a 35 37 30 34 38 30 2c 22 70 65 72 63 65 6e 74 22 3a 34 33 7d'
}
Notification received: 7b 22 74 79 70 65 22 3a 22 6f 74 61 22 2c 22 73 74 61 74 75 73 22 3a 22 70 72 6f 67 72 65 73 73 22 2c 22 72 65 63 65 69 76 65 64 22 3a 32 34 39 33 30 30 2c 22 74 6f 74 61 6c 22 3a 35 37 30 34 38 30 2c 22 70 65 72 63 65 6e 74 22 3a 34 33 7d
[Main -> Renderer] ble:characteristicValueChanged: {
  deviceId: '10b41dcd238d',
  serviceUuid: '4fafc201-1fb5-459e-8fcc-c5c9c331914d',
  characteristicUuid: 'beb5483e-36e1-4688-b7f5-ea07361b26c2',
  value: '7b 22 74 79 70 65 22 3a 22 6f 74 61 22 2c 22 73 74 61 74 75 73 22 3a 22 70 72 6f 67 72 65 73 73 22 2c 22 72 65 63 65 69 76 65 64 22 3a 32 34 39 33 30 30 2c 22 74 6f 74 61 6c 22 3a 35 37 30 34 38 30 2c 22 70 65 72 63 65 6e 74 22 3a 34 33 7d'
}
Notification received: 7b 22 74 79 70 65 22 3a 22 6f 74 61 22 2c 22 73 74 61 74 75 73 22 3a 22 70 72 6f 67 72 65 73 73 22 2c 22 72 65 63 65 69 76 65 64 22 3a 32 34 39 38 34 30 2c 22 74 6f 74 61 6c 22 3a 35 37 30 34 38 30 2c 22 70 65 72 63 65 6e 74 22 3a 34 33 7d
[Main -> Renderer] ble:characteristicValueChanged: {
  deviceId: '10b41dcd238d',
  serviceUuid: '4fafc201-1fb5-459e-8fcc-c5c9c331914d',
  characteristicUuid: 'beb5483e-36e1-4688-b7f5-ea07361b26c2',
  value: '7b 22 74 79 70 65 22 3a 22 6f 74 61 22 2c 22 73 74 61 74 75 73 22 3a 22 70 72 6f 67 72 65 73 73 22 2c 22 72 65 63 65 69 76 65 64 22 3a 32 34 39 38 34 30 2c 22 74 6f 74 61 6c 22 3a 35 37 30 34 38 30 2c 22 70 65 72 63 65 6e 74 22 3a 34 33 7d'
}
Notification received: 7b 22 74 79 70 65 22 3a 22 6f 74 61 22 2c 22 73 74 61 74 75 73 22 3a 22 70 72 6f 67 72 65 73 73 22 2c 22 72 65 63 65 69 76 65 64 22 3a 32 35 30 32 30 30 2c 22 74 6f 74 61 6c 22 3a 35 37 30 34 38 30 2c 22 70 65 72 63 65 6e 74 22 3a 34 33 7d
[Main -> Renderer] ble:characteristicValueChanged: {
  deviceId: '10b41dcd238d',
  serviceUuid: '4fafc201-1fb5-459e-8fcc-c5c9c331914d',
  characteristicUuid: 'beb5483e-36e1-4688-b7f5-ea07361b26c2',
  value: '7b 22 74 79 70 65 22 3a 22 6f 74 61 22 2c 22 73 74 61 74 75 73 22 3a 22 70 72 6f 67 72 65 73 73 22 2c 22 72 65 63 65 69 76 65 64 22 3a 32 35 30 32 30 30 2c 22 74 6f 74 61 6c 22 3a 35 37 30 34 38 30 2c 22 70 65 72 63 65 6e 74 22 3a 34 33 7d'
}
Notification received: 7b 22 74 79 70 65 22 3a 22 6f 74 61 22 2c 22 73 74 61 74 75 73 22 3a 22 70 72 6f 67 72 65 73 73 22 2c 22 72 65 63 65 69 76 65 64 22 3a 32 35 30 37 34 30 2c 22 74 6f 74 61 6c 22 3a 35 37 30 34 38 30 2c 22 70 65 72 63 65 6e 74 22 3a 34 33 7d
[Main -> Renderer] ble:characteristicValueChanged: {
  deviceId: '10b41dcd238d',
  serviceUuid: '4fafc201-1fb5-459e-8fcc-c5c9c331914d',
  characteristicUuid: 'beb5483e-36e1-4688-b7f5-ea07361b26c2',
  value: '7b 22 74 79 70 65 22 3a 22 6f 74 61 22 2c 22 73 74 61 74 75 73 22 3a 22 70 72 6f 67 72 65 73 73 22 2c 22 72 65 63 65 69 76 65 64 22 3a 32 35 30 37 34 30 2c 22 74 6f 74 61 6c 22 3a 35 37 30 34 38 30 2c 22 70 65 72 63 65 6e 74 22 3a 34 33 7d'
}
Notification received: 7b 22 74 79 70 65 22 3a 22 6f 74 61 22 2c 22 73 74 61 74 75 73 22 3a 22 70 72 6f 67 72 65 73 73 22 2c 22 72 65 63 65 69 76 65 64 22 3a 32 35 31 31 30 30 2c 22 74 6f 74 61 6c 22 3a 35 37 30 34 38 30 2c 22 70 65 72 63 65 6e 74 22 3a 34 34 7d
[Main -> Renderer] ble:characteristicValueChanged: {
  deviceId: '10b41dcd238d',
  serviceUuid: '4fafc201-1fb5-459e-8fcc-c5c9c331914d',
  characteristicUuid: 'beb5483e-36e1-4688-b7f5-ea07361b26c2',
  value: '7b 22 74 79 70 65 22 3a 22 6f 74 61 22 2c 22 73 74 61 74 75 73 22 3a 22 70 72 6f 67 72 65 73 73 22 2c 22 72 65 63 65 69 76 65 64 22 3a 32 35 31 31 30 30 2c 22 74 6f 74 61 6c 22 3a 35 37 30 34 38 30 2c 22 70 65 72 63 65 6e 74 22 3a 34 34 7d'
}
Notification received: 7b 22 74 79 70 65 22 3a 22 6f 74 61 22 2c 22 73 74 61 74 75 73 22 3a 22 70 72 6f 67 72 65 73 73 22 2c 22 72 65 63 65 69 76 65 64 22 3a 32 35 31 34 36 30 2c 22 74 6f 74 61 6c 22 3a 35 37 30 34 38 30 2c 22 70 65 72 63 65 6e 74 22 3a 34 34 7d
[Main -> Renderer] ble:characteristicValueChanged: {
  deviceId: '10b41dcd238d',
  serviceUuid: '4fafc201-1fb5-459e-8fcc-c5c9c331914d',
  characteristicUuid: 'beb5483e-36e1-4688-b7f5-ea07361b26c2',
  value: '7b 22 74 79 70 65 22 3a 22 6f 74 61 22 2c 22 73 74 61 74 75 73 22 3a 22 70 72 6f 67 72 65 73 73 22 2c 22 72 65 63 65 69 76 65 64 22 3a 32 35 31 34 36 30 2c 22 74 6f 74 61 6c 22 3a 35 37 30 34 38 30 2c 22 70 65 72 63 65 6e 74 22 3a 34 34 7d'
}
Notification received: 7b 22 74 79 70 65 22 3a 22 6f 74 61 22 2c 22 73 74 61 74 75 73 22 3a 22 70 72 6f 67 72 65 73 73 22 2c 22 72 65 63 65 69 76 65 64 22 3a 32 35 31 38 32 30 2c 22 74 6f 74 61 6c 22 3a 35 37 30 34 38 30 2c 22 70 65 72 63 65 6e 74 22 3a 34 34 7d
[Main -> Renderer] ble:characteristicValueChanged: {
  deviceId: '10b41dcd238d',
  serviceUuid: '4fafc201-1fb5-459e-8fcc-c5c9c331914d',
  characteristicUuid: 'beb5483e-36e1-4688-b7f5-ea07361b26c2',
  value: '7b 22 74 79 70 65 22 3a 22 6f 74 61 22 2c 22 73 74 61 74 75 73 22 3a 22 70 72 6f 67 72 65 73 73 22 2c 22 72 65 63 65 69 76 65 64 22 3a 32 35 31 38 32 30 2c 22 74 6f 74 61 6c 22 3a 35 37 30 34 38 30 2c 22 70 65 72 63 65 6e 74 22 3a 34 34 7d'
}
Notification received: 7b 22 74 79 70 65 22 3a 22 6f 74 61 22 2c 22 73 74 61 74 75 73 22 3a 22 70 72 6f 67 72 65 73 73 22 2c 22 72 65 63 65 69 76 65 64 22 3a 32 35 32 31 38 30 2c 22 74 6f 74 61 6c 22 3a 35 37 30 34 38 30 2c 22 70 65 72 63 65 6e 74 22 3a 34 34 7d
[Main -> Renderer] ble:characteristicValueChanged: {
  deviceId: '10b41dcd238d',
  serviceUuid: '4fafc201-1fb5-459e-8fcc-c5c9c331914d',
  characteristicUuid: 'beb5483e-36e1-4688-b7f5-ea07361b26c2',
  value: '7b 22 74 79 70 65 22 3a 22 6f 74 61 22 2c 22 73 74 61 74 75 73 22 3a 22 70 72 6f 67 72 65 73 73 22 2c 22 72 65 63 65 69 76 65 64 22 3a 32 35 32 31 38 30 2c 22 74 6f 74 61 6c 22 3a 35 37 30 34 38 30 2c 22 70 65 72 63 65 6e 74 22 3a 34 34 7d'
}
Notification received: 7b 22 74 79 70 65 22 3a 22 6f 74 61 22 2c 22 73 74 61 74 75 73 22 3a 22 70 72 6f 67 72 65 73 73 22 2c 22 72 65 63 65 69 76 65 64 22 3a 32 35 32 35 34 30 2c 22 74 6f 74 61 6c 22 3a 35 37 30 34 38 30 2c 22 70 65 72 63 65 6e 74 22 3a 34 34 7d
[Main -> Renderer] ble:characteristicValueChanged: {
  deviceId: '10b41dcd238d',
  serviceUuid: '4fafc201-1fb5-459e-8fcc-c5c9c331914d',
  characteristicUuid: 'beb5483e-36e1-4688-b7f5-ea07361b26c2',
  value: '7b 22 74 79 70 65 22 3a 22 6f 74 61 22 2c 22 73 74 61 74 75 73 22 3a 22 70 72 6f 67 72 65 73 73 22 2c 22 72 65 63 65 69 76 65 64 22 3a 32 35 32 35 34 30 2c 22 74 6f 74 61 6c 22 3a 35 37 30 34 38 30 2c 22 70 65 72 63 65 6e 74 22 3a 34 34 7d'
}
Notification received: 7b 22 74 79 70 65 22 3a 22 6f 74 61 22 2c 22 73 74 61 74 75 73 22 3a 22 70 72 6f 67 72 65 73 73 22 2c 22 72 65 63 65 69 76 65 64 22 3a 32 35 33 30 38 30 2c 22 74 6f 74 61 6c 22 3a 35 37 30 34 38 30 2c 22 70 65 72 63 65 6e 74 22 3a 34 34 7d
[Main -> Renderer] ble:characteristicValueChanged: {
  deviceId: '10b41dcd238d',
  serviceUuid: '4fafc201-1fb5-459e-8fcc-c5c9c331914d',
  characteristicUuid: 'beb5483e-36e1-4688-b7f5-ea07361b26c2',
  value: '7b 22 74 79 70 65 22 3a 22 6f 74 61 22 2c 22 73 74 61 74 75 73 22 3a 22 70 72 6f 67 72 65 73 73 22 2c 22 72 65 63 65 69 76 65 64 22 3a 32 35 33 30 38 30 2c 22 74 6f 74 61 6c 22 3a 35 37 30 34 38 30 2c 22 70 65 72 63 65 6e 74 22 3a 34 34 7d'
}
Notification received: 7b 22 74 79 70 65 22 3a 22 6f 74 61 22 2c 22 73 74 61 74 75 73 22 3a 22 70 72 6f 67 72 65 73 73 22 2c 22 72 65 63 65 69 76 65 64 22 3a 32 35 33 36 32 30 2c 22 74 6f 74 61 6c 22 3a 35 37 30 34 38 30 2c 22 70 65 72 63 65 6e 74 22 3a 34 34 7d
[Main -> Renderer] ble:characteristicValueChanged: {
  deviceId: '10b41dcd238d',
  serviceUuid: '4fafc201-1fb5-459e-8fcc-c5c9c331914d',
  characteristicUuid: 'beb5483e-36e1-4688-b7f5-ea07361b26c2',
  value: '7b 22 74 79 70 65 22 3a 22 6f 74 61 22 2c 22 73 74 61 74 75 73 22 3a 22 70 72 6f 67 72 65 73 73 22 2c 22 72 65 63 65 69 76 65 64 22 3a 32 35 33 36 32 30 2c 22 74 6f 74 61 6c 22 3a 35 37 30 34 38 30 2c 22 70 65 72 63 65 6e 74 22 3a 34 34 7d'
}
Notification received: 7b 22 74 79 70 65 22 3a 22 6f 74 61 22 2c 22 73 74 61 74 75 73 22 3a 22 70 72 6f 67 72 65 73 73 22 2c 22 72 65 63 65 69 76 65 64 22 3a 32 35 34 31 36 30 2c 22 74 6f 74 61 6c 22 3a 35 37 30 34 38 30 2c 22 70 65 72 63 65 6e 74 22 3a 34 34 7d
[Main -> Renderer] ble:characteristicValueChanged: {
  deviceId: '10b41dcd238d',
  serviceUuid: '4fafc201-1fb5-459e-8fcc-c5c9c331914d',
  characteristicUuid: 'beb5483e-36e1-4688-b7f5-ea07361b26c2',
  value: '7b 22 74 79 70 65 22 3a 22 6f 74 61 22 2c 22 73 74 61 74 75 73 22 3a 22 70 72 6f 67 72 65 73 73 22 2c 22 72 65 63 65 69 76 65 64 22 3a 32 35 34 31 36 30 2c 22 74 6f 74 61 6c 22 3a 35 37 30 34 38 30 2c 22 70 65 72 63 65 6e 74 22 3a 34 34 7d'
}
Notification received: 7b 22 74 79 70 65 22 3a 22 6f 74 61 22 2c 22 73 74 61 74 75 73 22 3a 22 70 72 6f 67 72 65 73 73 22 2c 22 72 65 63 65 69 76 65 64 22 3a 32 35 34 37 30 30 2c 22 74 6f 74 61 6c 22 3a 35 37 30 34 38 30 2c 22 70 65 72 63 65 6e 74 22 3a 34 34 7d
[Main -> Renderer] ble:characteristicValueChanged: {
  deviceId: '10b41dcd238d',
  serviceUuid: '4fafc201-1fb5-459e-8fcc-c5c9c331914d',
  characteristicUuid: 'beb5483e-36e1-4688-b7f5-ea07361b26c2',
  value: '7b 22 74 79 70 65 22 3a 22 6f 74 61 22 2c 22 73 74 61 74 75 73 22 3a 22 70 72 6f 67 72 65 73 73 22 2c 22 72 65 63 65 69 76 65 64 22 3a 32 35 34 37 30 30 2c 22 74 6f 74 61 6c 22 3a 35 37 30 34 38 30 2c 22 70 65 72 63 65 6e 74 22 3a 34 34 7d'
}
Notification received: 7b 22 74 79 70 65 22 3a 22 6f 74 61 22 2c 22 73 74 61 74 75 73 22 3a 22 70 72 6f 67 72 65 73 73 22 2c 22 72 65 63 65 69 76 65 64 22 3a 32 35 35 30 36 30 2c 22 74 6f 74 61 6c 22 3a 35 37 30 34 38 30 2c 22 70 65 72 63 65 6e 74 22 3a 34 34 7d
[Main -> Renderer] ble:characteristicValueChanged: {
  deviceId: '10b41dcd238d',
  serviceUuid: '4fafc201-1fb5-459e-8fcc-c5c9c331914d',
  characteristicUuid: 'beb5483e-36e1-4688-b7f5-ea07361b26c2',
  value: '7b 22 74 79 70 65 22 3a 22 6f 74 61 22 2c 22 73 74 61 74 75 73 22 3a 22 70 72 6f 67 72 65 73 73 22 2c 22 72 65 63 65 69 76 65 64 22 3a 32 35 35 30 36 30 2c 22 74 6f 74 61 6c 22 3a 35 37 30 34 38 30 2c 22 70 65 72 63 65 6e 74 22 3a 34 34 7d'
}
Notification received: 7b 22 74 79 70 65 22 3a 22 6f 74 61 22 2c 22 73 74 61 74 75 73 22 3a 22 70 72 6f 67 72 65 73 73 22 2c 22 72 65 63 65 69 76 65 64 22 3a 32 35 35 36 30 30 2c 22 74 6f 74 61 6c 22 3a 35 37 30 34 38 30 2c 22 70 65 72 63 65 6e 74 22 3a 34 34 7d
[Main -> Renderer] ble:characteristicValueChanged: {
  deviceId: '10b41dcd238d',
  serviceUuid: '4fafc201-1fb5-459e-8fcc-c5c9c331914d',
  characteristicUuid: 'beb5483e-36e1-4688-b7f5-ea07361b26c2',
  value: '7b 22 74 79 70 65 22 3a 22 6f 74 61 22 2c 22 73 74 61 74 75 73 22 3a 22 70 72 6f 67 72 65 73 73 22 2c 22 72 65 63 65 69 76 65 64 22 3a 32 35 35 36 30 30 2c 22 74 6f 74 61 6c 22 3a 35 37 30 34 38 30 2c 22 70 65 72 63 65 6e 74 22 3a 34 34 7d'
}
Notification received: 7b 22 74 79 70 65 22 3a 22 6f 74 61 22 2c 22 73 74 61 74 75 73 22 3a 22 70 72 6f 67 72 65 73 73 22 2c 22 72 65 63 65 69 76 65 64 22 3a 32 35 36 31 34 30 2c 22 74 6f 74 61 6c 22 3a 35 37 30 34 38 30 2c 22 70 65 72 63 65 6e 74 22 3a 34 34 7d
[Main -> Renderer] ble:characteristicValueChanged: {
  deviceId: '10b41dcd238d',
  serviceUuid: '4fafc201-1fb5-459e-8fcc-c5c9c331914d',
  characteristicUuid: 'beb5483e-36e1-4688-b7f5-ea07361b26c2',
  value: '7b 22 74 79 70 65 22 3a 22 6f 74 61 22 2c 22 73 74 61 74 75 73 22 3a 22 70 72 6f 67 72 65 73 73 22 2c 22 72 65 63 65 69 76 65 64 22 3a 32 35 36 31 34 30 2c 22 74 6f 74 61 6c 22 3a 35 37 30 34 38 30 2c 22 70 65 72 63 65 6e 74 22 3a 34 34 7d'
}
Notification received: 7b 22 74 79 70 65 22 3a 22 6f 74 61 22 2c 22 73 74 61 74 75 73 22 3a 22 70 72 6f 67 72 65 73 73 22 2c 22 72 65 63 65 69 76 65 64 22 3a 32 35 36 36 38 30 2c 22 74 6f 74 61 6c 22 3a 35 37 30 34 38 30 2c 22 70 65 72 63 65 6e 74 22 3a 34 34 7d
[Main -> Renderer] ble:characteristicValueChanged: {
  deviceId: '10b41dcd238d',
  serviceUuid: '4fafc201-1fb5-459e-8fcc-c5c9c331914d',
  characteristicUuid: 'beb5483e-36e1-4688-b7f5-ea07361b26c2',
  value: '7b 22 74 79 70 65 22 3a 22 6f 74 61 22 2c 22 73 74 61 74 75 73 22 3a 22 70 72 6f 67 72 65 73 73 22 2c 22 72 65 63 65 69 76 65 64 22 3a 32 35 36 36 38 30 2c 22 74 6f 74 61 6c 22 3a 35 37 30 34 38 30 2c 22 70 65 72 63 65 6e 74 22 3a 34 34 7d'
}
Notification received: 7b 22 74 79 70 65 22 3a 22 6f 74 61 22 2c 22 73 74 61 74 75 73 22 3a 22 70 72 6f 67 72 65 73 73 22 2c 22 72 65 63 65 69 76 65 64 22 3a 32 35 37 32 32 30 2c 22 74 6f 74 61 6c 22 3a 35 37 30 34 38 30 2c 22 70 65 72 63 65 6e 74 22 3a 34 35 7d
[Main -> Renderer] ble:characteristicValueChanged: {
  deviceId: '10b41dcd238d',
  serviceUuid: '4fafc201-1fb5-459e-8fcc-c5c9c331914d',
  characteristicUuid: 'beb5483e-36e1-4688-b7f5-ea07361b26c2',
  value: '7b 22 74 79 70 65 22 3a 22 6f 74 61 22 2c 22 73 74 61 74 75 73 22 3a 22 70 72 6f 67 72 65 73 73 22 2c 22 72 65 63 65 69 76 65 64 22 3a 32 35 37 32 32 30 2c 22 74 6f 74 61 6c 22 3a 35 37 30 34 38 30 2c 22 70 65 72 63 65 6e 74 22 3a 34 35 7d'
}
Notification received: 7b 22 74 79 70 65 22 3a 22 6f 74 61 22 2c 22 73 74 61 74 75 73 22 3a 22 70 72 6f 67 72 65 73 73 22 2c 22 72 65 63 65 69 76 65 64 22 3a 32 35 37 37 36 30 2c 22 74 6f 74 61 6c 22 3a 35 37 30 34 38 30 2c 22 70 65 72 63 65 6e 74 22 3a 34 35 7d
[Main -> Renderer] ble:characteristicValueChanged: {
  deviceId: '10b41dcd238d',
  serviceUuid: '4fafc201-1fb5-459e-8fcc-c5c9c331914d',
  characteristicUuid: 'beb5483e-36e1-4688-b7f5-ea07361b26c2',
  value: '7b 22 74 79 70 65 22 3a 22 6f 74 61 22 2c 22 73 74 61 74 75 73 22 3a 22 70 72 6f 67 72 65 73 73 22 2c 22 72 65 63 65 69 76 65 64 22 3a 32 35 37 37 36 30 2c 22 74 6f 74 61 6c 22 3a 35 37 30 34 38 30 2c 22 70 65 72 63 65 6e 74 22 3a 34 35 7d'
}
Notification received: 7b 22 74 79 70 65 22 3a 22 6f 74 61 22 2c 22 73 74 61 74 75 73 22 3a 22 70 72 6f 67 72 65 73 73 22 2c 22 72 65 63 65 69 76 65 64 22 3a 32 35 38 33 30 30 2c 22 74 6f 74 61 6c 22 3a 35 37 30 34 38 30 2c 22 70 65 72 63 65 6e 74 22 3a 34 35 7d
[Main -> Renderer] ble:characteristicValueChanged: {
  deviceId: '10b41dcd238d',
  serviceUuid: '4fafc201-1fb5-459e-8fcc-c5c9c331914d',
  characteristicUuid: 'beb5483e-36e1-4688-b7f5-ea07361b26c2',
  value: '7b 22 74 79 70 65 22 3a 22 6f 74 61 22 2c 22 73 74 61 74 75 73 22 3a 22 70 72 6f 67 72 65 73 73 22 2c 22 72 65 63 65 69 76 65 64 22 3a 32 35 38 33 30 30 2c 22 74 6f 74 61 6c 22 3a 35 37 30 34 38 30 2c 22 70 65 72 63 65 6e 74 22 3a 34 35 7d'
}
Notification received: 7b 22 74 79 70 65 22 3a 22 6f 74 61 22 2c 22 73 74 61 74 75 73 22 3a 22 70 72 6f 67 72 65 73 73 22 2c 22 72 65 63 65 69 76 65 64 22 3a 32 35 38 38 34 30 2c 22 74 6f 74 61 6c 22 3a 35 37 30 34 38 30 2c 22 70 65 72 63 65 6e 74 22 3a 34 35 7d
[Main -> Renderer] ble:characteristicValueChanged: {
  deviceId: '10b41dcd238d',
  serviceUuid: '4fafc201-1fb5-459e-8fcc-c5c9c331914d',
  characteristicUuid: 'beb5483e-36e1-4688-b7f5-ea07361b26c2',
  value: '7b 22 74 79 70 65 22 3a 22 6f 74 61 22 2c 22 73 74 61 74 75 73 22 3a 22 70 72 6f 67 72 65 73 73 22 2c 22 72 65 63 65 69 76 65 64 22 3a 32 35 38 38 34 30 2c 22 74 6f 74 61 6c 22 3a 35 37 30 34 38 30 2c 22 70 65 72 63 65 6e 74 22 3a 34 35 7d'
}
Notification received: 7b 22 74 79 70 65 22 3a 22 6f 74 61 22 2c 22 73 74 61 74 75 73 22 3a 22 70 72 6f 67 72 65 73 73 22 2c 22 72 65 63 65 69 76 65 64 22 3a 32 35 39 33 38 30 2c 22 74 6f 74 61 6c 22 3a 35 37 30 34 38 30 2c 22 70 65 72 63 65 6e 74 22 3a 34 35 7d
[Main -> Renderer] ble:characteristicValueChanged: {
  deviceId: '10b41dcd238d',
  serviceUuid: '4fafc201-1fb5-459e-8fcc-c5c9c331914d',
  characteristicUuid: 'beb5483e-36e1-4688-b7f5-ea07361b26c2',
  value: '7b 22 74 79 70 65 22 3a 22 6f 74 61 22 2c 22 73 74 61 74 75 73 22 3a 22 70 72 6f 67 72 65 73 73 22 2c 22 72 65 63 65 69 76 65 64 22 3a 32 35 39 33 38 30 2c 22 74 6f 74 61 6c 22 3a 35 37 30 34 38 30 2c 22 70 65 72 63 65 6e 74 22 3a 34 35 7d'
}
Notification received: 7b 22 74 79 70 65 22 3a 22 6f 74 61 22 2c 22 73 74 61 74 75 73 22 3a 22 70 72 6f 67 72 65 73 73 22 2c 22 72 65 63 65 69 76 65 64 22 3a 32 35 39 37 34 30 2c 22 74 6f 74 61 6c 22 3a 35 37 30 34 38 30 2c 22 70 65 72 63 65 6e 74 22 3a 34 35 7d
[Main -> Renderer] ble:characteristicValueChanged: {
  deviceId: '10b41dcd238d',
  serviceUuid: '4fafc201-1fb5-459e-8fcc-c5c9c331914d',
  characteristicUuid: 'beb5483e-36e1-4688-b7f5-ea07361b26c2',
  value: '7b 22 74 79 70 65 22 3a 22 6f 74 61 22 2c 22 73 74 61 74 75 73 22 3a 22 70 72 6f 67 72 65 73 73 22 2c 22 72 65 63 65 69 76 65 64 22 3a 32 35 39 37 34 30 2c 22 74 6f 74 61 6c 22 3a 35 37 30 34 38 30 2c 22 70 65 72 63 65 6e 74 22 3a 34 35 7d'
}
Notification received: 7b 22 74 79 70 65 22 3a 22 6f 74 61 22 2c 22 73 74 61 74 75 73 22 3a 22 70 72 6f 67 72 65 73 73 22 2c 22 72 65 63 65 69 76 65 64 22 3a 32 36 30 31 30 30 2c 22 74 6f 74 61 6c 22 3a 35 37 30 34 38 30 2c 22 70 65 72 63 65 6e 74 22 3a 34 35 7d
[Main -> Renderer] ble:characteristicValueChanged: {
  deviceId: '10b41dcd238d',
  serviceUuid: '4fafc201-1fb5-459e-8fcc-c5c9c331914d',
  characteristicUuid: 'beb5483e-36e1-4688-b7f5-ea07361b26c2',
  value: '7b 22 74 79 70 65 22 3a 22 6f 74 61 22 2c 22 73 74 61 74 75 73 22 3a 22 70 72 6f 67 72 65 73 73 22 2c 22 72 65 63 65 69 76 65 64 22 3a 32 36 30 31 30 30 2c 22 74 6f 74 61 6c 22 3a 35 37 30 34 38 30 2c 22 70 65 72 63 65 6e 74 22 3a 34 35 7d'
}
Notification received: 7b 22 74 79 70 65 22 3a 22 6f 74 61 22 2c 22 73 74 61 74 75 73 22 3a 22 70 72 6f 67 72 65 73 73 22 2c 22 72 65 63 65 69 76 65 64 22 3a 32 36 30 34 36 30 2c 22 74 6f 74 61 6c 22 3a 35 37 30 34 38 30 2c 22 70 65 72 63 65 6e 74 22 3a 34 35 7d
[Main -> Renderer] ble:characteristicValueChanged: {
  deviceId: '10b41dcd238d',
  serviceUuid: '4fafc201-1fb5-459e-8fcc-c5c9c331914d',
  characteristicUuid: 'beb5483e-36e1-4688-b7f5-ea07361b26c2',
  value: '7b 22 74 79 70 65 22 3a 22 6f 74 61 22 2c 22 73 74 61 74 75 73 22 3a 22 70 72 6f 67 72 65 73 73 22 2c 22 72 65 63 65 69 76 65 64 22 3a 32 36 30 34 36 30 2c 22 74 6f 74 61 6c 22 3a 35 37 30 34 38 30 2c 22 70 65 72 63 65 6e 74 22 3a 34 35 7d'
}
Notification received: 7b 22 74 79 70 65 22 3a 22 6f 74 61 22 2c 22 73 74 61 74 75 73 22 3a 22 70 72 6f 67 72 65 73 73 22 2c 22 72 65 63 65 69 76 65 64 22 3a 32 36 30 38 32 30 2c 22 74 6f 74 61 6c 22 3a 35 37 30 34 38 30 2c 22 70 65 72 63 65 6e 74 22 3a 34 35 7d
[Main -> Renderer] ble:characteristicValueChanged: {
  deviceId: '10b41dcd238d',
  serviceUuid: '4fafc201-1fb5-459e-8fcc-c5c9c331914d',
  characteristicUuid: 'beb5483e-36e1-4688-b7f5-ea07361b26c2',
  value: '7b 22 74 79 70 65 22 3a 22 6f 74 61 22 2c 22 73 74 61 74 75 73 22 3a 22 70 72 6f 67 72 65 73 73 22 2c 22 72 65 63 65 69 76 65 64 22 3a 32 36 30 38 32 30 2c 22 74 6f 74 61 6c 22 3a 35 37 30 34 38 30 2c 22 70 65 72 63 65 6e 74 22 3a 34 35 7d'
}
Notification received: 7b 22 74 79 70 65 22 3a 22 6f 74 61 22 2c 22 73 74 61 74 75 73 22 3a 22 70 72 6f 67 72 65 73 73 22 2c 22 72 65 63 65 69 76 65 64 22 3a 32 36 31 33 36 30 2c 22 74 6f 74 61 6c 22 3a 35 37 30 34 38 30 2c 22 70 65 72 63 65 6e 74 22 3a 34 35 7d
[Main -> Renderer] ble:characteristicValueChanged: {
  deviceId: '10b41dcd238d',
  serviceUuid: '4fafc201-1fb5-459e-8fcc-c5c9c331914d',
  characteristicUuid: 'beb5483e-36e1-4688-b7f5-ea07361b26c2',
  value: '7b 22 74 79 70 65 22 3a 22 6f 74 61 22 2c 22 73 74 61 74 75 73 22 3a 22 70 72 6f 67 72 65 73 73 22 2c 22 72 65 63 65 69 76 65 64 22 3a 32 36 31 33 36 30 2c 22 74 6f 74 61 6c 22 3a 35 37 30 34 38 30 2c 22 70 65 72 63 65 6e 74 22 3a 34 35 7d'
}
Notification received: 7b 22 74 79 70 65 22 3a 22 6f 74 61 22 2c 22 73 74 61 74 75 73 22 3a 22 70 72 6f 67 72 65 73 73 22 2c 22 72 65 63 65 69 76 65 64 22 3a 32 36 31 39 30 30 2c 22 74 6f 74 61 6c 22 3a 35 37 30 34 38 30 2c 22 70 65 72 63 65 6e 74 22 3a 34 35 7d
[Main -> Renderer] ble:characteristicValueChanged: {
  deviceId: '10b41dcd238d',
  serviceUuid: '4fafc201-1fb5-459e-8fcc-c5c9c331914d',
  characteristicUuid: 'beb5483e-36e1-4688-b7f5-ea07361b26c2',
  value: '7b 22 74 79 70 65 22 3a 22 6f 74 61 22 2c 22 73 74 61 74 75 73 22 3a 22 70 72 6f 67 72 65 73 73 22 2c 22 72 65 63 65 69 76 65 64 22 3a 32 36 31 39 30 30 2c 22 74 6f 74 61 6c 22 3a 35 37 30 34 38 30 2c 22 70 65 72 63 65 6e 74 22 3a 34 35 7d'
}
Notification received: 7b 22 74 79 70 65 22 3a 22 6f 74 61 22 2c 22 73 74 61 74 75 73 22 3a 22 70 72 6f 67 72 65 73 73 22 2c 22 72 65 63 65 69 76 65 64 22 3a 32 36 32 32 36 30 2c 22 74 6f 74 61 6c 22 3a 35 37 30 34 38 30 2c 22 70 65 72 63 65 6e 74 22 3a 34 35 7d
[Main -> Renderer] ble:characteristicValueChanged: {
  deviceId: '10b41dcd238d',
  serviceUuid: '4fafc201-1fb5-459e-8fcc-c5c9c331914d',
  characteristicUuid: 'beb5483e-36e1-4688-b7f5-ea07361b26c2',
  value: '7b 22 74 79 70 65 22 3a 22 6f 74 61 22 2c 22 73 74 61 74 75 73 22 3a 22 70 72 6f 67 72 65 73 73 22 2c 22 72 65 63 65 69 76 65 64 22 3a 32 36 32 32 36 30 2c 22 74 6f 74 61 6c 22 3a 35 37 30 34 38 30 2c 22 70 65 72 63 65 6e 74 22 3a 34 35 7d'
}
Notification received: 7b 22 74 79 70 65 22 3a 22 6f 74 61 22 2c 22 73 74 61 74 75 73 22 3a 22 70 72 6f 67 72 65 73 73 22 2c 22 72 65 63 65 69 76 65 64 22 3a 32 36 32 36 32 30 2c 22 74 6f 74 61 6c 22 3a 35 37 30 34 38 30 2c 22 70 65 72 63 65 6e 74 22 3a 34 36 7d
[Main -> Renderer] ble:characteristicValueChanged: {
  deviceId: '10b41dcd238d',
  serviceUuid: '4fafc201-1fb5-459e-8fcc-c5c9c331914d',
  characteristicUuid: 'beb5483e-36e1-4688-b7f5-ea07361b26c2',
  value: '7b 22 74 79 70 65 22 3a 22 6f 74 61 22 2c 22 73 74 61 74 75 73 22 3a 22 70 72 6f 67 72 65 73 73 22 2c 22 72 65 63 65 69 76 65 64 22 3a 32 36 32 36 32 30 2c 22 74 6f 74 61 6c 22 3a 35 37 30 34 38 30 2c 22 70 65 72 63 65 6e 74 22 3a 34 36 7d'
}
Notification received: 7b 22 74 79 70 65 22 3a 22 6f 74 61 22 2c 22 73 74 61 74 75 73 22 3a 22 70 72 6f 67 72 65 73 73 22 2c 22 72 65 63 65 69 76 65 64 22 3a 32 36 32 39 38 30 2c 22 74 6f 74 61 6c 22 3a 35 37 30 34 38 30 2c 22 70 65 72 63 65 6e 74 22 3a 34 36 7d
[Main -> Renderer] ble:characteristicValueChanged: {
  deviceId: '10b41dcd238d',
  serviceUuid: '4fafc201-1fb5-459e-8fcc-c5c9c331914d',
  characteristicUuid: 'beb5483e-36e1-4688-b7f5-ea07361b26c2',
  value: '7b 22 74 79 70 65 22 3a 22 6f 74 61 22 2c 22 73 74 61 74 75 73 22 3a 22 70 72 6f 67 72 65 73 73 22 2c 22 72 65 63 65 69 76 65 64 22 3a 32 36 32 39 38 30 2c 22 74 6f 74 61 6c 22 3a 35 37 30 34 38 30 2c 22 70 65 72 63 65 6e 74 22 3a 34 36 7d'
}
Notification received: 7b 22 74 79 70 65 22 3a 22 6f 74 61 22 2c 22 73 74 61 74 75 73 22 3a 22 70 72 6f 67 72 65 73 73 22 2c 22 72 65 63 65 69 76 65 64 22 3a 32 36 33 33 34 30 2c 22 74 6f 74 61 6c 22 3a 35 37 30 34 38 30 2c 22 70 65 72 63 65 6e 74 22 3a 34 36 7d
[Main -> Renderer] ble:characteristicValueChanged: {
  deviceId: '10b41dcd238d',
  serviceUuid: '4fafc201-1fb5-459e-8fcc-c5c9c331914d',
  characteristicUuid: 'beb5483e-36e1-4688-b7f5-ea07361b26c2',
  value: '7b 22 74 79 70 65 22 3a 22 6f 74 61 22 2c 22 73 74 61 74 75 73 22 3a 22 70 72 6f 67 72 65 73 73 22 2c 22 72 65 63 65 69 76 65 64 22 3a 32 36 33 33 34 30 2c 22 74 6f 74 61 6c 22 3a 35 37 30 34 38 30 2c 22 70 65 72 63 65 6e 74 22 3a 34 36 7d'
}
Notification received: 7b 22 74 79 70 65 22 3a 22 6f 74 61 22 2c 22 73 74 61 74 75 73 22 3a 22 70 72 6f 67 72 65 73 73 22 2c 22 72 65 63 65 69 76 65 64 22 3a 32 36 33 37 30 30 2c 22 74 6f 74 61 6c 22 3a 35 37 30 34 38 30 2c 22 70 65 72 63 65 6e 74 22 3a 34 36 7d
[Main -> Renderer] ble:characteristicValueChanged: {
  deviceId: '10b41dcd238d',
  serviceUuid: '4fafc201-1fb5-459e-8fcc-c5c9c331914d',
  characteristicUuid: 'beb5483e-36e1-4688-b7f5-ea07361b26c2',
  value: '7b 22 74 79 70 65 22 3a 22 6f 74 61 22 2c 22 73 74 61 74 75 73 22 3a 22 70 72 6f 67 72 65 73 73 22 2c 22 72 65 63 65 69 76 65 64 22 3a 32 36 33 37 30 30 2c 22 74 6f 74 61 6c 22 3a 35 37 30 34 38 30 2c 22 70 65 72 63 65 6e 74 22 3a 34 36 7d'
}
Notification received: 7b 22 74 79 70 65 22 3a 22 6f 74 61 22 2c 22 73 74 61 74 75 73 22 3a 22 70 72 6f 67 72 65 73 73 22 2c 22 72 65 63 65 69 76 65 64 22 3a 32 36 34 32 34 30 2c 22 74 6f 74 61 6c 22 3a 35 37 30 34 38 30 2c 22 70 65 72 63 65 6e 74 22 3a 34 36 7d
[Main -> Renderer] ble:characteristicValueChanged: {
  deviceId: '10b41dcd238d',
  serviceUuid: '4fafc201-1fb5-459e-8fcc-c5c9c331914d',
  characteristicUuid: 'beb5483e-36e1-4688-b7f5-ea07361b26c2',
  value: '7b 22 74 79 70 65 22 3a 22 6f 74 61 22 2c 22 73 74 61 74 75 73 22 3a 22 70 72 6f 67 72 65 73 73 22 2c 22 72 65 63 65 69 76 65 64 22 3a 32 36 34 32 34 30 2c 22 74 6f 74 61 6c 22 3a 35 37 30 34 38 30 2c 22 70 65 72 63 65 6e 74 22 3a 34 36 7d'
}
Notification received: 7b 22 74 79 70 65 22 3a 22 6f 74 61 22 2c 22 73 74 61 74 75 73 22 3a 22 70 72 6f 67 72 65 73 73 22 2c 22 72 65 63 65 69 76 65 64 22 3a 32 36 34 37 38 30 2c 22 74 6f 74 61 6c 22 3a 35 37 30 34 38 30 2c 22 70 65 72 63 65 6e 74 22 3a 34 36 7d
[Main -> Renderer] ble:characteristicValueChanged: {
  deviceId: '10b41dcd238d',
  serviceUuid: '4fafc201-1fb5-459e-8fcc-c5c9c331914d',
  characteristicUuid: 'beb5483e-36e1-4688-b7f5-ea07361b26c2',
  value: '7b 22 74 79 70 65 22 3a 22 6f 74 61 22 2c 22 73 74 61 74 75 73 22 3a 22 70 72 6f 67 72 65 73 73 22 2c 22 72 65 63 65 69 76 65 64 22 3a 32 36 34 37 38 30 2c 22 74 6f 74 61 6c 22 3a 35 37 30 34 38 30 2c 22 70 65 72 63 65 6e 74 22 3a 34 36 7d'
}
Notification received: 7b 22 74 79 70 65 22 3a 22 6f 74 61 22 2c 22 73 74 61 74 75 73 22 3a 22 70 72 6f 67 72 65 73 73 22 2c 22 72 65 63 65 69 76 65 64 22 3a 32 36 35 33 32 30 2c 22 74 6f 74 61 6c 22 3a 35 37 30 34 38 30 2c 22 70 65 72 63 65 6e 74 22 3a 34 36 7d
[Main -> Renderer] ble:characteristicValueChanged: {
  deviceId: '10b41dcd238d',
  serviceUuid: '4fafc201-1fb5-459e-8fcc-c5c9c331914d',
  characteristicUuid: 'beb5483e-36e1-4688-b7f5-ea07361b26c2',
  value: '7b 22 74 79 70 65 22 3a 22 6f 74 61 22 2c 22 73 74 61 74 75 73 22 3a 22 70 72 6f 67 72 65 73 73 22 2c 22 72 65 63 65 69 76 65 64 22 3a 32 36 35 33 32 30 2c 22 74 6f 74 61 6c 22 3a 35 37 30 34 38 30 2c 22 70 65 72 63 65 6e 74 22 3a 34 36 7d'
}
Notification received: 7b 22 74 79 70 65 22 3a 22 6f 74 61 22 2c 22 73 74 61 74 75 73 22 3a 22 70 72 6f 67 72 65 73 73 22 2c 22 72 65 63 65 69 76 65 64 22 3a 32 36 35 38 36 30 2c 22 74 6f 74 61 6c 22 3a 35 37 30 34 38 30 2c 22 70 65 72 63 65 6e 74 22 3a 34 36 7d
[Main -> Renderer] ble:characteristicValueChanged: {
  deviceId: '10b41dcd238d',
  serviceUuid: '4fafc201-1fb5-459e-8fcc-c5c9c331914d',
  characteristicUuid: 'beb5483e-36e1-4688-b7f5-ea07361b26c2',
  value: '7b 22 74 79 70 65 22 3a 22 6f 74 61 22 2c 22 73 74 61 74 75 73 22 3a 22 70 72 6f 67 72 65 73 73 22 2c 22 72 65 63 65 69 76 65 64 22 3a 32 36 35 38 36 30 2c 22 74 6f 74 61 6c 22 3a 35 37 30 34 38 30 2c 22 70 65 72 63 65 6e 74 22 3a 34 36 7d'
}
Notification received: 7b 22 74 79 70 65 22 3a 22 6f 74 61 22 2c 22 73 74 61 74 75 73 22 3a 22 70 72 6f 67 72 65 73 73 22 2c 22 72 65 63 65 69 76 65 64 22 3a 32 36 36 34 30 30 2c 22 74 6f 74 61 6c 22 3a 35 37 30 34 38 30 2c 22 70 65 72 63 65 6e 74 22 3a 34 36 7d
[Main -> Renderer] ble:characteristicValueChanged: {
  deviceId: '10b41dcd238d',
  serviceUuid: '4fafc201-1fb5-459e-8fcc-c5c9c331914d',
  characteristicUuid: 'beb5483e-36e1-4688-b7f5-ea07361b26c2',
  value: '7b 22 74 79 70 65 22 3a 22 6f 74 61 22 2c 22 73 74 61 74 75 73 22 3a 22 70 72 6f 67 72 65 73 73 22 2c 22 72 65 63 65 69 76 65 64 22 3a 32 36 36 34 30 30 2c 22 74 6f 74 61 6c 22 3a 35 37 30 34 38 30 2c 22 70 65 72 63 65 6e 74 22 3a 34 36 7d'
}
Notification received: 7b 22 74 79 70 65 22 3a 22 6f 74 61 22 2c 22 73 74 61 74 75 73 22 3a 22 70 72 6f 67 72 65 73 73 22 2c 22 72 65 63 65 69 76 65 64 22 3a 32 36 36 39 34 30 2c 22 74 6f 74 61 6c 22 3a 35 37 30 34 38 30 2c 22 70 65 72 63 65 6e 74 22 3a 34 36 7d
[Main -> Renderer] ble:characteristicValueChanged: {
  deviceId: '10b41dcd238d',
  serviceUuid: '4fafc201-1fb5-459e-8fcc-c5c9c331914d',
  characteristicUuid: 'beb5483e-36e1-4688-b7f5-ea07361b26c2',
  value: '7b 22 74 79 70 65 22 3a 22 6f 74 61 22 2c 22 73 74 61 74 75 73 22 3a 22 70 72 6f 67 72 65 73 73 22 2c 22 72 65 63 65 69 76 65 64 22 3a 32 36 36 39 34 30 2c 22 74 6f 74 61 6c 22 3a 35 37 30 34 38 30 2c 22 70 65 72 63 65 6e 74 22 3a 34 36 7d'
}
Notification received: 7b 22 74 79 70 65 22 3a 22 6f 74 61 22 2c 22 73 74 61 74 75 73 22 3a 22 70 72 6f 67 72 65 73 73 22 2c 22 72 65 63 65 69 76 65 64 22 3a 32 36 37 34 38 30 2c 22 74 6f 74 61 6c 22 3a 35 37 30 34 38 30 2c 22 70 65 72 63 65 6e 74 22 3a 34 36 7d
[Main -> Renderer] ble:characteristicValueChanged: {
  deviceId: '10b41dcd238d',
  serviceUuid: '4fafc201-1fb5-459e-8fcc-c5c9c331914d',
  characteristicUuid: 'beb5483e-36e1-4688-b7f5-ea07361b26c2',
  value: '7b 22 74 79 70 65 22 3a 22 6f 74 61 22 2c 22 73 74 61 74 75 73 22 3a 22 70 72 6f 67 72 65 73 73 22 2c 22 72 65 63 65 69 76 65 64 22 3a 32 36 37 34 38 30 2c 22 74 6f 74 61 6c 22 3a 35 37 30 34 38 30 2c 22 70 65 72 63 65 6e 74 22 3a 34 36 7d'
}
Notification received: 7b 22 74 79 70 65 22 3a 22 6f 74 61 22 2c 22 73 74 61 74 75 73 22 3a 22 70 72 6f 67 72 65 73 73 22 2c 22 72 65 63 65 69 76 65 64 22 3a 32 36 37 38 34 30 2c 22 74 6f 74 61 6c 22 3a 35 37 30 34 38 30 2c 22 70 65 72 63 65 6e 74 22 3a 34 36 7d
[Main -> Renderer] ble:characteristicValueChanged: {
  deviceId: '10b41dcd238d',
  serviceUuid: '4fafc201-1fb5-459e-8fcc-c5c9c331914d',
  characteristicUuid: 'beb5483e-36e1-4688-b7f5-ea07361b26c2',
  value: '7b 22 74 79 70 65 22 3a 22 6f 74 61 22 2c 22 73 74 61 74 75 73 22 3a 22 70 72 6f 67 72 65 73 73 22 2c 22 72 65 63 65 69 76 65 64 22 3a 32 36 37 38 34 30 2c 22 74 6f 74 61 6c 22 3a 35 37 30 34 38 30 2c 22 70 65 72 63 65 6e 74 22 3a 34 36 7d'
}
Notification received: 7b 22 74 79 70 65 22 3a 22 6f 74 61 22 2c 22 73 74 61 74 75 73 22 3a 22 70 72 6f 67 72 65 73 73 22 2c 22 72 65 63 65 69 76 65 64 22 3a 32 36 38 32 30 30 2c 22 74 6f 74 61 6c 22 3a 35 37 30 34 38 30 2c 22 70 65 72 63 65 6e 74 22 3a 34 37 7d
[Main -> Renderer] ble:characteristicValueChanged: {
  deviceId: '10b41dcd238d',
  serviceUuid: '4fafc201-1fb5-459e-8fcc-c5c9c331914d',
  characteristicUuid: 'beb5483e-36e1-4688-b7f5-ea07361b26c2',
  value: '7b 22 74 79 70 65 22 3a 22 6f 74 61 22 2c 22 73 74 61 74 75 73 22 3a 22 70 72 6f 67 72 65 73 73 22 2c 22 72 65 63 65 69 76 65 64 22 3a 32 36 38 32 30 30 2c 22 74 6f 74 61 6c 22 3a 35 37 30 34 38 30 2c 22 70 65 72 63 65 6e 74 22 3a 34 37 7d'
}
Notification received: 7b 22 74 79 70 65 22 3a 22 6f 74 61 22 2c 22 73 74 61 74 75 73 22 3a 22 70 72 6f 67 72 65 73 73 22 2c 22 72 65 63 65 69 76 65 64 22 3a 32 36 38 35 36 30 2c 22 74 6f 74 61 6c 22 3a 35 37 30 34 38 30 2c 22 70 65 72 63 65 6e 74 22 3a 34 37 7d
[Main -> Renderer] ble:characteristicValueChanged: {
  deviceId: '10b41dcd238d',
  serviceUuid: '4fafc201-1fb5-459e-8fcc-c5c9c331914d',
  characteristicUuid: 'beb5483e-36e1-4688-b7f5-ea07361b26c2',
  value: '7b 22 74 79 70 65 22 3a 22 6f 74 61 22 2c 22 73 74 61 74 75 73 22 3a 22 70 72 6f 67 72 65 73 73 22 2c 22 72 65 63 65 69 76 65 64 22 3a 32 36 38 35 36 30 2c 22 74 6f 74 61 6c 22 3a 35 37 30 34 38 30 2c 22 70 65 72 63 65 6e 74 22 3a 34 37 7d'
}
Notification received: 7b 22 74 79 70 65 22 3a 22 6f 74 61 22 2c 22 73 74 61 74 75 73 22 3a 22 70 72 6f 67 72 65 73 73 22 2c 22 72 65 63 65 69 76 65 64 22 3a 32 36 38 39 32 30 2c 22 74 6f 74 61 6c 22 3a 35 37 30 34 38 30 2c 22 70 65 72 63 65 6e 74 22 3a 34 37 7d
[Main -> Renderer] ble:characteristicValueChanged: {
  deviceId: '10b41dcd238d',
  serviceUuid: '4fafc201-1fb5-459e-8fcc-c5c9c331914d',
  characteristicUuid: 'beb5483e-36e1-4688-b7f5-ea07361b26c2',
  value: '7b 22 74 79 70 65 22 3a 22 6f 74 61 22 2c 22 73 74 61 74 75 73 22 3a 22 70 72 6f 67 72 65 73 73 22 2c 22 72 65 63 65 69 76 65 64 22 3a 32 36 38 39 32 30 2c 22 74 6f 74 61 6c 22 3a 35 37 30 34 38 30 2c 22 70 65 72 63 65 6e 74 22 3a 34 37 7d'
}
Notification received: 7b 22 74 79 70 65 22 3a 22 6f 74 61 22 2c 22 73 74 61 74 75 73 22 3a 22 70 72 6f 67 72 65 73 73 22 2c 22 72 65 63 65 69 76 65 64 22 3a 32 36 39 34 36 30 2c 22 74 6f 74 61 6c 22 3a 35 37 30 34 38 30 2c 22 70 65 72 63 65 6e 74 22 3a 34 37 7d
[Main -> Renderer] ble:characteristicValueChanged: {
  deviceId: '10b41dcd238d',
  serviceUuid: '4fafc201-1fb5-459e-8fcc-c5c9c331914d',
  characteristicUuid: 'beb5483e-36e1-4688-b7f5-ea07361b26c2',
  value: '7b 22 74 79 70 65 22 3a 22 6f 74 61 22 2c 22 73 74 61 74 75 73 22 3a 22 70 72 6f 67 72 65 73 73 22 2c 22 72 65 63 65 69 76 65 64 22 3a 32 36 39 34 36 30 2c 22 74 6f 74 61 6c 22 3a 35 37 30 34 38 30 2c 22 70 65 72 63 65 6e 74 22 3a 34 37 7d'
}
Notification received: 7b 22 74 79 70 65 22 3a 22 6f 74 61 22 2c 22 73 74 61 74 75 73 22 3a 22 70 72 6f 67 72 65 73 73 22 2c 22 72 65 63 65 69 76 65 64 22 3a 32 36 39 38 32 30 2c 22 74 6f 74 61 6c 22 3a 35 37 30 34 38 30 2c 22 70 65 72 63 65 6e 74 22 3a 34 37 7d
[Main -> Renderer] ble:characteristicValueChanged: {
  deviceId: '10b41dcd238d',
  serviceUuid: '4fafc201-1fb5-459e-8fcc-c5c9c331914d',
  characteristicUuid: 'beb5483e-36e1-4688-b7f5-ea07361b26c2',
  value: '7b 22 74 79 70 65 22 3a 22 6f 74 61 22 2c 22 73 74 61 74 75 73 22 3a 22 70 72 6f 67 72 65 73 73 22 2c 22 72 65 63 65 69 76 65 64 22 3a 32 36 39 38 32 30 2c 22 74 6f 74 61 6c 22 3a 35 37 30 34 38 30 2c 22 70 65 72 63 65 6e 74 22 3a 34 37 7d'
}
Notification received: 7b 22 74 79 70 65 22 3a 22 6f 74 61 22 2c 22 73 74 61 74 75 73 22 3a 22 70 72 6f 67 72 65 73 73 22 2c 22 72 65 63 65 69 76 65 64 22 3a 32 37 30 33 36 30 2c 22 74 6f 74 61 6c 22 3a 35 37 30 34 38 30 2c 22 70 65 72 63 65 6e 74 22 3a 34 37 7d
[Main -> Renderer] ble:characteristicValueChanged: {
  deviceId: '10b41dcd238d',
  serviceUuid: '4fafc201-1fb5-459e-8fcc-c5c9c331914d',
  characteristicUuid: 'beb5483e-36e1-4688-b7f5-ea07361b26c2',
  value: '7b 22 74 79 70 65 22 3a 22 6f 74 61 22 2c 22 73 74 61 74 75 73 22 3a 22 70 72 6f 67 72 65 73 73 22 2c 22 72 65 63 65 69 76 65 64 22 3a 32 37 30 33 36 30 2c 22 74 6f 74 61 6c 22 3a 35 37 30 34 38 30 2c 22 70 65 72 63 65 6e 74 22 3a 34 37 7d'
}
Notification received: 7b 22 74 79 70 65 22 3a 22 6f 74 61 22 2c 22 73 74 61 74 75 73 22 3a 22 70 72 6f 67 72 65 73 73 22 2c 22 72 65 63 65 69 76 65 64 22 3a 32 37 30 37 32 30 2c 22 74 6f 74 61 6c 22 3a 35 37 30 34 38 30 2c 22 70 65 72 63 65 6e 74 22 3a 34 37 7d
[Main -> Renderer] ble:characteristicValueChanged: {
  deviceId: '10b41dcd238d',
  serviceUuid: '4fafc201-1fb5-459e-8fcc-c5c9c331914d',
  characteristicUuid: 'beb5483e-36e1-4688-b7f5-ea07361b26c2',
  value: '7b 22 74 79 70 65 22 3a 22 6f 74 61 22 2c 22 73 74 61 74 75 73 22 3a 22 70 72 6f 67 72 65 73 73 22 2c 22 72 65 63 65 69 76 65 64 22 3a 32 37 30 37 32 30 2c 22 74 6f 74 61 6c 22 3a 35 37 30 34 38 30 2c 22 70 65 72 63 65 6e 74 22 3a 34 37 7d'
}
Notification received: 7b 22 74 79 70 65 22 3a 22 6f 74 61 22 2c 22 73 74 61 74 75 73 22 3a 22 70 72 6f 67 72 65 73 73 22 2c 22 72 65 63 65 69 76 65 64 22 3a 32 37 31 30 38 30 2c 22 74 6f 74 61 6c 22 3a 35 37 30 34 38 30 2c 22 70 65 72 63 65 6e 74 22 3a 34 37 7d
[Main -> Renderer] ble:characteristicValueChanged: {
  deviceId: '10b41dcd238d',
  serviceUuid: '4fafc201-1fb5-459e-8fcc-c5c9c331914d',
  characteristicUuid: 'beb5483e-36e1-4688-b7f5-ea07361b26c2',
  value: '7b 22 74 79 70 65 22 3a 22 6f 74 61 22 2c 22 73 74 61 74 75 73 22 3a 22 70 72 6f 67 72 65 73 73 22 2c 22 72 65 63 65 69 76 65 64 22 3a 32 37 31 30 38 30 2c 22 74 6f 74 61 6c 22 3a 35 37 30 34 38 30 2c 22 70 65 72 63 65 6e 74 22 3a 34 37 7d'
}
Notification received: 7b 22 74 79 70 65 22 3a 22 6f 74 61 22 2c 22 73 74 61 74 75 73 22 3a 22 70 72 6f 67 72 65 73 73 22 2c 22 72 65 63 65 69 76 65 64 22 3a 32 37 31 36 32 30 2c 22 74 6f 74 61 6c 22 3a 35 37 30 34 38 30 2c 22 70 65 72 63 65 6e 74 22 3a 34 37 7d
[Main -> Renderer] ble:characteristicValueChanged: {
  deviceId: '10b41dcd238d',
  serviceUuid: '4fafc201-1fb5-459e-8fcc-c5c9c331914d',
  characteristicUuid: 'beb5483e-36e1-4688-b7f5-ea07361b26c2',
  value: '7b 22 74 79 70 65 22 3a 22 6f 74 61 22 2c 22 73 74 61 74 75 73 22 3a 22 70 72 6f 67 72 65 73 73 22 2c 22 72 65 63 65 69 76 65 64 22 3a 32 37 31 36 32 30 2c 22 74 6f 74 61 6c 22 3a 35 37 30 34 38 30 2c 22 70 65 72 63 65 6e 74 22 3a 34 37 7d'
}
Notification received: 7b 22 74 79 70 65 22 3a 22 6f 74 61 22 2c 22 73 74 61 74 75 73 22 3a 22 70 72 6f 67 72 65 73 73 22 2c 22 72 65 63 65 69 76 65 64 22 3a 32 37 31 39 38 30 2c 22 74 6f 74 61 6c 22 3a 35 37 30 34 38 30 2c 22 70 65 72 63 65 6e 74 22 3a 34 37 7d
[Main -> Renderer] ble:characteristicValueChanged: {
  deviceId: '10b41dcd238d',
  serviceUuid: '4fafc201-1fb5-459e-8fcc-c5c9c331914d',
  characteristicUuid: 'beb5483e-36e1-4688-b7f5-ea07361b26c2',
  value: '7b 22 74 79 70 65 22 3a 22 6f 74 61 22 2c 22 73 74 61 74 75 73 22 3a 22 70 72 6f 67 72 65 73 73 22 2c 22 72 65 63 65 69 76 65 64 22 3a 32 37 31 39 38 30 2c 22 74 6f 74 61 6c 22 3a 35 37 30 34 38 30 2c 22 70 65 72 63 65 6e 74 22 3a 34 37 7d'
}
Notification received: 7b 22 74 79 70 65 22 3a 22 6f 74 61 22 2c 22 73 74 61 74 75 73 22 3a 22 70 72 6f 67 72 65 73 73 22 2c 22 72 65 63 65 69 76 65 64 22 3a 32 37 32 33 34 30 2c 22 74 6f 74 61 6c 22 3a 35 37 30 34 38 30 2c 22 70 65 72 63 65 6e 74 22 3a 34 37 7d
[Main -> Renderer] ble:characteristicValueChanged: {
  deviceId: '10b41dcd238d',
  serviceUuid: '4fafc201-1fb5-459e-8fcc-c5c9c331914d',
  characteristicUuid: 'beb5483e-36e1-4688-b7f5-ea07361b26c2',
  value: '7b 22 74 79 70 65 22 3a 22 6f 74 61 22 2c 22 73 74 61 74 75 73 22 3a 22 70 72 6f 67 72 65 73 73 22 2c 22 72 65 63 65 69 76 65 64 22 3a 32 37 32 33 34 30 2c 22 74 6f 74 61 6c 22 3a 35 37 30 34 38 30 2c 22 70 65 72 63 65 6e 74 22 3a 34 37 7d'
}
Notification received: 7b 22 74 79 70 65 22 3a 22 6f 74 61 22 2c 22 73 74 61 74 75 73 22 3a 22 70 72 6f 67 72 65 73 73 22 2c 22 72 65 63 65 69 76 65 64 22 3a 32 37 32 37 30 30 2c 22 74 6f 74 61 6c 22 3a 35 37 30 34 38 30 2c 22 70 65 72 63 65 6e 74 22 3a 34 37 7d
[Main -> Renderer] ble:characteristicValueChanged: {
  deviceId: '10b41dcd238d',
  serviceUuid: '4fafc201-1fb5-459e-8fcc-c5c9c331914d',
  characteristicUuid: 'beb5483e-36e1-4688-b7f5-ea07361b26c2',
  value: '7b 22 74 79 70 65 22 3a 22 6f 74 61 22 2c 22 73 74 61 74 75 73 22 3a 22 70 72 6f 67 72 65 73 73 22 2c 22 72 65 63 65 69 76 65 64 22 3a 32 37 32 37 30 30 2c 22 74 6f 74 61 6c 22 3a 35 37 30 34 38 30 2c 22 70 65 72 63 65 6e 74 22 3a 34 37 7d'
}
Notification received: 7b 22 74 79 70 65 22 3a 22 6f 74 61 22 2c 22 73 74 61 74 75 73 22 3a 22 70 72 6f 67 72 65 73 73 22 2c 22 72 65 63 65 69 76 65 64 22 3a 32 37 33 32 34 30 2c 22 74 6f 74 61 6c 22 3a 35 37 30 34 38 30 2c 22 70 65 72 63 65 6e 74 22 3a 34 37 7d
[Main -> Renderer] ble:characteristicValueChanged: {
  deviceId: '10b41dcd238d',
  serviceUuid: '4fafc201-1fb5-459e-8fcc-c5c9c331914d',
  characteristicUuid: 'beb5483e-36e1-4688-b7f5-ea07361b26c2',
  value: '7b 22 74 79 70 65 22 3a 22 6f 74 61 22 2c 22 73 74 61 74 75 73 22 3a 22 70 72 6f 67 72 65 73 73 22 2c 22 72 65 63 65 69 76 65 64 22 3a 32 37 33 32 34 30 2c 22 74 6f 74 61 6c 22 3a 35 37 30 34 38 30 2c 22 70 65 72 63 65 6e 74 22 3a 34 37 7d'
}
Notification received: 7b 22 74 79 70 65 22 3a 22 6f 74 61 22 2c 22 73 74 61 74 75 73 22 3a 22 70 72 6f 67 72 65 73 73 22 2c 22 72 65 63 65 69 76 65 64 22 3a 32 37 33 37 38 30 2c 22 74 6f 74 61 6c 22 3a 35 37 30 34 38 30 2c 22 70 65 72 63 65 6e 74 22 3a 34 37 7d
[Main -> Renderer] ble:characteristicValueChanged: {
  deviceId: '10b41dcd238d',
  serviceUuid: '4fafc201-1fb5-459e-8fcc-c5c9c331914d',
  characteristicUuid: 'beb5483e-36e1-4688-b7f5-ea07361b26c2',
  value: '7b 22 74 79 70 65 22 3a 22 6f 74 61 22 2c 22 73 74 61 74 75 73 22 3a 22 70 72 6f 67 72 65 73 73 22 2c 22 72 65 63 65 69 76 65 64 22 3a 32 37 33 37 38 30 2c 22 74 6f 74 61 6c 22 3a 35 37 30 34 38 30 2c 22 70 65 72 63 65 6e 74 22 3a 34 37 7d'
}
Notification received: 7b 22 74 79 70 65 22 3a 22 6f 74 61 22 2c 22 73 74 61 74 75 73 22 3a 22 70 72 6f 67 72 65 73 73 22 2c 22 72 65 63 65 69 76 65 64 22 3a 32 37 34 33 32 30 2c 22 74 6f 74 61 6c 22 3a 35 37 30 34 38 30 2c 22 70 65 72 63 65 6e 74 22 3a 34 38 7d
[Main -> Renderer] ble:characteristicValueChanged: {
  deviceId: '10b41dcd238d',
  serviceUuid: '4fafc201-1fb5-459e-8fcc-c5c9c331914d',
  characteristicUuid: 'beb5483e-36e1-4688-b7f5-ea07361b26c2',
  value: '7b 22 74 79 70 65 22 3a 22 6f 74 61 22 2c 22 73 74 61 74 75 73 22 3a 22 70 72 6f 67 72 65 73 73 22 2c 22 72 65 63 65 69 76 65 64 22 3a 32 37 34 33 32 30 2c 22 74 6f 74 61 6c 22 3a 35 37 30 34 38 30 2c 22 70 65 72 63 65 6e 74 22 3a 34 38 7d'
}
Notification received: 7b 22 74 79 70 65 22 3a 22 6f 74 61 22 2c 22 73 74 61 74 75 73 22 3a 22 70 72 6f 67 72 65 73 73 22 2c 22 72 65 63 65 69 76 65 64 22 3a 32 37 34 36 38 30 2c 22 74 6f 74 61 6c 22 3a 35 37 30 34 38 30 2c 22 70 65 72 63 65 6e 74 22 3a 34 38 7d
[Main -> Renderer] ble:characteristicValueChanged: {
  deviceId: '10b41dcd238d',
  serviceUuid: '4fafc201-1fb5-459e-8fcc-c5c9c331914d',
  characteristicUuid: 'beb5483e-36e1-4688-b7f5-ea07361b26c2',
  value: '7b 22 74 79 70 65 22 3a 22 6f 74 61 22 2c 22 73 74 61 74 75 73 22 3a 22 70 72 6f 67 72 65 73 73 22 2c 22 72 65 63 65 69 76 65 64 22 3a 32 37 34 36 38 30 2c 22 74 6f 74 61 6c 22 3a 35 37 30 34 38 30 2c 22 70 65 72 63 65 6e 74 22 3a 34 38 7d'
}
Notification received: 7b 22 74 79 70 65 22 3a 22 6f 74 61 22 2c 22 73 74 61 74 75 73 22 3a 22 70 72 6f 67 72 65 73 73 22 2c 22 72 65 63 65 69 76 65 64 22 3a 32 37 35 30 34 30 2c 22 74 6f 74 61 6c 22 3a 35 37 30 34 38 30 2c 22 70 65 72 63 65 6e 74 22 3a 34 38 7d
[Main -> Renderer] ble:characteristicValueChanged: {
  deviceId: '10b41dcd238d',
  serviceUuid: '4fafc201-1fb5-459e-8fcc-c5c9c331914d',
  characteristicUuid: 'beb5483e-36e1-4688-b7f5-ea07361b26c2',
  value: '7b 22 74 79 70 65 22 3a 22 6f 74 61 22 2c 22 73 74 61 74 75 73 22 3a 22 70 72 6f 67 72 65 73 73 22 2c 22 72 65 63 65 69 76 65 64 22 3a 32 37 35 30 34 30 2c 22 74 6f 74 61 6c 22 3a 35 37 30 34 38 30 2c 22 70 65 72 63 65 6e 74 22 3a 34 38 7d'
}
Notification received: 7b 22 74 79 70 65 22 3a 22 6f 74 61 22 2c 22 73 74 61 74 75 73 22 3a 22 70 72 6f 67 72 65 73 73 22 2c 22 72 65 63 65 69 76 65 64 22 3a 32 37 35 35 38 30 2c 22 74 6f 74 61 6c 22 3a 35 37 30 34 38 30 2c 22 70 65 72 63 65 6e 74 22 3a 34 38 7d
[Main -> Renderer] ble:characteristicValueChanged: {
  deviceId: '10b41dcd238d',
  serviceUuid: '4fafc201-1fb5-459e-8fcc-c5c9c331914d',
  characteristicUuid: 'beb5483e-36e1-4688-b7f5-ea07361b26c2',
  value: '7b 22 74 79 70 65 22 3a 22 6f 74 61 22 2c 22 73 74 61 74 75 73 22 3a 22 70 72 6f 67 72 65 73 73 22 2c 22 72 65 63 65 69 76 65 64 22 3a 32 37 35 35 38 30 2c 22 74 6f 74 61 6c 22 3a 35 37 30 34 38 30 2c 22 70 65 72 63 65 6e 74 22 3a 34 38 7d'
}
Notification received: 7b 22 74 79 70 65 22 3a 22 6f 74 61 22 2c 22 73 74 61 74 75 73 22 3a 22 70 72 6f 67 72 65 73 73 22 2c 22 72 65 63 65 69 76 65 64 22 3a 32 37 36 31 32 30 2c 22 74 6f 74 61 6c 22 3a 35 37 30 34 38 30 2c 22 70 65 72 63 65 6e 74 22 3a 34 38 7d
[Main -> Renderer] ble:characteristicValueChanged: {
  deviceId: '10b41dcd238d',
  serviceUuid: '4fafc201-1fb5-459e-8fcc-c5c9c331914d',
  characteristicUuid: 'beb5483e-36e1-4688-b7f5-ea07361b26c2',
  value: '7b 22 74 79 70 65 22 3a 22 6f 74 61 22 2c 22 73 74 61 74 75 73 22 3a 22 70 72 6f 67 72 65 73 73 22 2c 22 72 65 63 65 69 76 65 64 22 3a 32 37 36 31 32 30 2c 22 74 6f 74 61 6c 22 3a 35 37 30 34 38 30 2c 22 70 65 72 63 65 6e 74 22 3a 34 38 7d'
}
Notification received: 7b 22 74 79 70 65 22 3a 22 6f 74 61 22 2c 22 73 74 61 74 75 73 22 3a 22 70 72 6f 67 72 65 73 73 22 2c 22 72 65 63 65 69 76 65 64 22 3a 32 37 36 36 36 30 2c 22 74 6f 74 61 6c 22 3a 35 37 30 34 38 30 2c 22 70 65 72 63 65 6e 74 22 3a 34 38 7d
[Main -> Renderer] ble:characteristicValueChanged: {
  deviceId: '10b41dcd238d',
  serviceUuid: '4fafc201-1fb5-459e-8fcc-c5c9c331914d',
  characteristicUuid: 'beb5483e-36e1-4688-b7f5-ea07361b26c2',
  value: '7b 22 74 79 70 65 22 3a 22 6f 74 61 22 2c 22 73 74 61 74 75 73 22 3a 22 70 72 6f 67 72 65 73 73 22 2c 22 72 65 63 65 69 76 65 64 22 3a 32 37 36 36 36 30 2c 22 74 6f 74 61 6c 22 3a 35 37 30 34 38 30 2c 22 70 65 72 63 65 6e 74 22 3a 34 38 7d'
}
Notification received: 7b 22 74 79 70 65 22 3a 22 6f 74 61 22 2c 22 73 74 61 74 75 73 22 3a 22 70 72 6f 67 72 65 73 73 22 2c 22 72 65 63 65 69 76 65 64 22 3a 32 37 37 32 30 30 2c 22 74 6f 74 61 6c 22 3a 35 37 30 34 38 30 2c 22 70 65 72 63 65 6e 74 22 3a 34 38 7d
[Main -> Renderer] ble:characteristicValueChanged: {
  deviceId: '10b41dcd238d',
  serviceUuid: '4fafc201-1fb5-459e-8fcc-c5c9c331914d',
  characteristicUuid: 'beb5483e-36e1-4688-b7f5-ea07361b26c2',
  value: '7b 22 74 79 70 65 22 3a 22 6f 74 61 22 2c 22 73 74 61 74 75 73 22 3a 22 70 72 6f 67 72 65 73 73 22 2c 22 72 65 63 65 69 76 65 64 22 3a 32 37 37 32 30 30 2c 22 74 6f 74 61 6c 22 3a 35 37 30 34 38 30 2c 22 70 65 72 63 65 6e 74 22 3a 34 38 7d'
}
Notification received: 7b 22 74 79 70 65 22 3a 22 6f 74 61 22 2c 22 73 74 61 74 75 73 22 3a 22 70 72 6f 67 72 65 73 73 22 2c 22 72 65 63 65 69 76 65 64 22 3a 32 37 37 37 34 30 2c 22 74 6f 74 61 6c 22 3a 35 37 30 34 38 30 2c 22 70 65 72 63 65 6e 74 22 3a 34 38 7d
[Main -> Renderer] ble:characteristicValueChanged: {
  deviceId: '10b41dcd238d',
  serviceUuid: '4fafc201-1fb5-459e-8fcc-c5c9c331914d',
  characteristicUuid: 'beb5483e-36e1-4688-b7f5-ea07361b26c2',
  value: '7b 22 74 79 70 65 22 3a 22 6f 74 61 22 2c 22 73 74 61 74 75 73 22 3a 22 70 72 6f 67 72 65 73 73 22 2c 22 72 65 63 65 69 76 65 64 22 3a 32 37 37 37 34 30 2c 22 74 6f 74 61 6c 22 3a 35 37 30 34 38 30 2c 22 70 65 72 63 65 6e 74 22 3a 34 38 7d'
}
Notification received: 7b 22 74 79 70 65 22 3a 22 6f 74 61 22 2c 22 73 74 61 74 75 73 22 3a 22 70 72 6f 67 72 65 73 73 22 2c 22 72 65 63 65 69 76 65 64 22 3a 32 37 38 32 38 30 2c 22 74 6f 74 61 6c 22 3a 35 37 30 34 38 30 2c 22 70 65 72 63 65 6e 74 22 3a 34 38 7d
[Main -> Renderer] ble:characteristicValueChanged: {
  deviceId: '10b41dcd238d',
  serviceUuid: '4fafc201-1fb5-459e-8fcc-c5c9c331914d',
  characteristicUuid: 'beb5483e-36e1-4688-b7f5-ea07361b26c2',
  value: '7b 22 74 79 70 65 22 3a 22 6f 74 61 22 2c 22 73 74 61 74 75 73 22 3a 22 70 72 6f 67 72 65 73 73 22 2c 22 72 65 63 65 69 76 65 64 22 3a 32 37 38 32 38 30 2c 22 74 6f 74 61 6c 22 3a 35 37 30 34 38 30 2c 22 70 65 72 63 65 6e 74 22 3a 34 38 7d'
}
Notification received: 7b 22 74 79 70 65 22 3a 22 6f 74 61 22 2c 22 73 74 61 74 75 73 22 3a 22 70 72 6f 67 72 65 73 73 22 2c 22 72 65 63 65 69 76 65 64 22 3a 32 37 38 38 32 30 2c 22 74 6f 74 61 6c 22 3a 35 37 30 34 38 30 2c 22 70 65 72 63 65 6e 74 22 3a 34 38 7d
[Main -> Renderer] ble:characteristicValueChanged: {
  deviceId: '10b41dcd238d',
  serviceUuid: '4fafc201-1fb5-459e-8fcc-c5c9c331914d',
  characteristicUuid: 'beb5483e-36e1-4688-b7f5-ea07361b26c2',
  value: '7b 22 74 79 70 65 22 3a 22 6f 74 61 22 2c 22 73 74 61 74 75 73 22 3a 22 70 72 6f 67 72 65 73 73 22 2c 22 72 65 63 65 69 76 65 64 22 3a 32 37 38 38 32 30 2c 22 74 6f 74 61 6c 22 3a 35 37 30 34 38 30 2c 22 70 65 72 63 65 6e 74 22 3a 34 38 7d'
}
Notification received: 7b 22 74 79 70 65 22 3a 22 6f 74 61 22 2c 22 73 74 61 74 75 73 22 3a 22 70 72 6f 67 72 65 73 73 22 2c 22 72 65 63 65 69 76 65 64 22 3a 32 37 39 31 38 30 2c 22 74 6f 74 61 6c 22 3a 35 37 30 34 38 30 2c 22 70 65 72 63 65 6e 74 22 3a 34 38 7d
[Main -> Renderer] ble:characteristicValueChanged: {
  deviceId: '10b41dcd238d',
  serviceUuid: '4fafc201-1fb5-459e-8fcc-c5c9c331914d',
  characteristicUuid: 'beb5483e-36e1-4688-b7f5-ea07361b26c2',
  value: '7b 22 74 79 70 65 22 3a 22 6f 74 61 22 2c 22 73 74 61 74 75 73 22 3a 22 70 72 6f 67 72 65 73 73 22 2c 22 72 65 63 65 69 76 65 64 22 3a 32 37 39 31 38 30 2c 22 74 6f 74 61 6c 22 3a 35 37 30 34 38 30 2c 22 70 65 72 63 65 6e 74 22 3a 34 38 7d'
}
Notification received: 7b 22 74 79 70 65 22 3a 22 6f 74 61 22 2c 22 73 74 61 74 75 73 22 3a 22 70 72 6f 67 72 65 73 73 22 2c 22 72 65 63 65 69 76 65 64 22 3a 32 37 39 35 34 30 2c 22 74 6f 74 61 6c 22 3a 35 37 30 34 38 30 2c 22 70 65 72 63 65 6e 74 22 3a 34 39 7d
[Main -> Renderer] ble:characteristicValueChanged: {
  deviceId: '10b41dcd238d',
  serviceUuid: '4fafc201-1fb5-459e-8fcc-c5c9c331914d',
  characteristicUuid: 'beb5483e-36e1-4688-b7f5-ea07361b26c2',
  value: '7b 22 74 79 70 65 22 3a 22 6f 74 61 22 2c 22 73 74 61 74 75 73 22 3a 22 70 72 6f 67 72 65 73 73 22 2c 22 72 65 63 65 69 76 65 64 22 3a 32 37 39 35 34 30 2c 22 74 6f 74 61 6c 22 3a 35 37 30 34 38 30 2c 22 70 65 72 63 65 6e 74 22 3a 34 39 7d'
}
Notification received: 7b 22 74 79 70 65 22 3a 22 6f 74 61 22 2c 22 73 74 61 74 75 73 22 3a 22 70 72 6f 67 72 65 73 73 22 2c 22 72 65 63 65 69 76 65 64 22 3a 32 37 39 39 30 30 2c 22 74 6f 74 61 6c 22 3a 35 37 30 34 38 30 2c 22 70 65 72 63 65 6e 74 22 3a 34 39 7d
[Main -> Renderer] ble:characteristicValueChanged: {
  deviceId: '10b41dcd238d',
  serviceUuid: '4fafc201-1fb5-459e-8fcc-c5c9c331914d',
  characteristicUuid: 'beb5483e-36e1-4688-b7f5-ea07361b26c2',
  value: '7b 22 74 79 70 65 22 3a 22 6f 74 61 22 2c 22 73 74 61 74 75 73 22 3a 22 70 72 6f 67 72 65 73 73 22 2c 22 72 65 63 65 69 76 65 64 22 3a 32 37 39 39 30 30 2c 22 74 6f 74 61 6c 22 3a 35 37 30 34 38 30 2c 22 70 65 72 63 65 6e 74 22 3a 34 39 7d'
}
Notification received: 7b 22 74 79 70 65 22 3a 22 6f 74 61 22 2c 22 73 74 61 74 75 73 22 3a 22 70 72 6f 67 72 65 73 73 22 2c 22 72 65 63 65 69 76 65 64 22 3a 32 38 30 32 36 30 2c 22 74 6f 74 61 6c 22 3a 35 37 30 34 38 30 2c 22 70 65 72 63 65 6e 74 22 3a 34 39 7d
[Main -> Renderer] ble:characteristicValueChanged: {
  deviceId: '10b41dcd238d',
  serviceUuid: '4fafc201-1fb5-459e-8fcc-c5c9c331914d',
  characteristicUuid: 'beb5483e-36e1-4688-b7f5-ea07361b26c2',
  value: '7b 22 74 79 70 65 22 3a 22 6f 74 61 22 2c 22 73 74 61 74 75 73 22 3a 22 70 72 6f 67 72 65 73 73 22 2c 22 72 65 63 65 69 76 65 64 22 3a 32 38 30 32 36 30 2c 22 74 6f 74 61 6c 22 3a 35 37 30 34 38 30 2c 22 70 65 72 63 65 6e 74 22 3a 34 39 7d'
}
Notification received: 7b 22 74 79 70 65 22 3a 22 6f 74 61 22 2c 22 73 74 61 74 75 73 22 3a 22 70 72 6f 67 72 65 73 73 22 2c 22 72 65 63 65 69 76 65 64 22 3a 32 38 30 38 30 30 2c 22 74 6f 74 61 6c 22 3a 35 37 30 34 38 30 2c 22 70 65 72 63 65 6e 74 22 3a 34 39 7d
[Main -> Renderer] ble:characteristicValueChanged: {
  deviceId: '10b41dcd238d',
  serviceUuid: '4fafc201-1fb5-459e-8fcc-c5c9c331914d',
  characteristicUuid: 'beb5483e-36e1-4688-b7f5-ea07361b26c2',
  value: '7b 22 74 79 70 65 22 3a 22 6f 74 61 22 2c 22 73 74 61 74 75 73 22 3a 22 70 72 6f 67 72 65 73 73 22 2c 22 72 65 63 65 69 76 65 64 22 3a 32 38 30 38 30 30 2c 22 74 6f 74 61 6c 22 3a 35 37 30 34 38 30 2c 22 70 65 72 63 65 6e 74 22 3a 34 39 7d'
}
Notification received: 7b 22 74 79 70 65 22 3a 22 6f 74 61 22 2c 22 73 74 61 74 75 73 22 3a 22 70 72 6f 67 72 65 73 73 22 2c 22 72 65 63 65 69 76 65 64 22 3a 32 38 31 33 34 30 2c 22 74 6f 74 61 6c 22 3a 35 37 30 34 38 30 2c 22 70 65 72 63 65 6e 74 22 3a 34 39 7d
[Main -> Renderer] ble:characteristicValueChanged: {
  deviceId: '10b41dcd238d',
  serviceUuid: '4fafc201-1fb5-459e-8fcc-c5c9c331914d',
  characteristicUuid: 'beb5483e-36e1-4688-b7f5-ea07361b26c2',
  value: '7b 22 74 79 70 65 22 3a 22 6f 74 61 22 2c 22 73 74 61 74 75 73 22 3a 22 70 72 6f 67 72 65 73 73 22 2c 22 72 65 63 65 69 76 65 64 22 3a 32 38 31 33 34 30 2c 22 74 6f 74 61 6c 22 3a 35 37 30 34 38 30 2c 22 70 65 72 63 65 6e 74 22 3a 34 39 7d'
}
Notification received: 7b 22 74 79 70 65 22 3a 22 6f 74 61 22 2c 22 73 74 61 74 75 73 22 3a 22 70 72 6f 67 72 65 73 73 22 2c 22 72 65 63 65 69 76 65 64 22 3a 32 38 31 38 38 30 2c 22 74 6f 74 61 6c 22 3a 35 37 30 34 38 30 2c 22 70 65 72 63 65 6e 74 22 3a 34 39 7d
[Main -> Renderer] ble:characteristicValueChanged: {
  deviceId: '10b41dcd238d',
  serviceUuid: '4fafc201-1fb5-459e-8fcc-c5c9c331914d',
  characteristicUuid: 'beb5483e-36e1-4688-b7f5-ea07361b26c2',
  value: '7b 22 74 79 70 65 22 3a 22 6f 74 61 22 2c 22 73 74 61 74 75 73 22 3a 22 70 72 6f 67 72 65 73 73 22 2c 22 72 65 63 65 69 76 65 64 22 3a 32 38 31 38 38 30 2c 22 74 6f 74 61 6c 22 3a 35 37 30 34 38 30 2c 22 70 65 72 63 65 6e 74 22 3a 34 39 7d'
}
Notification received: 7b 22 74 79 70 65 22 3a 22 6f 74 61 22 2c 22 73 74 61 74 75 73 22 3a 22 70 72 6f 67 72 65 73 73 22 2c 22 72 65 63 65 69 76 65 64 22 3a 32 38 32 34 32 30 2c 22 74 6f 74 61 6c 22 3a 35 37 30 34 38 30 2c 22 70 65 72 63 65 6e 74 22 3a 34 39 7d
[Main -> Renderer] ble:characteristicValueChanged: {
  deviceId: '10b41dcd238d',
  serviceUuid: '4fafc201-1fb5-459e-8fcc-c5c9c331914d',
  characteristicUuid: 'beb5483e-36e1-4688-b7f5-ea07361b26c2',
  value: '7b 22 74 79 70 65 22 3a 22 6f 74 61 22 2c 22 73 74 61 74 75 73 22 3a 22 70 72 6f 67 72 65 73 73 22 2c 22 72 65 63 65 69 76 65 64 22 3a 32 38 32 34 32 30 2c 22 74 6f 74 61 6c 22 3a 35 37 30 34 38 30 2c 22 70 65 72 63 65 6e 74 22 3a 34 39 7d'
}
Notification received: 7b 22 74 79 70 65 22 3a 22 6f 74 61 22 2c 22 73 74 61 74 75 73 22 3a 22 70 72 6f 67 72 65 73 73 22 2c 22 72 65 63 65 69 76 65 64 22 3a 32 38 32 39 36 30 2c 22 74 6f 74 61 6c 22 3a 35 37 30 34 38 30 2c 22 70 65 72 63 65 6e 74 22 3a 34 39 7d
[Main -> Renderer] ble:characteristicValueChanged: {
  deviceId: '10b41dcd238d',
  serviceUuid: '4fafc201-1fb5-459e-8fcc-c5c9c331914d',
  characteristicUuid: 'beb5483e-36e1-4688-b7f5-ea07361b26c2',
  value: '7b 22 74 79 70 65 22 3a 22 6f 74 61 22 2c 22 73 74 61 74 75 73 22 3a 22 70 72 6f 67 72 65 73 73 22 2c 22 72 65 63 65 69 76 65 64 22 3a 32 38 32 39 36 30 2c 22 74 6f 74 61 6c 22 3a 35 37 30 34 38 30 2c 22 70 65 72 63 65 6e 74 22 3a 34 39 7d'
}
Notification received: 7b 22 74 79 70 65 22 3a 22 6f 74 61 22 2c 22 73 74 61 74 75 73 22 3a 22 70 72 6f 67 72 65 73 73 22 2c 22 72 65 63 65 69 76 65 64 22 3a 32 38 33 35 30 30 2c 22 74 6f 74 61 6c 22 3a 35 37 30 34 38 30 2c 22 70 65 72 63 65 6e 74 22 3a 34 39 7d
[Main -> Renderer] ble:characteristicValueChanged: {
  deviceId: '10b41dcd238d',
  serviceUuid: '4fafc201-1fb5-459e-8fcc-c5c9c331914d',
  characteristicUuid: 'beb5483e-36e1-4688-b7f5-ea07361b26c2',
  value: '7b 22 74 79 70 65 22 3a 22 6f 74 61 22 2c 22 73 74 61 74 75 73 22 3a 22 70 72 6f 67 72 65 73 73 22 2c 22 72 65 63 65 69 76 65 64 22 3a 32 38 33 35 30 30 2c 22 74 6f 74 61 6c 22 3a 35 37 30 34 38 30 2c 22 70 65 72 63 65 6e 74 22 3a 34 39 7d'
}
Notification received: 7b 22 74 79 70 65 22 3a 22 6f 74 61 22 2c 22 73 74 61 74 75 73 22 3a 22 70 72 6f 67 72 65 73 73 22 2c 22 72 65 63 65 69 76 65 64 22 3a 32 38 34 30 34 30 2c 22 74 6f 74 61 6c 22 3a 35 37 30 34 38 30 2c 22 70 65 72 63 65 6e 74 22 3a 34 39 7d
[Main -> Renderer] ble:characteristicValueChanged: {
  deviceId: '10b41dcd238d',
  serviceUuid: '4fafc201-1fb5-459e-8fcc-c5c9c331914d',
  characteristicUuid: 'beb5483e-36e1-4688-b7f5-ea07361b26c2',
  value: '7b 22 74 79 70 65 22 3a 22 6f 74 61 22 2c 22 73 74 61 74 75 73 22 3a 22 70 72 6f 67 72 65 73 73 22 2c 22 72 65 63 65 69 76 65 64 22 3a 32 38 34 30 34 30 2c 22 74 6f 74 61 6c 22 3a 35 37 30 34 38 30 2c 22 70 65 72 63 65 6e 74 22 3a 34 39 7d'
}
Notification received: 7b 22 74 79 70 65 22 3a 22 6f 74 61 22 2c 22 73 74 61 74 75 73 22 3a 22 70 72 6f 67 72 65 73 73 22 2c 22 72 65 63 65 69 76 65 64 22 3a 32 38 34 34 30 30 2c 22 74 6f 74 61 6c 22 3a 35 37 30 34 38 30 2c 22 70 65 72 63 65 6e 74 22 3a 34 39 7d
[Main -> Renderer] ble:characteristicValueChanged: {
  deviceId: '10b41dcd238d',
  serviceUuid: '4fafc201-1fb5-459e-8fcc-c5c9c331914d',
  characteristicUuid: 'beb5483e-36e1-4688-b7f5-ea07361b26c2',
  value: '7b 22 74 79 70 65 22 3a 22 6f 74 61 22 2c 22 73 74 61 74 75 73 22 3a 22 70 72 6f 67 72 65 73 73 22 2c 22 72 65 63 65 69 76 65 64 22 3a 32 38 34 34 30 30 2c 22 74 6f 74 61 6c 22 3a 35 37 30 34 38 30 2c 22 70 65 72 63 65 6e 74 22 3a 34 39 7d'
}
Notification received: 7b 22 74 79 70 65 22 3a 22 6f 74 61 22 2c 22 73 74 61 74 75 73 22 3a 22 70 72 6f 67 72 65 73 73 22 2c 22 72 65 63 65 69 76 65 64 22 3a 32 38 34 37 36 30 2c 22 74 6f 74 61 6c 22 3a 35 37 30 34 38 30 2c 22 70 65 72 63 65 6e 74 22 3a 34 39 7d
[Main -> Renderer] ble:characteristicValueChanged: {
  deviceId: '10b41dcd238d',
  serviceUuid: '4fafc201-1fb5-459e-8fcc-c5c9c331914d',
  characteristicUuid: 'beb5483e-36e1-4688-b7f5-ea07361b26c2',
  value: '7b 22 74 79 70 65 22 3a 22 6f 74 61 22 2c 22 73 74 61 74 75 73 22 3a 22 70 72 6f 67 72 65 73 73 22 2c 22 72 65 63 65 69 76 65 64 22 3a 32 38 34 37 36 30 2c 22 74 6f 74 61 6c 22 3a 35 37 30 34 38 30 2c 22 70 65 72 63 65 6e 74 22 3a 34 39 7d'
}
Notification received: 7b 22 74 79 70 65 22 3a 22 6f 74 61 22 2c 22 73 74 61 74 75 73 22 3a 22 70 72 6f 67 72 65 73 73 22 2c 22 72 65 63 65 69 76 65 64 22 3a 32 38 35 31 32 30 2c 22 74 6f 74 61 6c 22 3a 35 37 30 34 38 30 2c 22 70 65 72 63 65 6e 74 22 3a 34 39 7d
[Main -> Renderer] ble:characteristicValueChanged: {
  deviceId: '10b41dcd238d',
  serviceUuid: '4fafc201-1fb5-459e-8fcc-c5c9c331914d',
  characteristicUuid: 'beb5483e-36e1-4688-b7f5-ea07361b26c2',
  value: '7b 22 74 79 70 65 22 3a 22 6f 74 61 22 2c 22 73 74 61 74 75 73 22 3a 22 70 72 6f 67 72 65 73 73 22 2c 22 72 65 63 65 69 76 65 64 22 3a 32 38 35 31 32 30 2c 22 74 6f 74 61 6c 22 3a 35 37 30 34 38 30 2c 22 70 65 72 63 65 6e 74 22 3a 34 39 7d'
}
Notification received: 7b 22 74 79 70 65 22 3a 22 6f 74 61 22 2c 22 73 74 61 74 75 73 22 3a 22 70 72 6f 67 72 65 73 73 22 2c 22 72 65 63 65 69 76 65 64 22 3a 32 38 35 34 38 30 2c 22 74 6f 74 61 6c 22 3a 35 37 30 34 38 30 2c 22 70 65 72 63 65 6e 74 22 3a 35 30 7d
[Main -> Renderer] ble:characteristicValueChanged: {
  deviceId: '10b41dcd238d',
  serviceUuid: '4fafc201-1fb5-459e-8fcc-c5c9c331914d',
  characteristicUuid: 'beb5483e-36e1-4688-b7f5-ea07361b26c2',
  value: '7b 22 74 79 70 65 22 3a 22 6f 74 61 22 2c 22 73 74 61 74 75 73 22 3a 22 70 72 6f 67 72 65 73 73 22 2c 22 72 65 63 65 69 76 65 64 22 3a 32 38 35 34 38 30 2c 22 74 6f 74 61 6c 22 3a 35 37 30 34 38 30 2c 22 70 65 72 63 65 6e 74 22 3a 35 30 7d'
}
Notification received: 7b 22 74 79 70 65 22 3a 22 6f 74 61 22 2c 22 73 74 61 74 75 73 22 3a 22 70 72 6f 67 72 65 73 73 22 2c 22 72 65 63 65 69 76 65 64 22 3a 32 38 35 38 34 30 2c 22 74 6f 74 61 6c 22 3a 35 37 30 34 38 30 2c 22 70 65 72 63 65 6e 74 22 3a 35 30 7d
[Main -> Renderer] ble:characteristicValueChanged: {
  deviceId: '10b41dcd238d',
  serviceUuid: '4fafc201-1fb5-459e-8fcc-c5c9c331914d',
  characteristicUuid: 'beb5483e-36e1-4688-b7f5-ea07361b26c2',
  value: '7b 22 74 79 70 65 22 3a 22 6f 74 61 22 2c 22 73 74 61 74 75 73 22 3a 22 70 72 6f 67 72 65 73 73 22 2c 22 72 65 63 65 69 76 65 64 22 3a 32 38 35 38 34 30 2c 22 74 6f 74 61 6c 22 3a 35 37 30 34 38 30 2c 22 70 65 72 63 65 6e 74 22 3a 35 30 7d'
}
Notification received: 7b 22 74 79 70 65 22 3a 22 6f 74 61 22 2c 22 73 74 61 74 75 73 22 3a 22 70 72 6f 67 72 65 73 73 22 2c 22 72 65 63 65 69 76 65 64 22 3a 32 38 36 32 30 30 2c 22 74 6f 74 61 6c 22 3a 35 37 30 34 38 30 2c 22 70 65 72 63 65 6e 74 22 3a 35 30 7d
[Main -> Renderer] ble:characteristicValueChanged: {
  deviceId: '10b41dcd238d',
  serviceUuid: '4fafc201-1fb5-459e-8fcc-c5c9c331914d',
  characteristicUuid: 'beb5483e-36e1-4688-b7f5-ea07361b26c2',
  value: '7b 22 74 79 70 65 22 3a 22 6f 74 61 22 2c 22 73 74 61 74 75 73 22 3a 22 70 72 6f 67 72 65 73 73 22 2c 22 72 65 63 65 69 76 65 64 22 3a 32 38 36 32 30 30 2c 22 74 6f 74 61 6c 22 3a 35 37 30 34 38 30 2c 22 70 65 72 63 65 6e 74 22 3a 35 30 7d'
}
Notification received: 7b 22 74 79 70 65 22 3a 22 6f 74 61 22 2c 22 73 74 61 74 75 73 22 3a 22 70 72 6f 67 72 65 73 73 22 2c 22 72 65 63 65 69 76 65 64 22 3a 32 38 36 35 36 30 2c 22 74 6f 74 61 6c 22 3a 35 37 30 34 38 30 2c 22 70 65 72 63 65 6e 74 22 3a 35 30 7d
[Main -> Renderer] ble:characteristicValueChanged: {
  deviceId: '10b41dcd238d',
  serviceUuid: '4fafc201-1fb5-459e-8fcc-c5c9c331914d',
  characteristicUuid: 'beb5483e-36e1-4688-b7f5-ea07361b26c2',
  value: '7b 22 74 79 70 65 22 3a 22 6f 74 61 22 2c 22 73 74 61 74 75 73 22 3a 22 70 72 6f 67 72 65 73 73 22 2c 22 72 65 63 65 69 76 65 64 22 3a 32 38 36 35 36 30 2c 22 74 6f 74 61 6c 22 3a 35 37 30 34 38 30 2c 22 70 65 72 63 65 6e 74 22 3a 35 30 7d'
}
Notification received: 7b 22 74 79 70 65 22 3a 22 6f 74 61 22 2c 22 73 74 61 74 75 73 22 3a 22 70 72 6f 67 72 65 73 73 22 2c 22 72 65 63 65 69 76 65 64 22 3a 32 38 36 39 32 30 2c 22 74 6f 74 61 6c 22 3a 35 37 30 34 38 30 2c 22 70 65 72 63 65 6e 74 22 3a 35 30 7d
[Main -> Renderer] ble:characteristicValueChanged: {
  deviceId: '10b41dcd238d',
  serviceUuid: '4fafc201-1fb5-459e-8fcc-c5c9c331914d',
  characteristicUuid: 'beb5483e-36e1-4688-b7f5-ea07361b26c2',
  value: '7b 22 74 79 70 65 22 3a 22 6f 74 61 22 2c 22 73 74 61 74 75 73 22 3a 22 70 72 6f 67 72 65 73 73 22 2c 22 72 65 63 65 69 76 65 64 22 3a 32 38 36 39 32 30 2c 22 74 6f 74 61 6c 22 3a 35 37 30 34 38 30 2c 22 70 65 72 63 65 6e 74 22 3a 35 30 7d'
}
Notification received: 7b 22 74 79 70 65 22 3a 22 6f 74 61 22 2c 22 73 74 61 74 75 73 22 3a 22 70 72 6f 67 72 65 73 73 22 2c 22 72 65 63 65 69 76 65 64 22 3a 32 38 37 32 38 30 2c 22 74 6f 74 61 6c 22 3a 35 37 30 34 38 30 2c 22 70 65 72 63 65 6e 74 22 3a 35 30 7d
[Main -> Renderer] ble:characteristicValueChanged: {
  deviceId: '10b41dcd238d',
  serviceUuid: '4fafc201-1fb5-459e-8fcc-c5c9c331914d',
  characteristicUuid: 'beb5483e-36e1-4688-b7f5-ea07361b26c2',
  value: '7b 22 74 79 70 65 22 3a 22 6f 74 61 22 2c 22 73 74 61 74 75 73 22 3a 22 70 72 6f 67 72 65 73 73 22 2c 22 72 65 63 65 69 76 65 64 22 3a 32 38 37 32 38 30 2c 22 74 6f 74 61 6c 22 3a 35 37 30 34 38 30 2c 22 70 65 72 63 65 6e 74 22 3a 35 30 7d'
}
Notification received: 7b 22 74 79 70 65 22 3a 22 6f 74 61 22 2c 22 73 74 61 74 75 73 22 3a 22 70 72 6f 67 72 65 73 73 22 2c 22 72 65 63 65 69 76 65 64 22 3a 32 38 37 36 34 30 2c 22 74 6f 74 61 6c 22 3a 35 37 30 34 38 30 2c 22 70 65 72 63 65 6e 74 22 3a 35 30 7d
[Main -> Renderer] ble:characteristicValueChanged: {
  deviceId: '10b41dcd238d',
  serviceUuid: '4fafc201-1fb5-459e-8fcc-c5c9c331914d',
  characteristicUuid: 'beb5483e-36e1-4688-b7f5-ea07361b26c2',
  value: '7b 22 74 79 70 65 22 3a 22 6f 74 61 22 2c 22 73 74 61 74 75 73 22 3a 22 70 72 6f 67 72 65 73 73 22 2c 22 72 65 63 65 69 76 65 64 22 3a 32 38 37 36 34 30 2c 22 74 6f 74 61 6c 22 3a 35 37 30 34 38 30 2c 22 70 65 72 63 65 6e 74 22 3a 35 30 7d'
}
Notification received: 7b 22 74 79 70 65 22 3a 22 6f 74 61 22 2c 22 73 74 61 74 75 73 22 3a 22 70 72 6f 67 72 65 73 73 22 2c 22 72 65 63 65 69 76 65 64 22 3a 32 38 38 30 30 30 2c 22 74 6f 74 61 6c 22 3a 35 37 30 34 38 30 2c 22 70 65 72 63 65 6e 74 22 3a 35 30 7d
[Main -> Renderer] ble:characteristicValueChanged: {
  deviceId: '10b41dcd238d',
  serviceUuid: '4fafc201-1fb5-459e-8fcc-c5c9c331914d',
  characteristicUuid: 'beb5483e-36e1-4688-b7f5-ea07361b26c2',
  value: '7b 22 74 79 70 65 22 3a 22 6f 74 61 22 2c 22 73 74 61 74 75 73 22 3a 22 70 72 6f 67 72 65 73 73 22 2c 22 72 65 63 65 69 76 65 64 22 3a 32 38 38 30 30 30 2c 22 74 6f 74 61 6c 22 3a 35 37 30 34 38 30 2c 22 70 65 72 63 65 6e 74 22 3a 35 30 7d'
}
Notification received: 7b 22 74 79 70 65 22 3a 22 6f 74 61 22 2c 22 73 74 61 74 75 73 22 3a 22 70 72 6f 67 72 65 73 73 22 2c 22 72 65 63 65 69 76 65 64 22 3a 32 38 38 33 36 30 2c 22 74 6f 74 61 6c 22 3a 35 37 30 34 38 30 2c 22 70 65 72 63 65 6e 74 22 3a 35 30 7d
[Main -> Renderer] ble:characteristicValueChanged: {
  deviceId: '10b41dcd238d',
  serviceUuid: '4fafc201-1fb5-459e-8fcc-c5c9c331914d',
  characteristicUuid: 'beb5483e-36e1-4688-b7f5-ea07361b26c2',
  value: '7b 22 74 79 70 65 22 3a 22 6f 74 61 22 2c 22 73 74 61 74 75 73 22 3a 22 70 72 6f 67 72 65 73 73 22 2c 22 72 65 63 65 69 76 65 64 22 3a 32 38 38 33 36 30 2c 22 74 6f 74 61 6c 22 3a 35 37 30 34 38 30 2c 22 70 65 72 63 65 6e 74 22 3a 35 30 7d'
}
Notification received: 7b 22 74 79 70 65 22 3a 22 6f 74 61 22 2c 22 73 74 61 74 75 73 22 3a 22 70 72 6f 67 72 65 73 73 22 2c 22 72 65 63 65 69 76 65 64 22 3a 32 38 38 37 32 30 2c 22 74 6f 74 61 6c 22 3a 35 37 30 34 38 30 2c 22 70 65 72 63 65 6e 74 22 3a 35 30 7d
[Main -> Renderer] ble:characteristicValueChanged: {
  deviceId: '10b41dcd238d',
  serviceUuid: '4fafc201-1fb5-459e-8fcc-c5c9c331914d',
  characteristicUuid: 'beb5483e-36e1-4688-b7f5-ea07361b26c2',
  value: '7b 22 74 79 70 65 22 3a 22 6f 74 61 22 2c 22 73 74 61 74 75 73 22 3a 22 70 72 6f 67 72 65 73 73 22 2c 22 72 65 63 65 69 76 65 64 22 3a 32 38 38 37 32 30 2c 22 74 6f 74 61 6c 22 3a 35 37 30 34 38 30 2c 22 70 65 72 63 65 6e 74 22 3a 35 30 7d'
}
Notification received: 7b 22 74 79 70 65 22 3a 22 6f 74 61 22 2c 22 73 74 61 74 75 73 22 3a 22 70 72 6f 67 72 65 73 73 22 2c 22 72 65 63 65 69 76 65 64 22 3a 32 38 39 30 38 30 2c 22 74 6f 74 61 6c 22 3a 35 37 30 34 38 30 2c 22 70 65 72 63 65 6e 74 22 3a 35 30 7d
[Main -> Renderer] ble:characteristicValueChanged: {
  deviceId: '10b41dcd238d',
  serviceUuid: '4fafc201-1fb5-459e-8fcc-c5c9c331914d',
  characteristicUuid: 'beb5483e-36e1-4688-b7f5-ea07361b26c2',
  value: '7b 22 74 79 70 65 22 3a 22 6f 74 61 22 2c 22 73 74 61 74 75 73 22 3a 22 70 72 6f 67 72 65 73 73 22 2c 22 72 65 63 65 69 76 65 64 22 3a 32 38 39 30 38 30 2c 22 74 6f 74 61 6c 22 3a 35 37 30 34 38 30 2c 22 70 65 72 63 65 6e 74 22 3a 35 30 7d'
}
Notification received: 7b 22 74 79 70 65 22 3a 22 6f 74 61 22 2c 22 73 74 61 74 75 73 22 3a 22 70 72 6f 67 72 65 73 73 22 2c 22 72 65 63 65 69 76 65 64 22 3a 32 38 39 36 32 30 2c 22 74 6f 74 61 6c 22 3a 35 37 30 34 38 30 2c 22 70 65 72 63 65 6e 74 22 3a 35 30 7d
[Main -> Renderer] ble:characteristicValueChanged: {
  deviceId: '10b41dcd238d',
  serviceUuid: '4fafc201-1fb5-459e-8fcc-c5c9c331914d',
  characteristicUuid: 'beb5483e-36e1-4688-b7f5-ea07361b26c2',
  value: '7b 22 74 79 70 65 22 3a 22 6f 74 61 22 2c 22 73 74 61 74 75 73 22 3a 22 70 72 6f 67 72 65 73 73 22 2c 22 72 65 63 65 69 76 65 64 22 3a 32 38 39 36 32 30 2c 22 74 6f 74 61 6c 22 3a 35 37 30 34 38 30 2c 22 70 65 72 63 65 6e 74 22 3a 35 30 7d'
}
Notification received: 7b 22 74 79 70 65 22 3a 22 6f 74 61 22 2c 22 73 74 61 74 75 73 22 3a 22 70 72 6f 67 72 65 73 73 22 2c 22 72 65 63 65 69 76 65 64 22 3a 32 39 30 31 36 30 2c 22 74 6f 74 61 6c 22 3a 35 37 30 34 38 30 2c 22 70 65 72 63 65 6e 74 22 3a 35 30 7d
[Main -> Renderer] ble:characteristicValueChanged: {
  deviceId: '10b41dcd238d',
  serviceUuid: '4fafc201-1fb5-459e-8fcc-c5c9c331914d',
  characteristicUuid: 'beb5483e-36e1-4688-b7f5-ea07361b26c2',
  value: '7b 22 74 79 70 65 22 3a 22 6f 74 61 22 2c 22 73 74 61 74 75 73 22 3a 22 70 72 6f 67 72 65 73 73 22 2c 22 72 65 63 65 69 76 65 64 22 3a 32 39 30 31 36 30 2c 22 74 6f 74 61 6c 22 3a 35 37 30 34 38 30 2c 22 70 65 72 63 65 6e 74 22 3a 35 30 7d'
}
Notification received: 7b 22 74 79 70 65 22 3a 22 6f 74 61 22 2c 22 73 74 61 74 75 73 22 3a 22 70 72 6f 67 72 65 73 73 22 2c 22 72 65 63 65 69 76 65 64 22 3a 32 39 30 35 32 30 2c 22 74 6f 74 61 6c 22 3a 35 37 30 34 38 30 2c 22 70 65 72 63 65 6e 74 22 3a 35 30 7d
[Main -> Renderer] ble:characteristicValueChanged: {
  deviceId: '10b41dcd238d',
  serviceUuid: '4fafc201-1fb5-459e-8fcc-c5c9c331914d',
  characteristicUuid: 'beb5483e-36e1-4688-b7f5-ea07361b26c2',
  value: '7b 22 74 79 70 65 22 3a 22 6f 74 61 22 2c 22 73 74 61 74 75 73 22 3a 22 70 72 6f 67 72 65 73 73 22 2c 22 72 65 63 65 69 76 65 64 22 3a 32 39 30 35 32 30 2c 22 74 6f 74 61 6c 22 3a 35 37 30 34 38 30 2c 22 70 65 72 63 65 6e 74 22 3a 35 30 7d'
}
Notification received: 7b 22 74 79 70 65 22 3a 22 6f 74 61 22 2c 22 73 74 61 74 75 73 22 3a 22 70 72 6f 67 72 65 73 73 22 2c 22 72 65 63 65 69 76 65 64 22 3a 32 39 30 38 38 30 2c 22 74 6f 74 61 6c 22 3a 35 37 30 34 38 30 2c 22 70 65 72 63 65 6e 74 22 3a 35 30 7d
[Main -> Renderer] ble:characteristicValueChanged: {
  deviceId: '10b41dcd238d',
  serviceUuid: '4fafc201-1fb5-459e-8fcc-c5c9c331914d',
  characteristicUuid: 'beb5483e-36e1-4688-b7f5-ea07361b26c2',
  value: '7b 22 74 79 70 65 22 3a 22 6f 74 61 22 2c 22 73 74 61 74 75 73 22 3a 22 70 72 6f 67 72 65 73 73 22 2c 22 72 65 63 65 69 76 65 64 22 3a 32 39 30 38 38 30 2c 22 74 6f 74 61 6c 22 3a 35 37 30 34 38 30 2c 22 70 65 72 63 65 6e 74 22 3a 35 30 7d'
}
Notification received: 7b 22 74 79 70 65 22 3a 22 6f 74 61 22 2c 22 73 74 61 74 75 73 22 3a 22 70 72 6f 67 72 65 73 73 22 2c 22 72 65 63 65 69 76 65 64 22 3a 32 39 31 32 34 30 2c 22 74 6f 74 61 6c 22 3a 35 37 30 34 38 30 2c 22 70 65 72 63 65 6e 74 22 3a 35 31 7d
[Main -> Renderer] ble:characteristicValueChanged: {
  deviceId: '10b41dcd238d',
  serviceUuid: '4fafc201-1fb5-459e-8fcc-c5c9c331914d',
  characteristicUuid: 'beb5483e-36e1-4688-b7f5-ea07361b26c2',
  value: '7b 22 74 79 70 65 22 3a 22 6f 74 61 22 2c 22 73 74 61 74 75 73 22 3a 22 70 72 6f 67 72 65 73 73 22 2c 22 72 65 63 65 69 76 65 64 22 3a 32 39 31 32 34 30 2c 22 74 6f 74 61 6c 22 3a 35 37 30 34 38 30 2c 22 70 65 72 63 65 6e 74 22 3a 35 31 7d'
}
Notification received: 7b 22 74 79 70 65 22 3a 22 6f 74 61 22 2c 22 73 74 61 74 75 73 22 3a 22 70 72 6f 67 72 65 73 73 22 2c 22 72 65 63 65 69 76 65 64 22 3a 32 39 31 36 30 30 2c 22 74 6f 74 61 6c 22 3a 35 37 30 34 38 30 2c 22 70 65 72 63 65 6e 74 22 3a 35 31 7d
[Main -> Renderer] ble:characteristicValueChanged: {
  deviceId: '10b41dcd238d',
  serviceUuid: '4fafc201-1fb5-459e-8fcc-c5c9c331914d',
  characteristicUuid: 'beb5483e-36e1-4688-b7f5-ea07361b26c2',
  value: '7b 22 74 79 70 65 22 3a 22 6f 74 61 22 2c 22 73 74 61 74 75 73 22 3a 22 70 72 6f 67 72 65 73 73 22 2c 22 72 65 63 65 69 76 65 64 22 3a 32 39 31 36 30 30 2c 22 74 6f 74 61 6c 22 3a 35 37 30 34 38 30 2c 22 70 65 72 63 65 6e 74 22 3a 35 31 7d'
}
Notification received: 7b 22 74 79 70 65 22 3a 22 6f 74 61 22 2c 22 73 74 61 74 75 73 22 3a 22 70 72 6f 67 72 65 73 73 22 2c 22 72 65 63 65 69 76 65 64 22 3a 32 39 31 39 36 30 2c 22 74 6f 74 61 6c 22 3a 35 37 30 34 38 30 2c 22 70 65 72 63 65 6e 74 22 3a 35 31 7d
[Main -> Renderer] ble:characteristicValueChanged: {
  deviceId: '10b41dcd238d',
  serviceUuid: '4fafc201-1fb5-459e-8fcc-c5c9c331914d',
  characteristicUuid: 'beb5483e-36e1-4688-b7f5-ea07361b26c2',
  value: '7b 22 74 79 70 65 22 3a 22 6f 74 61 22 2c 22 73 74 61 74 75 73 22 3a 22 70 72 6f 67 72 65 73 73 22 2c 22 72 65 63 65 69 76 65 64 22 3a 32 39 31 39 36 30 2c 22 74 6f 74 61 6c 22 3a 35 37 30 34 38 30 2c 22 70 65 72 63 65 6e 74 22 3a 35 31 7d'
}
Notification received: 7b 22 74 79 70 65 22 3a 22 6f 74 61 22 2c 22 73 74 61 74 75 73 22 3a 22 70 72 6f 67 72 65 73 73 22 2c 22 72 65 63 65 69 76 65 64 22 3a 32 39 32 35 30 30 2c 22 74 6f 74 61 6c 22 3a 35 37 30 34 38 30 2c 22 70 65 72 63 65 6e 74 22 3a 35 31 7d
[Main -> Renderer] ble:characteristicValueChanged: {
  deviceId: '10b41dcd238d',
  serviceUuid: '4fafc201-1fb5-459e-8fcc-c5c9c331914d',
  characteristicUuid: 'beb5483e-36e1-4688-b7f5-ea07361b26c2',
  value: '7b 22 74 79 70 65 22 3a 22 6f 74 61 22 2c 22 73 74 61 74 75 73 22 3a 22 70 72 6f 67 72 65 73 73 22 2c 22 72 65 63 65 69 76 65 64 22 3a 32 39 32 35 30 30 2c 22 74 6f 74 61 6c 22 3a 35 37 30 34 38 30 2c 22 70 65 72 63 65 6e 74 22 3a 35 31 7d'
}
Notification received: 7b 22 74 79 70 65 22 3a 22 6f 74 61 22 2c 22 73 74 61 74 75 73 22 3a 22 70 72 6f 67 72 65 73 73 22 2c 22 72 65 63 65 69 76 65 64 22 3a 32 39 33 30 34 30 2c 22 74 6f 74 61 6c 22 3a 35 37 30 34 38 30 2c 22 70 65 72 63 65 6e 74 22 3a 35 31 7d
[Main -> Renderer] ble:characteristicValueChanged: {
  deviceId: '10b41dcd238d',
  serviceUuid: '4fafc201-1fb5-459e-8fcc-c5c9c331914d',
  characteristicUuid: 'beb5483e-36e1-4688-b7f5-ea07361b26c2',
  value: '7b 22 74 79 70 65 22 3a 22 6f 74 61 22 2c 22 73 74 61 74 75 73 22 3a 22 70 72 6f 67 72 65 73 73 22 2c 22 72 65 63 65 69 76 65 64 22 3a 32 39 33 30 34 30 2c 22 74 6f 74 61 6c 22 3a 35 37 30 34 38 30 2c 22 70 65 72 63 65 6e 74 22 3a 35 31 7d'
}
Notification received: 7b 22 74 79 70 65 22 3a 22 6f 74 61 22 2c 22 73 74 61 74 75 73 22 3a 22 70 72 6f 67 72 65 73 73 22 2c 22 72 65 63 65 69 76 65 64 22 3a 32 39 33 35 38 30 2c 22 74 6f 74 61 6c 22 3a 35 37 30 34 38 30 2c 22 70 65 72 63 65 6e 74 22 3a 35 31 7d
[Main -> Renderer] ble:characteristicValueChanged: {
  deviceId: '10b41dcd238d',
  serviceUuid: '4fafc201-1fb5-459e-8fcc-c5c9c331914d',
  characteristicUuid: 'beb5483e-36e1-4688-b7f5-ea07361b26c2',
  value: '7b 22 74 79 70 65 22 3a 22 6f 74 61 22 2c 22 73 74 61 74 75 73 22 3a 22 70 72 6f 67 72 65 73 73 22 2c 22 72 65 63 65 69 76 65 64 22 3a 32 39 33 35 38 30 2c 22 74 6f 74 61 6c 22 3a 35 37 30 34 38 30 2c 22 70 65 72 63 65 6e 74 22 3a 35 31 7d'
}
Notification received: 7b 22 74 79 70 65 22 3a 22 6f 74 61 22 2c 22 73 74 61 74 75 73 22 3a 22 70 72 6f 67 72 65 73 73 22 2c 22 72 65 63 65 69 76 65 64 22 3a 32 39 33 39 34 30 2c 22 74 6f 74 61 6c 22 3a 35 37 30 34 38 30 2c 22 70 65 72 63 65 6e 74 22 3a 35 31 7d
[Main -> Renderer] ble:characteristicValueChanged: {
  deviceId: '10b41dcd238d',
  serviceUuid: '4fafc201-1fb5-459e-8fcc-c5c9c331914d',
  characteristicUuid: 'beb5483e-36e1-4688-b7f5-ea07361b26c2',
  value: '7b 22 74 79 70 65 22 3a 22 6f 74 61 22 2c 22 73 74 61 74 75 73 22 3a 22 70 72 6f 67 72 65 73 73 22 2c 22 72 65 63 65 69 76 65 64 22 3a 32 39 33 39 34 30 2c 22 74 6f 74 61 6c 22 3a 35 37 30 34 38 30 2c 22 70 65 72 63 65 6e 74 22 3a 35 31 7d'
}
Notification received: 7b 22 74 79 70 65 22 3a 22 6f 74 61 22 2c 22 73 74 61 74 75 73 22 3a 22 70 72 6f 67 72 65 73 73 22 2c 22 72 65 63 65 69 76 65 64 22 3a 32 39 34 33 30 30 2c 22 74 6f 74 61 6c 22 3a 35 37 30 34 38 30 2c 22 70 65 72 63 65 6e 74 22 3a 35 31 7d
[Main -> Renderer] ble:characteristicValueChanged: {
  deviceId: '10b41dcd238d',
  serviceUuid: '4fafc201-1fb5-459e-8fcc-c5c9c331914d',
  characteristicUuid: 'beb5483e-36e1-4688-b7f5-ea07361b26c2',
  value: '7b 22 74 79 70 65 22 3a 22 6f 74 61 22 2c 22 73 74 61 74 75 73 22 3a 22 70 72 6f 67 72 65 73 73 22 2c 22 72 65 63 65 69 76 65 64 22 3a 32 39 34 33 30 30 2c 22 74 6f 74 61 6c 22 3a 35 37 30 34 38 30 2c 22 70 65 72 63 65 6e 74 22 3a 35 31 7d'
}
Notification received: 7b 22 74 79 70 65 22 3a 22 6f 74 61 22 2c 22 73 74 61 74 75 73 22 3a 22 70 72 6f 67 72 65 73 73 22 2c 22 72 65 63 65 69 76 65 64 22 3a 32 39 34 36 36 30 2c 22 74 6f 74 61 6c 22 3a 35 37 30 34 38 30 2c 22 70 65 72 63 65 6e 74 22 3a 35 31 7d
[Main -> Renderer] ble:characteristicValueChanged: {
  deviceId: '10b41dcd238d',
  serviceUuid: '4fafc201-1fb5-459e-8fcc-c5c9c331914d',
  characteristicUuid: 'beb5483e-36e1-4688-b7f5-ea07361b26c2',
  value: '7b 22 74 79 70 65 22 3a 22 6f 74 61 22 2c 22 73 74 61 74 75 73 22 3a 22 70 72 6f 67 72 65 73 73 22 2c 22 72 65 63 65 69 76 65 64 22 3a 32 39 34 36 36 30 2c 22 74 6f 74 61 6c 22 3a 35 37 30 34 38 30 2c 22 70 65 72 63 65 6e 74 22 3a 35 31 7d'
}
Notification received: 7b 22 74 79 70 65 22 3a 22 6f 74 61 22 2c 22 73 74 61 74 75 73 22 3a 22 70 72 6f 67 72 65 73 73 22 2c 22 72 65 63 65 69 76 65 64 22 3a 32 39 35 32 30 30 2c 22 74 6f 74 61 6c 22 3a 35 37 30 34 38 30 2c 22 70 65 72 63 65 6e 74 22 3a 35 31 7d
[Main -> Renderer] ble:characteristicValueChanged: {
  deviceId: '10b41dcd238d',
  serviceUuid: '4fafc201-1fb5-459e-8fcc-c5c9c331914d',
  characteristicUuid: 'beb5483e-36e1-4688-b7f5-ea07361b26c2',
  value: '7b 22 74 79 70 65 22 3a 22 6f 74 61 22 2c 22 73 74 61 74 75 73 22 3a 22 70 72 6f 67 72 65 73 73 22 2c 22 72 65 63 65 69 76 65 64 22 3a 32 39 35 32 30 30 2c 22 74 6f 74 61 6c 22 3a 35 37 30 34 38 30 2c 22 70 65 72 63 65 6e 74 22 3a 35 31 7d'
}
Notification received: 7b 22 74 79 70 65 22 3a 22 6f 74 61 22 2c 22 73 74 61 74 75 73 22 3a 22 70 72 6f 67 72 65 73 73 22 2c 22 72 65 63 65 69 76 65 64 22 3a 32 39 35 35 36 30 2c 22 74 6f 74 61 6c 22 3a 35 37 30 34 38 30 2c 22 70 65 72 63 65 6e 74 22 3a 35 31 7d
[Main -> Renderer] ble:characteristicValueChanged: {
  deviceId: '10b41dcd238d',
  serviceUuid: '4fafc201-1fb5-459e-8fcc-c5c9c331914d',
  characteristicUuid: 'beb5483e-36e1-4688-b7f5-ea07361b26c2',
  value: '7b 22 74 79 70 65 22 3a 22 6f 74 61 22 2c 22 73 74 61 74 75 73 22 3a 22 70 72 6f 67 72 65 73 73 22 2c 22 72 65 63 65 69 76 65 64 22 3a 32 39 35 35 36 30 2c 22 74 6f 74 61 6c 22 3a 35 37 30 34 38 30 2c 22 70 65 72 63 65 6e 74 22 3a 35 31 7d'
}
Notification received: 7b 22 74 79 70 65 22 3a 22 6f 74 61 22 2c 22 73 74 61 74 75 73 22 3a 22 70 72 6f 67 72 65 73 73 22 2c 22 72 65 63 65 69 76 65 64 22 3a 32 39 36 31 30 30 2c 22 74 6f 74 61 6c 22 3a 35 37 30 34 38 30 2c 22 70 65 72 63 65 6e 74 22 3a 35 31 7d
[Main -> Renderer] ble:characteristicValueChanged: {
  deviceId: '10b41dcd238d',
  serviceUuid: '4fafc201-1fb5-459e-8fcc-c5c9c331914d',
  characteristicUuid: 'beb5483e-36e1-4688-b7f5-ea07361b26c2',
  value: '7b 22 74 79 70 65 22 3a 22 6f 74 61 22 2c 22 73 74 61 74 75 73 22 3a 22 70 72 6f 67 72 65 73 73 22 2c 22 72 65 63 65 69 76 65 64 22 3a 32 39 36 31 30 30 2c 22 74 6f 74 61 6c 22 3a 35 37 30 34 38 30 2c 22 70 65 72 63 65 6e 74 22 3a 35 31 7d'
}
Notification received: 7b 22 74 79 70 65 22 3a 22 6f 74 61 22 2c 22 73 74 61 74 75 73 22 3a 22 70 72 6f 67 72 65 73 73 22 2c 22 72 65 63 65 69 76 65 64 22 3a 32 39 36 36 34 30 2c 22 74 6f 74 61 6c 22 3a 35 37 30 34 38 30 2c 22 70 65 72 63 65 6e 74 22 3a 35 31 7d
[Main -> Renderer] ble:characteristicValueChanged: {
  deviceId: '10b41dcd238d',
  serviceUuid: '4fafc201-1fb5-459e-8fcc-c5c9c331914d',
  characteristicUuid: 'beb5483e-36e1-4688-b7f5-ea07361b26c2',
  value: '7b 22 74 79 70 65 22 3a 22 6f 74 61 22 2c 22 73 74 61 74 75 73 22 3a 22 70 72 6f 67 72 65 73 73 22 2c 22 72 65 63 65 69 76 65 64 22 3a 32 39 36 36 34 30 2c 22 74 6f 74 61 6c 22 3a 35 37 30 34 38 30 2c 22 70 65 72 63 65 6e 74 22 3a 35 31 7d'
}
Notification received: 7b 22 74 79 70 65 22 3a 22 6f 74 61 22 2c 22 73 74 61 74 75 73 22 3a 22 70 72 6f 67 72 65 73 73 22 2c 22 72 65 63 65 69 76 65 64 22 3a 32 39 37 31 38 30 2c 22 74 6f 74 61 6c 22 3a 35 37 30 34 38 30 2c 22 70 65 72 63 65 6e 74 22 3a 35 32 7d
[Main -> Renderer] ble:characteristicValueChanged: {
  deviceId: '10b41dcd238d',
  serviceUuid: '4fafc201-1fb5-459e-8fcc-c5c9c331914d',
  characteristicUuid: 'beb5483e-36e1-4688-b7f5-ea07361b26c2',
  value: '7b 22 74 79 70 65 22 3a 22 6f 74 61 22 2c 22 73 74 61 74 75 73 22 3a 22 70 72 6f 67 72 65 73 73 22 2c 22 72 65 63 65 69 76 65 64 22 3a 32 39 37 31 38 30 2c 22 74 6f 74 61 6c 22 3a 35 37 30 34 38 30 2c 22 70 65 72 63 65 6e 74 22 3a 35 32 7d'
}
Notification received: 7b 22 74 79 70 65 22 3a 22 6f 74 61 22 2c 22 73 74 61 74 75 73 22 3a 22 70 72 6f 67 72 65 73 73 22 2c 22 72 65 63 65 69 76 65 64 22 3a 32 39 37 35 34 30 2c 22 74 6f 74 61 6c 22 3a 35 37 30 34 38 30 2c 22 70 65 72 63 65 6e 74 22 3a 35 32 7d
[Main -> Renderer] ble:characteristicValueChanged: {
  deviceId: '10b41dcd238d',
  serviceUuid: '4fafc201-1fb5-459e-8fcc-c5c9c331914d',
  characteristicUuid: 'beb5483e-36e1-4688-b7f5-ea07361b26c2',
  value: '7b 22 74 79 70 65 22 3a 22 6f 74 61 22 2c 22 73 74 61 74 75 73 22 3a 22 70 72 6f 67 72 65 73 73 22 2c 22 72 65 63 65 69 76 65 64 22 3a 32 39 37 35 34 30 2c 22 74 6f 74 61 6c 22 3a 35 37 30 34 38 30 2c 22 70 65 72 63 65 6e 74 22 3a 35 32 7d'
}
Notification received: 7b 22 74 79 70 65 22 3a 22 6f 74 61 22 2c 22 73 74 61 74 75 73 22 3a 22 70 72 6f 67 72 65 73 73 22 2c 22 72 65 63 65 69 76 65 64 22 3a 32 39 38 30 38 30 2c 22 74 6f 74 61 6c 22 3a 35 37 30 34 38 30 2c 22 70 65 72 63 65 6e 74 22 3a 35 32 7d
[Main -> Renderer] ble:characteristicValueChanged: {
  deviceId: '10b41dcd238d',
  serviceUuid: '4fafc201-1fb5-459e-8fcc-c5c9c331914d',
  characteristicUuid: 'beb5483e-36e1-4688-b7f5-ea07361b26c2',
  value: '7b 22 74 79 70 65 22 3a 22 6f 74 61 22 2c 22 73 74 61 74 75 73 22 3a 22 70 72 6f 67 72 65 73 73 22 2c 22 72 65 63 65 69 76 65 64 22 3a 32 39 38 30 38 30 2c 22 74 6f 74 61 6c 22 3a 35 37 30 34 38 30 2c 22 70 65 72 63 65 6e 74 22 3a 35 32 7d'
}
Notification received: 7b 22 74 79 70 65 22 3a 22 6f 74 61 22 2c 22 73 74 61 74 75 73 22 3a 22 70 72 6f 67 72 65 73 73 22 2c 22 72 65 63 65 69 76 65 64 22 3a 32 39 38 36 32 30 2c 22 74 6f 74 61 6c 22 3a 35 37 30 34 38 30 2c 22 70 65 72 63 65 6e 74 22 3a 35 32 7d
[Main -> Renderer] ble:characteristicValueChanged: {
  deviceId: '10b41dcd238d',
  serviceUuid: '4fafc201-1fb5-459e-8fcc-c5c9c331914d',
  characteristicUuid: 'beb5483e-36e1-4688-b7f5-ea07361b26c2',
  value: '7b 22 74 79 70 65 22 3a 22 6f 74 61 22 2c 22 73 74 61 74 75 73 22 3a 22 70 72 6f 67 72 65 73 73 22 2c 22 72 65 63 65 69 76 65 64 22 3a 32 39 38 36 32 30 2c 22 74 6f 74 61 6c 22 3a 35 37 30 34 38 30 2c 22 70 65 72 63 65 6e 74 22 3a 35 32 7d'
}
Notification received: 7b 22 74 79 70 65 22 3a 22 6f 74 61 22 2c 22 73 74 61 74 75 73 22 3a 22 70 72 6f 67 72 65 73 73 22 2c 22 72 65 63 65 69 76 65 64 22 3a 32 39 39 31 36 30 2c 22 74 6f 74 61 6c 22 3a 35 37 30 34 38 30 2c 22 70 65 72 63 65 6e 74 22 3a 35 32 7d
[Main -> Renderer] ble:characteristicValueChanged: {
  deviceId: '10b41dcd238d',
  serviceUuid: '4fafc201-1fb5-459e-8fcc-c5c9c331914d',
  characteristicUuid: 'beb5483e-36e1-4688-b7f5-ea07361b26c2',
  value: '7b 22 74 79 70 65 22 3a 22 6f 74 61 22 2c 22 73 74 61 74 75 73 22 3a 22 70 72 6f 67 72 65 73 73 22 2c 22 72 65 63 65 69 76 65 64 22 3a 32 39 39 31 36 30 2c 22 74 6f 74 61 6c 22 3a 35 37 30 34 38 30 2c 22 70 65 72 63 65 6e 74 22 3a 35 32 7d'
}
Notification received: 7b 22 74 79 70 65 22 3a 22 6f 74 61 22 2c 22 73 74 61 74 75 73 22 3a 22 70 72 6f 67 72 65 73 73 22 2c 22 72 65 63 65 69 76 65 64 22 3a 32 39 39 37 30 30 2c 22 74 6f 74 61 6c 22 3a 35 37 30 34 38 30 2c 22 70 65 72 63 65 6e 74 22 3a 35 32 7d
[Main -> Renderer] ble:characteristicValueChanged: {
  deviceId: '10b41dcd238d',
  serviceUuid: '4fafc201-1fb5-459e-8fcc-c5c9c331914d',
  characteristicUuid: 'beb5483e-36e1-4688-b7f5-ea07361b26c2',
  value: '7b 22 74 79 70 65 22 3a 22 6f 74 61 22 2c 22 73 74 61 74 75 73 22 3a 22 70 72 6f 67 72 65 73 73 22 2c 22 72 65 63 65 69 76 65 64 22 3a 32 39 39 37 30 30 2c 22 74 6f 74 61 6c 22 3a 35 37 30 34 38 30 2c 22 70 65 72 63 65 6e 74 22 3a 35 32 7d'
}
Notification received: 7b 22 74 79 70 65 22 3a 22 6f 74 61 22 2c 22 73 74 61 74 75 73 22 3a 22 70 72 6f 67 72 65 73 73 22 2c 22 72 65 63 65 69 76 65 64 22 3a 33 30 30 30 36 30 2c 22 74 6f 74 61 6c 22 3a 35 37 30 34 38 30 2c 22 70 65 72 63 65 6e 74 22 3a 35 32 7d
[Main -> Renderer] ble:characteristicValueChanged: {
  deviceId: '10b41dcd238d',
  serviceUuid: '4fafc201-1fb5-459e-8fcc-c5c9c331914d',
  characteristicUuid: 'beb5483e-36e1-4688-b7f5-ea07361b26c2',
  value: '7b 22 74 79 70 65 22 3a 22 6f 74 61 22 2c 22 73 74 61 74 75 73 22 3a 22 70 72 6f 67 72 65 73 73 22 2c 22 72 65 63 65 69 76 65 64 22 3a 33 30 30 30 36 30 2c 22 74 6f 74 61 6c 22 3a 35 37 30 34 38 30 2c 22 70 65 72 63 65 6e 74 22 3a 35 32 7d'
}
Notification received: 7b 22 74 79 70 65 22 3a 22 6f 74 61 22 2c 22 73 74 61 74 75 73 22 3a 22 70 72 6f 67 72 65 73 73 22 2c 22 72 65 63 65 69 76 65 64 22 3a 33 30 30 34 32 30 2c 22 74 6f 74 61 6c 22 3a 35 37 30 34 38 30 2c 22 70 65 72 63 65 6e 74 22 3a 35 32 7d
[Main -> Renderer] ble:characteristicValueChanged: {
  deviceId: '10b41dcd238d',
  serviceUuid: '4fafc201-1fb5-459e-8fcc-c5c9c331914d',
  characteristicUuid: 'beb5483e-36e1-4688-b7f5-ea07361b26c2',
  value: '7b 22 74 79 70 65 22 3a 22 6f 74 61 22 2c 22 73 74 61 74 75 73 22 3a 22 70 72 6f 67 72 65 73 73 22 2c 22 72 65 63 65 69 76 65 64 22 3a 33 30 30 34 32 30 2c 22 74 6f 74 61 6c 22 3a 35 37 30 34 38 30 2c 22 70 65 72 63 65 6e 74 22 3a 35 32 7d'
}
Notification received: 7b 22 74 79 70 65 22 3a 22 6f 74 61 22 2c 22 73 74 61 74 75 73 22 3a 22 70 72 6f 67 72 65 73 73 22 2c 22 72 65 63 65 69 76 65 64 22 3a 33 30 30 39 36 30 2c 22 74 6f 74 61 6c 22 3a 35 37 30 34 38 30 2c 22 70 65 72 63 65 6e 74 22 3a 35 32 7d
[Main -> Renderer] ble:characteristicValueChanged: {
  deviceId: '10b41dcd238d',
  serviceUuid: '4fafc201-1fb5-459e-8fcc-c5c9c331914d',
  characteristicUuid: 'beb5483e-36e1-4688-b7f5-ea07361b26c2',
  value: '7b 22 74 79 70 65 22 3a 22 6f 74 61 22 2c 22 73 74 61 74 75 73 22 3a 22 70 72 6f 67 72 65 73 73 22 2c 22 72 65 63 65 69 76 65 64 22 3a 33 30 30 39 36 30 2c 22 74 6f 74 61 6c 22 3a 35 37 30 34 38 30 2c 22 70 65 72 63 65 6e 74 22 3a 35 32 7d'
}
Notification received: 7b 22 74 79 70 65 22 3a 22 6f 74 61 22 2c 22 73 74 61 74 75 73 22 3a 22 70 72 6f 67 72 65 73 73 22 2c 22 72 65 63 65 69 76 65 64 22 3a 33 30 31 35 30 30 2c 22 74 6f 74 61 6c 22 3a 35 37 30 34 38 30 2c 22 70 65 72 63 65 6e 74 22 3a 35 32 7d
[Main -> Renderer] ble:characteristicValueChanged: {
  deviceId: '10b41dcd238d',
  serviceUuid: '4fafc201-1fb5-459e-8fcc-c5c9c331914d',
  characteristicUuid: 'beb5483e-36e1-4688-b7f5-ea07361b26c2',
  value: '7b 22 74 79 70 65 22 3a 22 6f 74 61 22 2c 22 73 74 61 74 75 73 22 3a 22 70 72 6f 67 72 65 73 73 22 2c 22 72 65 63 65 69 76 65 64 22 3a 33 30 31 35 30 30 2c 22 74 6f 74 61 6c 22 3a 35 37 30 34 38 30 2c 22 70 65 72 63 65 6e 74 22 3a 35 32 7d'
}
Notification received: 7b 22 74 79 70 65 22 3a 22 6f 74 61 22 2c 22 73 74 61 74 75 73 22 3a 22 70 72 6f 67 72 65 73 73 22 2c 22 72 65 63 65 69 76 65 64 22 3a 33 30 31 38 36 30 2c 22 74 6f 74 61 6c 22 3a 35 37 30 34 38 30 2c 22 70 65 72 63 65 6e 74 22 3a 35 32 7d
[Main -> Renderer] ble:characteristicValueChanged: {
  deviceId: '10b41dcd238d',
  serviceUuid: '4fafc201-1fb5-459e-8fcc-c5c9c331914d',
  characteristicUuid: 'beb5483e-36e1-4688-b7f5-ea07361b26c2',
  value: '7b 22 74 79 70 65 22 3a 22 6f 74 61 22 2c 22 73 74 61 74 75 73 22 3a 22 70 72 6f 67 72 65 73 73 22 2c 22 72 65 63 65 69 76 65 64 22 3a 33 30 31 38 36 30 2c 22 74 6f 74 61 6c 22 3a 35 37 30 34 38 30 2c 22 70 65 72 63 65 6e 74 22 3a 35 32 7d'
}
Notification received: 7b 22 74 79 70 65 22 3a 22 6f 74 61 22 2c 22 73 74 61 74 75 73 22 3a 22 70 72 6f 67 72 65 73 73 22 2c 22 72 65 63 65 69 76 65 64 22 3a 33 30 32 34 30 30 2c 22 74 6f 74 61 6c 22 3a 35 37 30 34 38 30 2c 22 70 65 72 63 65 6e 74 22 3a 35 33 7d
[Main -> Renderer] ble:characteristicValueChanged: {
  deviceId: '10b41dcd238d',
  serviceUuid: '4fafc201-1fb5-459e-8fcc-c5c9c331914d',
  characteristicUuid: 'beb5483e-36e1-4688-b7f5-ea07361b26c2',
  value: '7b 22 74 79 70 65 22 3a 22 6f 74 61 22 2c 22 73 74 61 74 75 73 22 3a 22 70 72 6f 67 72 65 73 73 22 2c 22 72 65 63 65 69 76 65 64 22 3a 33 30 32 34 30 30 2c 22 74 6f 74 61 6c 22 3a 35 37 30 34 38 30 2c 22 70 65 72 63 65 6e 74 22 3a 35 33 7d'
}
Notification received: 7b 22 74 79 70 65 22 3a 22 6f 74 61 22 2c 22 73 74 61 74 75 73 22 3a 22 70 72 6f 67 72 65 73 73 22 2c 22 72 65 63 65 69 76 65 64 22 3a 33 30 32 39 34 30 2c 22 74 6f 74 61 6c 22 3a 35 37 30 34 38 30 2c 22 70 65 72 63 65 6e 74 22 3a 35 33 7d
[Main -> Renderer] ble:characteristicValueChanged: {
  deviceId: '10b41dcd238d',
  serviceUuid: '4fafc201-1fb5-459e-8fcc-c5c9c331914d',
  characteristicUuid: 'beb5483e-36e1-4688-b7f5-ea07361b26c2',
  value: '7b 22 74 79 70 65 22 3a 22 6f 74 61 22 2c 22 73 74 61 74 75 73 22 3a 22 70 72 6f 67 72 65 73 73 22 2c 22 72 65 63 65 69 76 65 64 22 3a 33 30 32 39 34 30 2c 22 74 6f 74 61 6c 22 3a 35 37 30 34 38 30 2c 22 70 65 72 63 65 6e 74 22 3a 35 33 7d'
}
Notification received: 7b 22 74 79 70 65 22 3a 22 6f 74 61 22 2c 22 73 74 61 74 75 73 22 3a 22 70 72 6f 67 72 65 73 73 22 2c 22 72 65 63 65 69 76 65 64 22 3a 33 30 33 33 30 30 2c 22 74 6f 74 61 6c 22 3a 35 37 30 34 38 30 2c 22 70 65 72 63 65 6e 74 22 3a 35 33 7d
[Main -> Renderer] ble:characteristicValueChanged: {
  deviceId: '10b41dcd238d',
  serviceUuid: '4fafc201-1fb5-459e-8fcc-c5c9c331914d',
  characteristicUuid: 'beb5483e-36e1-4688-b7f5-ea07361b26c2',
  value: '7b 22 74 79 70 65 22 3a 22 6f 74 61 22 2c 22 73 74 61 74 75 73 22 3a 22 70 72 6f 67 72 65 73 73 22 2c 22 72 65 63 65 69 76 65 64 22 3a 33 30 33 33 30 30 2c 22 74 6f 74 61 6c 22 3a 35 37 30 34 38 30 2c 22 70 65 72 63 65 6e 74 22 3a 35 33 7d'
}
Notification received: 7b 22 74 79 70 65 22 3a 22 6f 74 61 22 2c 22 73 74 61 74 75 73 22 3a 22 70 72 6f 67 72 65 73 73 22 2c 22 72 65 63 65 69 76 65 64 22 3a 33 30 33 36 36 30 2c 22 74 6f 74 61 6c 22 3a 35 37 30 34 38 30 2c 22 70 65 72 63 65 6e 74 22 3a 35 33 7d
[Main -> Renderer] ble:characteristicValueChanged: {
  deviceId: '10b41dcd238d',
  serviceUuid: '4fafc201-1fb5-459e-8fcc-c5c9c331914d',
  characteristicUuid: 'beb5483e-36e1-4688-b7f5-ea07361b26c2',
  value: '7b 22 74 79 70 65 22 3a 22 6f 74 61 22 2c 22 73 74 61 74 75 73 22 3a 22 70 72 6f 67 72 65 73 73 22 2c 22 72 65 63 65 69 76 65 64 22 3a 33 30 33 36 36 30 2c 22 74 6f 74 61 6c 22 3a 35 37 30 34 38 30 2c 22 70 65 72 63 65 6e 74 22 3a 35 33 7d'
}
Notification received: 7b 22 74 79 70 65 22 3a 22 6f 74 61 22 2c 22 73 74 61 74 75 73 22 3a 22 70 72 6f 67 72 65 73 73 22 2c 22 72 65 63 65 69 76 65 64 22 3a 33 30 34 30 32 30 2c 22 74 6f 74 61 6c 22 3a 35 37 30 34 38 30 2c 22 70 65 72 63 65 6e 74 22 3a 35 33 7d
[Main -> Renderer] ble:characteristicValueChanged: {
  deviceId: '10b41dcd238d',
  serviceUuid: '4fafc201-1fb5-459e-8fcc-c5c9c331914d',
  characteristicUuid: 'beb5483e-36e1-4688-b7f5-ea07361b26c2',
  value: '7b 22 74 79 70 65 22 3a 22 6f 74 61 22 2c 22 73 74 61 74 75 73 22 3a 22 70 72 6f 67 72 65 73 73 22 2c 22 72 65 63 65 69 76 65 64 22 3a 33 30 34 30 32 30 2c 22 74 6f 74 61 6c 22 3a 35 37 30 34 38 30 2c 22 70 65 72 63 65 6e 74 22 3a 35 33 7d'
}
Notification received: 7b 22 74 79 70 65 22 3a 22 6f 74 61 22 2c 22 73 74 61 74 75 73 22 3a 22 70 72 6f 67 72 65 73 73 22 2c 22 72 65 63 65 69 76 65 64 22 3a 33 30 34 33 38 30 2c 22 74 6f 74 61 6c 22 3a 35 37 30 34 38 30 2c 22 70 65 72 63 65 6e 74 22 3a 35 33 7d
[Main -> Renderer] ble:characteristicValueChanged: {
  deviceId: '10b41dcd238d',
  serviceUuid: '4fafc201-1fb5-459e-8fcc-c5c9c331914d',
  characteristicUuid: 'beb5483e-36e1-4688-b7f5-ea07361b26c2',
  value: '7b 22 74 79 70 65 22 3a 22 6f 74 61 22 2c 22 73 74 61 74 75 73 22 3a 22 70 72 6f 67 72 65 73 73 22 2c 22 72 65 63 65 69 76 65 64 22 3a 33 30 34 33 38 30 2c 22 74 6f 74 61 6c 22 3a 35 37 30 34 38 30 2c 22 70 65 72 63 65 6e 74 22 3a 35 33 7d'
}
Notification received: 7b 22 74 79 70 65 22 3a 22 6f 74 61 22 2c 22 73 74 61 74 75 73 22 3a 22 70 72 6f 67 72 65 73 73 22 2c 22 72 65 63 65 69 76 65 64 22 3a 33 30 34 37 34 30 2c 22 74 6f 74 61 6c 22 3a 35 37 30 34 38 30 2c 22 70 65 72 63 65 6e 74 22 3a 35 33 7d
[Main -> Renderer] ble:characteristicValueChanged: {
  deviceId: '10b41dcd238d',
  serviceUuid: '4fafc201-1fb5-459e-8fcc-c5c9c331914d',
  characteristicUuid: 'beb5483e-36e1-4688-b7f5-ea07361b26c2',
  value: '7b 22 74 79 70 65 22 3a 22 6f 74 61 22 2c 22 73 74 61 74 75 73 22 3a 22 70 72 6f 67 72 65 73 73 22 2c 22 72 65 63 65 69 76 65 64 22 3a 33 30 34 37 34 30 2c 22 74 6f 74 61 6c 22 3a 35 37 30 34 38 30 2c 22 70 65 72 63 65 6e 74 22 3a 35 33 7d'
}
Notification received: 7b 22 74 79 70 65 22 3a 22 6f 74 61 22 2c 22 73 74 61 74 75 73 22 3a 22 70 72 6f 67 72 65 73 73 22 2c 22 72 65 63 65 69 76 65 64 22 3a 33 30 35 31 30 30 2c 22 74 6f 74 61 6c 22 3a 35 37 30 34 38 30 2c 22 70 65 72 63 65 6e 74 22 3a 35 33 7d
[Main -> Renderer] ble:characteristicValueChanged: {
  deviceId: '10b41dcd238d',
  serviceUuid: '4fafc201-1fb5-459e-8fcc-c5c9c331914d',
  characteristicUuid: 'beb5483e-36e1-4688-b7f5-ea07361b26c2',
  value: '7b 22 74 79 70 65 22 3a 22 6f 74 61 22 2c 22 73 74 61 74 75 73 22 3a 22 70 72 6f 67 72 65 73 73 22 2c 22 72 65 63 65 69 76 65 64 22 3a 33 30 35 31 30 30 2c 22 74 6f 74 61 6c 22 3a 35 37 30 34 38 30 2c 22 70 65 72 63 65 6e 74 22 3a 35 33 7d'
}
Notification received: 7b 22 74 79 70 65 22 3a 22 6f 74 61 22 2c 22 73 74 61 74 75 73 22 3a 22 70 72 6f 67 72 65 73 73 22 2c 22 72 65 63 65 69 76 65 64 22 3a 33 30 35 34 36 30 2c 22 74 6f 74 61 6c 22 3a 35 37 30 34 38 30 2c 22 70 65 72 63 65 6e 74 22 3a 35 33 7d
[Main -> Renderer] ble:characteristicValueChanged: {
  deviceId: '10b41dcd238d',
  serviceUuid: '4fafc201-1fb5-459e-8fcc-c5c9c331914d',
  characteristicUuid: 'beb5483e-36e1-4688-b7f5-ea07361b26c2',
  value: '7b 22 74 79 70 65 22 3a 22 6f 74 61 22 2c 22 73 74 61 74 75 73 22 3a 22 70 72 6f 67 72 65 73 73 22 2c 22 72 65 63 65 69 76 65 64 22 3a 33 30 35 34 36 30 2c 22 74 6f 74 61 6c 22 3a 35 37 30 34 38 30 2c 22 70 65 72 63 65 6e 74 22 3a 35 33 7d'
}
Notification received: 7b 22 74 79 70 65 22 3a 22 6f 74 61 22 2c 22 73 74 61 74 75 73 22 3a 22 70 72 6f 67 72 65 73 73 22 2c 22 72 65 63 65 69 76 65 64 22 3a 33 30 35 38 32 30 2c 22 74 6f 74 61 6c 22 3a 35 37 30 34 38 30 2c 22 70 65 72 63 65 6e 74 22 3a 35 33 7d
[Main -> Renderer] ble:characteristicValueChanged: {
  deviceId: '10b41dcd238d',
  serviceUuid: '4fafc201-1fb5-459e-8fcc-c5c9c331914d',
  characteristicUuid: 'beb5483e-36e1-4688-b7f5-ea07361b26c2',
  value: '7b 22 74 79 70 65 22 3a 22 6f 74 61 22 2c 22 73 74 61 74 75 73 22 3a 22 70 72 6f 67 72 65 73 73 22 2c 22 72 65 63 65 69 76 65 64 22 3a 33 30 35 38 32 30 2c 22 74 6f 74 61 6c 22 3a 35 37 30 34 38 30 2c 22 70 65 72 63 65 6e 74 22 3a 35 33 7d'
}
Notification received: 7b 22 74 79 70 65 22 3a 22 6f 74 61 22 2c 22 73 74 61 74 75 73 22 3a 22 70 72 6f 67 72 65 73 73 22 2c 22 72 65 63 65 69 76 65 64 22 3a 33 30 36 33 36 30 2c 22 74 6f 74 61 6c 22 3a 35 37 30 34 38 30 2c 22 70 65 72 63 65 6e 74 22 3a 35 33 7d
[Main -> Renderer] ble:characteristicValueChanged: {
  deviceId: '10b41dcd238d',
  serviceUuid: '4fafc201-1fb5-459e-8fcc-c5c9c331914d',
  characteristicUuid: 'beb5483e-36e1-4688-b7f5-ea07361b26c2',
  value: '7b 22 74 79 70 65 22 3a 22 6f 74 61 22 2c 22 73 74 61 74 75 73 22 3a 22 70 72 6f 67 72 65 73 73 22 2c 22 72 65 63 65 69 76 65 64 22 3a 33 30 36 33 36 30 2c 22 74 6f 74 61 6c 22 3a 35 37 30 34 38 30 2c 22 70 65 72 63 65 6e 74 22 3a 35 33 7d'
}
Notification received: 7b 22 74 79 70 65 22 3a 22 6f 74 61 22 2c 22 73 74 61 74 75 73 22 3a 22 70 72 6f 67 72 65 73 73 22 2c 22 72 65 63 65 69 76 65 64 22 3a 33 30 36 39 30 30 2c 22 74 6f 74 61 6c 22 3a 35 37 30 34 38 30 2c 22 70 65 72 63 65 6e 74 22 3a 35 33 7d
[Main -> Renderer] ble:characteristicValueChanged: {
  deviceId: '10b41dcd238d',
  serviceUuid: '4fafc201-1fb5-459e-8fcc-c5c9c331914d',
  characteristicUuid: 'beb5483e-36e1-4688-b7f5-ea07361b26c2',
  value: '7b 22 74 79 70 65 22 3a 22 6f 74 61 22 2c 22 73 74 61 74 75 73 22 3a 22 70 72 6f 67 72 65 73 73 22 2c 22 72 65 63 65 69 76 65 64 22 3a 33 30 36 39 30 30 2c 22 74 6f 74 61 6c 22 3a 35 37 30 34 38 30 2c 22 70 65 72 63 65 6e 74 22 3a 35 33 7d'
}
Notification received: 7b 22 74 79 70 65 22 3a 22 6f 74 61 22 2c 22 73 74 61 74 75 73 22 3a 22 70 72 6f 67 72 65 73 73 22 2c 22 72 65 63 65 69 76 65 64 22 3a 33 30 37 34 34 30 2c 22 74 6f 74 61 6c 22 3a 35 37 30 34 38 30 2c 22 70 65 72 63 65 6e 74 22 3a 35 33 7d
[Main -> Renderer] ble:characteristicValueChanged: {
  deviceId: '10b41dcd238d',
  serviceUuid: '4fafc201-1fb5-459e-8fcc-c5c9c331914d',
  characteristicUuid: 'beb5483e-36e1-4688-b7f5-ea07361b26c2',
  value: '7b 22 74 79 70 65 22 3a 22 6f 74 61 22 2c 22 73 74 61 74 75 73 22 3a 22 70 72 6f 67 72 65 73 73 22 2c 22 72 65 63 65 69 76 65 64 22 3a 33 30 37 34 34 30 2c 22 74 6f 74 61 6c 22 3a 35 37 30 34 38 30 2c 22 70 65 72 63 65 6e 74 22 3a 35 33 7d'
}
Notification received: 7b 22 74 79 70 65 22 3a 22 6f 74 61 22 2c 22 73 74 61 74 75 73 22 3a 22 70 72 6f 67 72 65 73 73 22 2c 22 72 65 63 65 69 76 65 64 22 3a 33 30 37 38 30 30 2c 22 74 6f 74 61 6c 22 3a 35 37 30 34 38 30 2c 22 70 65 72 63 65 6e 74 22 3a 35 33 7d
[Main -> Renderer] ble:characteristicValueChanged: {
  deviceId: '10b41dcd238d',
  serviceUuid: '4fafc201-1fb5-459e-8fcc-c5c9c331914d',
  characteristicUuid: 'beb5483e-36e1-4688-b7f5-ea07361b26c2',
  value: '7b 22 74 79 70 65 22 3a 22 6f 74 61 22 2c 22 73 74 61 74 75 73 22 3a 22 70 72 6f 67 72 65 73 73 22 2c 22 72 65 63 65 69 76 65 64 22 3a 33 30 37 38 30 30 2c 22 74 6f 74 61 6c 22 3a 35 37 30 34 38 30 2c 22 70 65 72 63 65 6e 74 22 3a 35 33 7d'
}
Notification received: 7b 22 74 79 70 65 22 3a 22 6f 74 61 22 2c 22 73 74 61 74 75 73 22 3a 22 70 72 6f 67 72 65 73 73 22 2c 22 72 65 63 65 69 76 65 64 22 3a 33 30 38 31 36 30 2c 22 74 6f 74 61 6c 22 3a 35 37 30 34 38 30 2c 22 70 65 72 63 65 6e 74 22 3a 35 34 7d
[Main -> Renderer] ble:characteristicValueChanged: {
  deviceId: '10b41dcd238d',
  serviceUuid: '4fafc201-1fb5-459e-8fcc-c5c9c331914d',
  characteristicUuid: 'beb5483e-36e1-4688-b7f5-ea07361b26c2',
  value: '7b 22 74 79 70 65 22 3a 22 6f 74 61 22 2c 22 73 74 61 74 75 73 22 3a 22 70 72 6f 67 72 65 73 73 22 2c 22 72 65 63 65 69 76 65 64 22 3a 33 30 38 31 36 30 2c 22 74 6f 74 61 6c 22 3a 35 37 30 34 38 30 2c 22 70 65 72 63 65 6e 74 22 3a 35 34 7d'
}
Notification received: 7b 22 74 79 70 65 22 3a 22 6f 74 61 22 2c 22 73 74 61 74 75 73 22 3a 22 70 72 6f 67 72 65 73 73 22 2c 22 72 65 63 65 69 76 65 64 22 3a 33 30 38 35 32 30 2c 22 74 6f 74 61 6c 22 3a 35 37 30 34 38 30 2c 22 70 65 72 63 65 6e 74 22 3a 35 34 7d
[Main -> Renderer] ble:characteristicValueChanged: {
  deviceId: '10b41dcd238d',
  serviceUuid: '4fafc201-1fb5-459e-8fcc-c5c9c331914d',
  characteristicUuid: 'beb5483e-36e1-4688-b7f5-ea07361b26c2',
  value: '7b 22 74 79 70 65 22 3a 22 6f 74 61 22 2c 22 73 74 61 74 75 73 22 3a 22 70 72 6f 67 72 65 73 73 22 2c 22 72 65 63 65 69 76 65 64 22 3a 33 30 38 35 32 30 2c 22 74 6f 74 61 6c 22 3a 35 37 30 34 38 30 2c 22 70 65 72 63 65 6e 74 22 3a 35 34 7d'
}
Notification received: 7b 22 74 79 70 65 22 3a 22 6f 74 61 22 2c 22 73 74 61 74 75 73 22 3a 22 70 72 6f 67 72 65 73 73 22 2c 22 72 65 63 65 69 76 65 64 22 3a 33 30 38 38 38 30 2c 22 74 6f 74 61 6c 22 3a 35 37 30 34 38 30 2c 22 70 65 72 63 65 6e 74 22 3a 35 34 7d
[Main -> Renderer] ble:characteristicValueChanged: {
  deviceId: '10b41dcd238d',
  serviceUuid: '4fafc201-1fb5-459e-8fcc-c5c9c331914d',
  characteristicUuid: 'beb5483e-36e1-4688-b7f5-ea07361b26c2',
  value: '7b 22 74 79 70 65 22 3a 22 6f 74 61 22 2c 22 73 74 61 74 75 73 22 3a 22 70 72 6f 67 72 65 73 73 22 2c 22 72 65 63 65 69 76 65 64 22 3a 33 30 38 38 38 30 2c 22 74 6f 74 61 6c 22 3a 35 37 30 34 38 30 2c 22 70 65 72 63 65 6e 74 22 3a 35 34 7d'
}
Notification received: 7b 22 74 79 70 65 22 3a 22 6f 74 61 22 2c 22 73 74 61 74 75 73 22 3a 22 70 72 6f 67 72 65 73 73 22 2c 22 72 65 63 65 69 76 65 64 22 3a 33 30 39 34 32 30 2c 22 74 6f 74 61 6c 22 3a 35 37 30 34 38 30 2c 22 70 65 72 63 65 6e 74 22 3a 35 34 7d
[Main -> Renderer] ble:characteristicValueChanged: {
  deviceId: '10b41dcd238d',
  serviceUuid: '4fafc201-1fb5-459e-8fcc-c5c9c331914d',
  characteristicUuid: 'beb5483e-36e1-4688-b7f5-ea07361b26c2',
  value: '7b 22 74 79 70 65 22 3a 22 6f 74 61 22 2c 22 73 74 61 74 75 73 22 3a 22 70 72 6f 67 72 65 73 73 22 2c 22 72 65 63 65 69 76 65 64 22 3a 33 30 39 34 32 30 2c 22 74 6f 74 61 6c 22 3a 35 37 30 34 38 30 2c 22 70 65 72 63 65 6e 74 22 3a 35 34 7d'
}
Notification received: 7b 22 74 79 70 65 22 3a 22 6f 74 61 22 2c 22 73 74 61 74 75 73 22 3a 22 70 72 6f 67 72 65 73 73 22 2c 22 72 65 63 65 69 76 65 64 22 3a 33 30 39 39 36 30 2c 22 74 6f 74 61 6c 22 3a 35 37 30 34 38 30 2c 22 70 65 72 63 65 6e 74 22 3a 35 34 7d
[Main -> Renderer] ble:characteristicValueChanged: {
  deviceId: '10b41dcd238d',
  serviceUuid: '4fafc201-1fb5-459e-8fcc-c5c9c331914d',
  characteristicUuid: 'beb5483e-36e1-4688-b7f5-ea07361b26c2',
  value: '7b 22 74 79 70 65 22 3a 22 6f 74 61 22 2c 22 73 74 61 74 75 73 22 3a 22 70 72 6f 67 72 65 73 73 22 2c 22 72 65 63 65 69 76 65 64 22 3a 33 30 39 39 36 30 2c 22 74 6f 74 61 6c 22 3a 35 37 30 34 38 30 2c 22 70 65 72 63 65 6e 74 22 3a 35 34 7d'
}
Notification received: 7b 22 74 79 70 65 22 3a 22 6f 74 61 22 2c 22 73 74 61 74 75 73 22 3a 22 70 72 6f 67 72 65 73 73 22 2c 22 72 65 63 65 69 76 65 64 22 3a 33 31 30 33 32 30 2c 22 74 6f 74 61 6c 22 3a 35 37 30 34 38 30 2c 22 70 65 72 63 65 6e 74 22 3a 35 34 7d
[Main -> Renderer] ble:characteristicValueChanged: {
  deviceId: '10b41dcd238d',
  serviceUuid: '4fafc201-1fb5-459e-8fcc-c5c9c331914d',
  characteristicUuid: 'beb5483e-36e1-4688-b7f5-ea07361b26c2',
  value: '7b 22 74 79 70 65 22 3a 22 6f 74 61 22 2c 22 73 74 61 74 75 73 22 3a 22 70 72 6f 67 72 65 73 73 22 2c 22 72 65 63 65 69 76 65 64 22 3a 33 31 30 33 32 30 2c 22 74 6f 74 61 6c 22 3a 35 37 30 34 38 30 2c 22 70 65 72 63 65 6e 74 22 3a 35 34 7d'
}
Notification received: 7b 22 74 79 70 65 22 3a 22 6f 74 61 22 2c 22 73 74 61 74 75 73 22 3a 22 70 72 6f 67 72 65 73 73 22 2c 22 72 65 63 65 69 76 65 64 22 3a 33 31 30 36 38 30 2c 22 74 6f 74 61 6c 22 3a 35 37 30 34 38 30 2c 22 70 65 72 63 65 6e 74 22 3a 35 34 7d
[Main -> Renderer] ble:characteristicValueChanged: {
  deviceId: '10b41dcd238d',
  serviceUuid: '4fafc201-1fb5-459e-8fcc-c5c9c331914d',
  characteristicUuid: 'beb5483e-36e1-4688-b7f5-ea07361b26c2',
  value: '7b 22 74 79 70 65 22 3a 22 6f 74 61 22 2c 22 73 74 61 74 75 73 22 3a 22 70 72 6f 67 72 65 73 73 22 2c 22 72 65 63 65 69 76 65 64 22 3a 33 31 30 36 38 30 2c 22 74 6f 74 61 6c 22 3a 35 37 30 34 38 30 2c 22 70 65 72 63 65 6e 74 22 3a 35 34 7d'
}
Notification received: 7b 22 74 79 70 65 22 3a 22 6f 74 61 22 2c 22 73 74 61 74 75 73 22 3a 22 70 72 6f 67 72 65 73 73 22 2c 22 72 65 63 65 69 76 65 64 22 3a 33 31 31 30 34 30 2c 22 74 6f 74 61 6c 22 3a 35 37 30 34 38 30 2c 22 70 65 72 63 65 6e 74 22 3a 35 34 7d
[Main -> Renderer] ble:characteristicValueChanged: {
  deviceId: '10b41dcd238d',
  serviceUuid: '4fafc201-1fb5-459e-8fcc-c5c9c331914d',
  characteristicUuid: 'beb5483e-36e1-4688-b7f5-ea07361b26c2',
  value: '7b 22 74 79 70 65 22 3a 22 6f 74 61 22 2c 22 73 74 61 74 75 73 22 3a 22 70 72 6f 67 72 65 73 73 22 2c 22 72 65 63 65 69 76 65 64 22 3a 33 31 31 30 34 30 2c 22 74 6f 74 61 6c 22 3a 35 37 30 34 38 30 2c 22 70 65 72 63 65 6e 74 22 3a 35 34 7d'
}
Notification received: 7b 22 74 79 70 65 22 3a 22 6f 74 61 22 2c 22 73 74 61 74 75 73 22 3a 22 70 72 6f 67 72 65 73 73 22 2c 22 72 65 63 65 69 76 65 64 22 3a 33 31 31 35 38 30 2c 22 74 6f 74 61 6c 22 3a 35 37 30 34 38 30 2c 22 70 65 72 63 65 6e 74 22 3a 35 34 7d
[Main -> Renderer] ble:characteristicValueChanged: {
  deviceId: '10b41dcd238d',
  serviceUuid: '4fafc201-1fb5-459e-8fcc-c5c9c331914d',
  characteristicUuid: 'beb5483e-36e1-4688-b7f5-ea07361b26c2',
  value: '7b 22 74 79 70 65 22 3a 22 6f 74 61 22 2c 22 73 74 61 74 75 73 22 3a 22 70 72 6f 67 72 65 73 73 22 2c 22 72 65 63 65 69 76 65 64 22 3a 33 31 31 35 38 30 2c 22 74 6f 74 61 6c 22 3a 35 37 30 34 38 30 2c 22 70 65 72 63 65 6e 74 22 3a 35 34 7d'
}
Notification received: 7b 22 74 79 70 65 22 3a 22 6f 74 61 22 2c 22 73 74 61 74 75 73 22 3a 22 70 72 6f 67 72 65 73 73 22 2c 22 72 65 63 65 69 76 65 64 22 3a 33 31 32 31 32 30 2c 22 74 6f 74 61 6c 22 3a 35 37 30 34 38 30 2c 22 70 65 72 63 65 6e 74 22 3a 35 34 7d
[Main -> Renderer] ble:characteristicValueChanged: {
  deviceId: '10b41dcd238d',
  serviceUuid: '4fafc201-1fb5-459e-8fcc-c5c9c331914d',
  characteristicUuid: 'beb5483e-36e1-4688-b7f5-ea07361b26c2',
  value: '7b 22 74 79 70 65 22 3a 22 6f 74 61 22 2c 22 73 74 61 74 75 73 22 3a 22 70 72 6f 67 72 65 73 73 22 2c 22 72 65 63 65 69 76 65 64 22 3a 33 31 32 31 32 30 2c 22 74 6f 74 61 6c 22 3a 35 37 30 34 38 30 2c 22 70 65 72 63 65 6e 74 22 3a 35 34 7d'
}
Notification received: 7b 22 74 79 70 65 22 3a 22 6f 74 61 22 2c 22 73 74 61 74 75 73 22 3a 22 70 72 6f 67 72 65 73 73 22 2c 22 72 65 63 65 69 76 65 64 22 3a 33 31 32 36 36 30 2c 22 74 6f 74 61 6c 22 3a 35 37 30 34 38 30 2c 22 70 65 72 63 65 6e 74 22 3a 35 34 7d
[Main -> Renderer] ble:characteristicValueChanged: {
  deviceId: '10b41dcd238d',
  serviceUuid: '4fafc201-1fb5-459e-8fcc-c5c9c331914d',
  characteristicUuid: 'beb5483e-36e1-4688-b7f5-ea07361b26c2',
  value: '7b 22 74 79 70 65 22 3a 22 6f 74 61 22 2c 22 73 74 61 74 75 73 22 3a 22 70 72 6f 67 72 65 73 73 22 2c 22 72 65 63 65 69 76 65 64 22 3a 33 31 32 36 36 30 2c 22 74 6f 74 61 6c 22 3a 35 37 30 34 38 30 2c 22 70 65 72 63 65 6e 74 22 3a 35 34 7d'
}
Notification received: 7b 22 74 79 70 65 22 3a 22 6f 74 61 22 2c 22 73 74 61 74 75 73 22 3a 22 70 72 6f 67 72 65 73 73 22 2c 22 72 65 63 65 69 76 65 64 22 3a 33 31 33 32 30 30 2c 22 74 6f 74 61 6c 22 3a 35 37 30 34 38 30 2c 22 70 65 72 63 65 6e 74 22 3a 35 34 7d
[Main -> Renderer] ble:characteristicValueChanged: {
  deviceId: '10b41dcd238d',
  serviceUuid: '4fafc201-1fb5-459e-8fcc-c5c9c331914d',
  characteristicUuid: 'beb5483e-36e1-4688-b7f5-ea07361b26c2',
  value: '7b 22 74 79 70 65 22 3a 22 6f 74 61 22 2c 22 73 74 61 74 75 73 22 3a 22 70 72 6f 67 72 65 73 73 22 2c 22 72 65 63 65 69 76 65 64 22 3a 33 31 33 32 30 30 2c 22 74 6f 74 61 6c 22 3a 35 37 30 34 38 30 2c 22 70 65 72 63 65 6e 74 22 3a 35 34 7d'
}
Notification received: 7b 22 74 79 70 65 22 3a 22 6f 74 61 22 2c 22 73 74 61 74 75 73 22 3a 22 70 72 6f 67 72 65 73 73 22 2c 22 72 65 63 65 69 76 65 64 22 3a 33 31 33 35 36 30 2c 22 74 6f 74 61 6c 22 3a 35 37 30 34 38 30 2c 22 70 65 72 63 65 6e 74 22 3a 35 34 7d
[Main -> Renderer] ble:characteristicValueChanged: {
  deviceId: '10b41dcd238d',
  serviceUuid: '4fafc201-1fb5-459e-8fcc-c5c9c331914d',
  characteristicUuid: 'beb5483e-36e1-4688-b7f5-ea07361b26c2',
  value: '7b 22 74 79 70 65 22 3a 22 6f 74 61 22 2c 22 73 74 61 74 75 73 22 3a 22 70 72 6f 67 72 65 73 73 22 2c 22 72 65 63 65 69 76 65 64 22 3a 33 31 33 35 36 30 2c 22 74 6f 74 61 6c 22 3a 35 37 30 34 38 30 2c 22 70 65 72 63 65 6e 74 22 3a 35 34 7d'
}
Notification received: 7b 22 74 79 70 65 22 3a 22 6f 74 61 22 2c 22 73 74 61 74 75 73 22 3a 22 70 72 6f 67 72 65 73 73 22 2c 22 72 65 63 65 69 76 65 64 22 3a 33 31 34 31 30 30 2c 22 74 6f 74 61 6c 22 3a 35 37 30 34 38 30 2c 22 70 65 72 63 65 6e 74 22 3a 35 35 7d
[Main -> Renderer] ble:characteristicValueChanged: {
  deviceId: '10b41dcd238d',
  serviceUuid: '4fafc201-1fb5-459e-8fcc-c5c9c331914d',
  characteristicUuid: 'beb5483e-36e1-4688-b7f5-ea07361b26c2',
  value: '7b 22 74 79 70 65 22 3a 22 6f 74 61 22 2c 22 73 74 61 74 75 73 22 3a 22 70 72 6f 67 72 65 73 73 22 2c 22 72 65 63 65 69 76 65 64 22 3a 33 31 34 31 30 30 2c 22 74 6f 74 61 6c 22 3a 35 37 30 34 38 30 2c 22 70 65 72 63 65 6e 74 22 3a 35 35 7d'
}
Notification received: 7b 22 74 79 70 65 22 3a 22 6f 74 61 22 2c 22 73 74 61 74 75 73 22 3a 22 70 72 6f 67 72 65 73 73 22 2c 22 72 65 63 65 69 76 65 64 22 3a 33 31 34 34 36 30 2c 22 74 6f 74 61 6c 22 3a 35 37 30 34 38 30 2c 22 70 65 72 63 65 6e 74 22 3a 35 35 7d
[Main -> Renderer] ble:characteristicValueChanged: {
  deviceId: '10b41dcd238d',
  serviceUuid: '4fafc201-1fb5-459e-8fcc-c5c9c331914d',
  characteristicUuid: 'beb5483e-36e1-4688-b7f5-ea07361b26c2',
  value: '7b 22 74 79 70 65 22 3a 22 6f 74 61 22 2c 22 73 74 61 74 75 73 22 3a 22 70 72 6f 67 72 65 73 73 22 2c 22 72 65 63 65 69 76 65 64 22 3a 33 31 34 34 36 30 2c 22 74 6f 74 61 6c 22 3a 35 37 30 34 38 30 2c 22 70 65 72 63 65 6e 74 22 3a 35 35 7d'
}
Notification received: 7b 22 74 79 70 65 22 3a 22 6f 74 61 22 2c 22 73 74 61 74 75 73 22 3a 22 70 72 6f 67 72 65 73 73 22 2c 22 72 65 63 65 69 76 65 64 22 3a 33 31 34 38 32 30 2c 22 74 6f 74 61 6c 22 3a 35 37 30 34 38 30 2c 22 70 65 72 63 65 6e 74 22 3a 35 35 7d
[Main -> Renderer] ble:characteristicValueChanged: {
  deviceId: '10b41dcd238d',
  serviceUuid: '4fafc201-1fb5-459e-8fcc-c5c9c331914d',
  characteristicUuid: 'beb5483e-36e1-4688-b7f5-ea07361b26c2',
  value: '7b 22 74 79 70 65 22 3a 22 6f 74 61 22 2c 22 73 74 61 74 75 73 22 3a 22 70 72 6f 67 72 65 73 73 22 2c 22 72 65 63 65 69 76 65 64 22 3a 33 31 34 38 32 30 2c 22 74 6f 74 61 6c 22 3a 35 37 30 34 38 30 2c 22 70 65 72 63 65 6e 74 22 3a 35 35 7d'
}
Notification received: 7b 22 74 79 70 65 22 3a 22 6f 74 61 22 2c 22 73 74 61 74 75 73 22 3a 22 70 72 6f 67 72 65 73 73 22 2c 22 72 65 63 65 69 76 65 64 22 3a 33 31 35 31 38 30 2c 22 74 6f 74 61 6c 22 3a 35 37 30 34 38 30 2c 22 70 65 72 63 65 6e 74 22 3a 35 35 7d
[Main -> Renderer] ble:characteristicValueChanged: {
  deviceId: '10b41dcd238d',
  serviceUuid: '4fafc201-1fb5-459e-8fcc-c5c9c331914d',
  characteristicUuid: 'beb5483e-36e1-4688-b7f5-ea07361b26c2',
  value: '7b 22 74 79 70 65 22 3a 22 6f 74 61 22 2c 22 73 74 61 74 75 73 22 3a 22 70 72 6f 67 72 65 73 73 22 2c 22 72 65 63 65 69 76 65 64 22 3a 33 31 35 31 38 30 2c 22 74 6f 74 61 6c 22 3a 35 37 30 34 38 30 2c 22 70 65 72 63 65 6e 74 22 3a 35 35 7d'
}
Notification received: 7b 22 74 79 70 65 22 3a 22 6f 74 61 22 2c 22 73 74 61 74 75 73 22 3a 22 70 72 6f 67 72 65 73 73 22 2c 22 72 65 63 65 69 76 65 64 22 3a 33 31 35 35 34 30 2c 22 74 6f 74 61 6c 22 3a 35 37 30 34 38 30 2c 22 70 65 72 63 65 6e 74 22 3a 35 35 7d
[Main -> Renderer] ble:characteristicValueChanged: {
  deviceId: '10b41dcd238d',
  serviceUuid: '4fafc201-1fb5-459e-8fcc-c5c9c331914d',
  characteristicUuid: 'beb5483e-36e1-4688-b7f5-ea07361b26c2',
  value: '7b 22 74 79 70 65 22 3a 22 6f 74 61 22 2c 22 73 74 61 74 75 73 22 3a 22 70 72 6f 67 72 65 73 73 22 2c 22 72 65 63 65 69 76 65 64 22 3a 33 31 35 35 34 30 2c 22 74 6f 74 61 6c 22 3a 35 37 30 34 38 30 2c 22 70 65 72 63 65 6e 74 22 3a 35 35 7d'
}
Notification received: 7b 22 74 79 70 65 22 3a 22 6f 74 61 22 2c 22 73 74 61 74 75 73 22 3a 22 70 72 6f 67 72 65 73 73 22 2c 22 72 65 63 65 69 76 65 64 22 3a 33 31 35 39 30 30 2c 22 74 6f 74 61 6c 22 3a 35 37 30 34 38 30 2c 22 70 65 72 63 65 6e 74 22 3a 35 35 7d
[Main -> Renderer] ble:characteristicValueChanged: {
  deviceId: '10b41dcd238d',
  serviceUuid: '4fafc201-1fb5-459e-8fcc-c5c9c331914d',
  characteristicUuid: 'beb5483e-36e1-4688-b7f5-ea07361b26c2',
  value: '7b 22 74 79 70 65 22 3a 22 6f 74 61 22 2c 22 73 74 61 74 75 73 22 3a 22 70 72 6f 67 72 65 73 73 22 2c 22 72 65 63 65 69 76 65 64 22 3a 33 31 35 39 30 30 2c 22 74 6f 74 61 6c 22 3a 35 37 30 34 38 30 2c 22 70 65 72 63 65 6e 74 22 3a 35 35 7d'
}
Notification received: 7b 22 74 79 70 65 22 3a 22 6f 74 61 22 2c 22 73 74 61 74 75 73 22 3a 22 70 72 6f 67 72 65 73 73 22 2c 22 72 65 63 65 69 76 65 64 22 3a 33 31 36 32 36 30 2c 22 74 6f 74 61 6c 22 3a 35 37 30 34 38 30 2c 22 70 65 72 63 65 6e 74 22 3a 35 35 7d
[Main -> Renderer] ble:characteristicValueChanged: {
  deviceId: '10b41dcd238d',
  serviceUuid: '4fafc201-1fb5-459e-8fcc-c5c9c331914d',
  characteristicUuid: 'beb5483e-36e1-4688-b7f5-ea07361b26c2',
  value: '7b 22 74 79 70 65 22 3a 22 6f 74 61 22 2c 22 73 74 61 74 75 73 22 3a 22 70 72 6f 67 72 65 73 73 22 2c 22 72 65 63 65 69 76 65 64 22 3a 33 31 36 32 36 30 2c 22 74 6f 74 61 6c 22 3a 35 37 30 34 38 30 2c 22 70 65 72 63 65 6e 74 22 3a 35 35 7d'
}
Notification received: 7b 22 74 79 70 65 22 3a 22 6f 74 61 22 2c 22 73 74 61 74 75 73 22 3a 22 70 72 6f 67 72 65 73 73 22 2c 22 72 65 63 65 69 76 65 64 22 3a 33 31 36 38 30 30 2c 22 74 6f 74 61 6c 22 3a 35 37 30 34 38 30 2c 22 70 65 72 63 65 6e 74 22 3a 35 35 7d
[Main -> Renderer] ble:characteristicValueChanged: {
  deviceId: '10b41dcd238d',
  serviceUuid: '4fafc201-1fb5-459e-8fcc-c5c9c331914d',
  characteristicUuid: 'beb5483e-36e1-4688-b7f5-ea07361b26c2',
  value: '7b 22 74 79 70 65 22 3a 22 6f 74 61 22 2c 22 73 74 61 74 75 73 22 3a 22 70 72 6f 67 72 65 73 73 22 2c 22 72 65 63 65 69 76 65 64 22 3a 33 31 36 38 30 30 2c 22 74 6f 74 61 6c 22 3a 35 37 30 34 38 30 2c 22 70 65 72 63 65 6e 74 22 3a 35 35 7d'
}
Notification received: 7b 22 74 79 70 65 22 3a 22 6f 74 61 22 2c 22 73 74 61 74 75 73 22 3a 22 70 72 6f 67 72 65 73 73 22 2c 22 72 65 63 65 69 76 65 64 22 3a 33 31 37 33 34 30 2c 22 74 6f 74 61 6c 22 3a 35 37 30 34 38 30 2c 22 70 65 72 63 65 6e 74 22 3a 35 35 7d
[Main -> Renderer] ble:characteristicValueChanged: {
  deviceId: '10b41dcd238d',
  serviceUuid: '4fafc201-1fb5-459e-8fcc-c5c9c331914d',
  characteristicUuid: 'beb5483e-36e1-4688-b7f5-ea07361b26c2',
  value: '7b 22 74 79 70 65 22 3a 22 6f 74 61 22 2c 22 73 74 61 74 75 73 22 3a 22 70 72 6f 67 72 65 73 73 22 2c 22 72 65 63 65 69 76 65 64 22 3a 33 31 37 33 34 30 2c 22 74 6f 74 61 6c 22 3a 35 37 30 34 38 30 2c 22 70 65 72 63 65 6e 74 22 3a 35 35 7d'
}
Notification received: 7b 22 74 79 70 65 22 3a 22 6f 74 61 22 2c 22 73 74 61 74 75 73 22 3a 22 70 72 6f 67 72 65 73 73 22 2c 22 72 65 63 65 69 76 65 64 22 3a 33 31 37 37 30 30 2c 22 74 6f 74 61 6c 22 3a 35 37 30 34 38 30 2c 22 70 65 72 63 65 6e 74 22 3a 35 35 7d
[Main -> Renderer] ble:characteristicValueChanged: {
  deviceId: '10b41dcd238d',
  serviceUuid: '4fafc201-1fb5-459e-8fcc-c5c9c331914d',
  characteristicUuid: 'beb5483e-36e1-4688-b7f5-ea07361b26c2',
  value: '7b 22 74 79 70 65 22 3a 22 6f 74 61 22 2c 22 73 74 61 74 75 73 22 3a 22 70 72 6f 67 72 65 73 73 22 2c 22 72 65 63 65 69 76 65 64 22 3a 33 31 37 37 30 30 2c 22 74 6f 74 61 6c 22 3a 35 37 30 34 38 30 2c 22 70 65 72 63 65 6e 74 22 3a 35 35 7d'
}
Notification received: 7b 22 74 79 70 65 22 3a 22 6f 74 61 22 2c 22 73 74 61 74 75 73 22 3a 22 70 72 6f 67 72 65 73 73 22 2c 22 72 65 63 65 69 76 65 64 22 3a 33 31 38 32 34 30 2c 22 74 6f 74 61 6c 22 3a 35 37 30 34 38 30 2c 22 70 65 72 63 65 6e 74 22 3a 35 35 7d
[Main -> Renderer] ble:characteristicValueChanged: {
  deviceId: '10b41dcd238d',
  serviceUuid: '4fafc201-1fb5-459e-8fcc-c5c9c331914d',
  characteristicUuid: 'beb5483e-36e1-4688-b7f5-ea07361b26c2',
  value: '7b 22 74 79 70 65 22 3a 22 6f 74 61 22 2c 22 73 74 61 74 75 73 22 3a 22 70 72 6f 67 72 65 73 73 22 2c 22 72 65 63 65 69 76 65 64 22 3a 33 31 38 32 34 30 2c 22 74 6f 74 61 6c 22 3a 35 37 30 34 38 30 2c 22 70 65 72 63 65 6e 74 22 3a 35 35 7d'
}
Notification received: 7b 22 74 79 70 65 22 3a 22 6f 74 61 22 2c 22 73 74 61 74 75 73 22 3a 22 70 72 6f 67 72 65 73 73 22 2c 22 72 65 63 65 69 76 65 64 22 3a 33 31 38 37 38 30 2c 22 74 6f 74 61 6c 22 3a 35 37 30 34 38 30 2c 22 70 65 72 63 65 6e 74 22 3a 35 35 7d
[Main -> Renderer] ble:characteristicValueChanged: {
  deviceId: '10b41dcd238d',
  serviceUuid: '4fafc201-1fb5-459e-8fcc-c5c9c331914d',
  characteristicUuid: 'beb5483e-36e1-4688-b7f5-ea07361b26c2',
  value: '7b 22 74 79 70 65 22 3a 22 6f 74 61 22 2c 22 73 74 61 74 75 73 22 3a 22 70 72 6f 67 72 65 73 73 22 2c 22 72 65 63 65 69 76 65 64 22 3a 33 31 38 37 38 30 2c 22 74 6f 74 61 6c 22 3a 35 37 30 34 38 30 2c 22 70 65 72 63 65 6e 74 22 3a 35 35 7d'
}
Notification received: 7b 22 74 79 70 65 22 3a 22 6f 74 61 22 2c 22 73 74 61 74 75 73 22 3a 22 70 72 6f 67 72 65 73 73 22 2c 22 72 65 63 65 69 76 65 64 22 3a 33 31 39 33 32 30 2c 22 74 6f 74 61 6c 22 3a 35 37 30 34 38 30 2c 22 70 65 72 63 65 6e 74 22 3a 35 35 7d
[Main -> Renderer] ble:characteristicValueChanged: {
  deviceId: '10b41dcd238d',
  serviceUuid: '4fafc201-1fb5-459e-8fcc-c5c9c331914d',
  characteristicUuid: 'beb5483e-36e1-4688-b7f5-ea07361b26c2',
  value: '7b 22 74 79 70 65 22 3a 22 6f 74 61 22 2c 22 73 74 61 74 75 73 22 3a 22 70 72 6f 67 72 65 73 73 22 2c 22 72 65 63 65 69 76 65 64 22 3a 33 31 39 33 32 30 2c 22 74 6f 74 61 6c 22 3a 35 37 30 34 38 30 2c 22 70 65 72 63 65 6e 74 22 3a 35 35 7d'
}
Notification received: 7b 22 74 79 70 65 22 3a 22 6f 74 61 22 2c 22 73 74 61 74 75 73 22 3a 22 70 72 6f 67 72 65 73 73 22 2c 22 72 65 63 65 69 76 65 64 22 3a 33 31 39 36 38 30 2c 22 74 6f 74 61 6c 22 3a 35 37 30 34 38 30 2c 22 70 65 72 63 65 6e 74 22 3a 35 36 7d
[Main -> Renderer] ble:characteristicValueChanged: {
  deviceId: '10b41dcd238d',
  serviceUuid: '4fafc201-1fb5-459e-8fcc-c5c9c331914d',
  characteristicUuid: 'beb5483e-36e1-4688-b7f5-ea07361b26c2',
  value: '7b 22 74 79 70 65 22 3a 22 6f 74 61 22 2c 22 73 74 61 74 75 73 22 3a 22 70 72 6f 67 72 65 73 73 22 2c 22 72 65 63 65 69 76 65 64 22 3a 33 31 39 36 38 30 2c 22 74 6f 74 61 6c 22 3a 35 37 30 34 38 30 2c 22 70 65 72 63 65 6e 74 22 3a 35 36 7d'
}
Notification received: 7b 22 74 79 70 65 22 3a 22 6f 74 61 22 2c 22 73 74 61 74 75 73 22 3a 22 70 72 6f 67 72 65 73 73 22 2c 22 72 65 63 65 69 76 65 64 22 3a 33 32 30 30 34 30 2c 22 74 6f 74 61 6c 22 3a 35 37 30 34 38 30 2c 22 70 65 72 63 65 6e 74 22 3a 35 36 7d
[Main -> Renderer] ble:characteristicValueChanged: {
  deviceId: '10b41dcd238d',
  serviceUuid: '4fafc201-1fb5-459e-8fcc-c5c9c331914d',
  characteristicUuid: 'beb5483e-36e1-4688-b7f5-ea07361b26c2',
  value: '7b 22 74 79 70 65 22 3a 22 6f 74 61 22 2c 22 73 74 61 74 75 73 22 3a 22 70 72 6f 67 72 65 73 73 22 2c 22 72 65 63 65 69 76 65 64 22 3a 33 32 30 30 34 30 2c 22 74 6f 74 61 6c 22 3a 35 37 30 34 38 30 2c 22 70 65 72 63 65 6e 74 22 3a 35 36 7d'
}
Notification received: 7b 22 74 79 70 65 22 3a 22 6f 74 61 22 2c 22 73 74 61 74 75 73 22 3a 22 70 72 6f 67 72 65 73 73 22 2c 22 72 65 63 65 69 76 65 64 22 3a 33 32 30 34 30 30 2c 22 74 6f 74 61 6c 22 3a 35 37 30 34 38 30 2c 22 70 65 72 63 65 6e 74 22 3a 35 36 7d
[Main -> Renderer] ble:characteristicValueChanged: {
  deviceId: '10b41dcd238d',
  serviceUuid: '4fafc201-1fb5-459e-8fcc-c5c9c331914d',
  characteristicUuid: 'beb5483e-36e1-4688-b7f5-ea07361b26c2',
  value: '7b 22 74 79 70 65 22 3a 22 6f 74 61 22 2c 22 73 74 61 74 75 73 22 3a 22 70 72 6f 67 72 65 73 73 22 2c 22 72 65 63 65 69 76 65 64 22 3a 33 32 30 34 30 30 2c 22 74 6f 74 61 6c 22 3a 35 37 30 34 38 30 2c 22 70 65 72 63 65 6e 74 22 3a 35 36 7d'
}
Notification received: 7b 22 74 79 70 65 22 3a 22 6f 74 61 22 2c 22 73 74 61 74 75 73 22 3a 22 70 72 6f 67 72 65 73 73 22 2c 22 72 65 63 65 69 76 65 64 22 3a 33 32 30 37 36 30 2c 22 74 6f 74 61 6c 22 3a 35 37 30 34 38 30 2c 22 70 65 72 63 65 6e 74 22 3a 35 36 7d
[Main -> Renderer] ble:characteristicValueChanged: {
  deviceId: '10b41dcd238d',
  serviceUuid: '4fafc201-1fb5-459e-8fcc-c5c9c331914d',
  characteristicUuid: 'beb5483e-36e1-4688-b7f5-ea07361b26c2',
  value: '7b 22 74 79 70 65 22 3a 22 6f 74 61 22 2c 22 73 74 61 74 75 73 22 3a 22 70 72 6f 67 72 65 73 73 22 2c 22 72 65 63 65 69 76 65 64 22 3a 33 32 30 37 36 30 2c 22 74 6f 74 61 6c 22 3a 35 37 30 34 38 30 2c 22 70 65 72 63 65 6e 74 22 3a 35 36 7d'
}
Notification received: 7b 22 74 79 70 65 22 3a 22 6f 74 61 22 2c 22 73 74 61 74 75 73 22 3a 22 70 72 6f 67 72 65 73 73 22 2c 22 72 65 63 65 69 76 65 64 22 3a 33 32 31 31 32 30 2c 22 74 6f 74 61 6c 22 3a 35 37 30 34 38 30 2c 22 70 65 72 63 65 6e 74 22 3a 35 36 7d
[Main -> Renderer] ble:characteristicValueChanged: {
  deviceId: '10b41dcd238d',
  serviceUuid: '4fafc201-1fb5-459e-8fcc-c5c9c331914d',
  characteristicUuid: 'beb5483e-36e1-4688-b7f5-ea07361b26c2',
  value: '7b 22 74 79 70 65 22 3a 22 6f 74 61 22 2c 22 73 74 61 74 75 73 22 3a 22 70 72 6f 67 72 65 73 73 22 2c 22 72 65 63 65 69 76 65 64 22 3a 33 32 31 31 32 30 2c 22 74 6f 74 61 6c 22 3a 35 37 30 34 38 30 2c 22 70 65 72 63 65 6e 74 22 3a 35 36 7d'
}
Notification received: 7b 22 74 79 70 65 22 3a 22 6f 74 61 22 2c 22 73 74 61 74 75 73 22 3a 22 70 72 6f 67 72 65 73 73 22 2c 22 72 65 63 65 69 76 65 64 22 3a 33 32 31 36 36 30 2c 22 74 6f 74 61 6c 22 3a 35 37 30 34 38 30 2c 22 70 65 72 63 65 6e 74 22 3a 35 36 7d
[Main -> Renderer] ble:characteristicValueChanged: {
  deviceId: '10b41dcd238d',
  serviceUuid: '4fafc201-1fb5-459e-8fcc-c5c9c331914d',
  characteristicUuid: 'beb5483e-36e1-4688-b7f5-ea07361b26c2',
  value: '7b 22 74 79 70 65 22 3a 22 6f 74 61 22 2c 22 73 74 61 74 75 73 22 3a 22 70 72 6f 67 72 65 73 73 22 2c 22 72 65 63 65 69 76 65 64 22 3a 33 32 31 36 36 30 2c 22 74 6f 74 61 6c 22 3a 35 37 30 34 38 30 2c 22 70 65 72 63 65 6e 74 22 3a 35 36 7d'
}
Notification received: 7b 22 74 79 70 65 22 3a 22 6f 74 61 22 2c 22 73 74 61 74 75 73 22 3a 22 70 72 6f 67 72 65 73 73 22 2c 22 72 65 63 65 69 76 65 64 22 3a 33 32 32 32 30 30 2c 22 74 6f 74 61 6c 22 3a 35 37 30 34 38 30 2c 22 70 65 72 63 65 6e 74 22 3a 35 36 7d
[Main -> Renderer] ble:characteristicValueChanged: {
  deviceId: '10b41dcd238d',
  serviceUuid: '4fafc201-1fb5-459e-8fcc-c5c9c331914d',
  characteristicUuid: 'beb5483e-36e1-4688-b7f5-ea07361b26c2',
  value: '7b 22 74 79 70 65 22 3a 22 6f 74 61 22 2c 22 73 74 61 74 75 73 22 3a 22 70 72 6f 67 72 65 73 73 22 2c 22 72 65 63 65 69 76 65 64 22 3a 33 32 32 32 30 30 2c 22 74 6f 74 61 6c 22 3a 35 37 30 34 38 30 2c 22 70 65 72 63 65 6e 74 22 3a 35 36 7d'
}
Notification received: 7b 22 74 79 70 65 22 3a 22 6f 74 61 22 2c 22 73 74 61 74 75 73 22 3a 22 70 72 6f 67 72 65 73 73 22 2c 22 72 65 63 65 69 76 65 64 22 3a 33 32 32 37 34 30 2c 22 74 6f 74 61 6c 22 3a 35 37 30 34 38 30 2c 22 70 65 72 63 65 6e 74 22 3a 35 36 7d
[Main -> Renderer] ble:characteristicValueChanged: {
  deviceId: '10b41dcd238d',
  serviceUuid: '4fafc201-1fb5-459e-8fcc-c5c9c331914d',
  characteristicUuid: 'beb5483e-36e1-4688-b7f5-ea07361b26c2',
  value: '7b 22 74 79 70 65 22 3a 22 6f 74 61 22 2c 22 73 74 61 74 75 73 22 3a 22 70 72 6f 67 72 65 73 73 22 2c 22 72 65 63 65 69 76 65 64 22 3a 33 32 32 37 34 30 2c 22 74 6f 74 61 6c 22 3a 35 37 30 34 38 30 2c 22 70 65 72 63 65 6e 74 22 3a 35 36 7d'
}
Notification received: 7b 22 74 79 70 65 22 3a 22 6f 74 61 22 2c 22 73 74 61 74 75 73 22 3a 22 70 72 6f 67 72 65 73 73 22 2c 22 72 65 63 65 69 76 65 64 22 3a 33 32 33 32 38 30 2c 22 74 6f 74 61 6c 22 3a 35 37 30 34 38 30 2c 22 70 65 72 63 65 6e 74 22 3a 35 36 7d
[Main -> Renderer] ble:characteristicValueChanged: {
  deviceId: '10b41dcd238d',
  serviceUuid: '4fafc201-1fb5-459e-8fcc-c5c9c331914d',
  characteristicUuid: 'beb5483e-36e1-4688-b7f5-ea07361b26c2',
  value: '7b 22 74 79 70 65 22 3a 22 6f 74 61 22 2c 22 73 74 61 74 75 73 22 3a 22 70 72 6f 67 72 65 73 73 22 2c 22 72 65 63 65 69 76 65 64 22 3a 33 32 33 32 38 30 2c 22 74 6f 74 61 6c 22 3a 35 37 30 34 38 30 2c 22 70 65 72 63 65 6e 74 22 3a 35 36 7d'
}
Notification received: 7b 22 74 79 70 65 22 3a 22 6f 74 61 22 2c 22 73 74 61 74 75 73 22 3a 22 70 72 6f 67 72 65 73 73 22 2c 22 72 65 63 65 69 76 65 64 22 3a 33 32 33 38 32 30 2c 22 74 6f 74 61 6c 22 3a 35 37 30 34 38 30 2c 22 70 65 72 63 65 6e 74 22 3a 35 36 7d
[Main -> Renderer] ble:characteristicValueChanged: {
  deviceId: '10b41dcd238d',
  serviceUuid: '4fafc201-1fb5-459e-8fcc-c5c9c331914d',
  characteristicUuid: 'beb5483e-36e1-4688-b7f5-ea07361b26c2',
  value: '7b 22 74 79 70 65 22 3a 22 6f 74 61 22 2c 22 73 74 61 74 75 73 22 3a 22 70 72 6f 67 72 65 73 73 22 2c 22 72 65 63 65 69 76 65 64 22 3a 33 32 33 38 32 30 2c 22 74 6f 74 61 6c 22 3a 35 37 30 34 38 30 2c 22 70 65 72 63 65 6e 74 22 3a 35 36 7d'
}
Notification received: 7b 22 74 79 70 65 22 3a 22 6f 74 61 22 2c 22 73 74 61 74 75 73 22 3a 22 70 72 6f 67 72 65 73 73 22 2c 22 72 65 63 65 69 76 65 64 22 3a 33 32 34 33 36 30 2c 22 74 6f 74 61 6c 22 3a 35 37 30 34 38 30 2c 22 70 65 72 63 65 6e 74 22 3a 35 36 7d
[Main -> Renderer] ble:characteristicValueChanged: {
  deviceId: '10b41dcd238d',
  serviceUuid: '4fafc201-1fb5-459e-8fcc-c5c9c331914d',
  characteristicUuid: 'beb5483e-36e1-4688-b7f5-ea07361b26c2',
  value: '7b 22 74 79 70 65 22 3a 22 6f 74 61 22 2c 22 73 74 61 74 75 73 22 3a 22 70 72 6f 67 72 65 73 73 22 2c 22 72 65 63 65 69 76 65 64 22 3a 33 32 34 33 36 30 2c 22 74 6f 74 61 6c 22 3a 35 37 30 34 38 30 2c 22 70 65 72 63 65 6e 74 22 3a 35 36 7d'
}
Notification received: 7b 22 74 79 70 65 22 3a 22 6f 74 61 22 2c 22 73 74 61 74 75 73 22 3a 22 70 72 6f 67 72 65 73 73 22 2c 22 72 65 63 65 69 76 65 64 22 3a 33 32 34 37 32 30 2c 22 74 6f 74 61 6c 22 3a 35 37 30 34 38 30 2c 22 70 65 72 63 65 6e 74 22 3a 35 36 7d
[Main -> Renderer] ble:characteristicValueChanged: {
  deviceId: '10b41dcd238d',
  serviceUuid: '4fafc201-1fb5-459e-8fcc-c5c9c331914d',
  characteristicUuid: 'beb5483e-36e1-4688-b7f5-ea07361b26c2',
  value: '7b 22 74 79 70 65 22 3a 22 6f 74 61 22 2c 22 73 74 61 74 75 73 22 3a 22 70 72 6f 67 72 65 73 73 22 2c 22 72 65 63 65 69 76 65 64 22 3a 33 32 34 37 32 30 2c 22 74 6f 74 61 6c 22 3a 35 37 30 34 38 30 2c 22 70 65 72 63 65 6e 74 22 3a 35 36 7d'
}
Notification received: 7b 22 74 79 70 65 22 3a 22 6f 74 61 22 2c 22 73 74 61 74 75 73 22 3a 22 70 72 6f 67 72 65 73 73 22 2c 22 72 65 63 65 69 76 65 64 22 3a 33 32 35 30 38 30 2c 22 74 6f 74 61 6c 22 3a 35 37 30 34 38 30 2c 22 70 65 72 63 65 6e 74 22 3a 35 36 7d
[Main -> Renderer] ble:characteristicValueChanged: {
  deviceId: '10b41dcd238d',
  serviceUuid: '4fafc201-1fb5-459e-8fcc-c5c9c331914d',
  characteristicUuid: 'beb5483e-36e1-4688-b7f5-ea07361b26c2',
  value: '7b 22 74 79 70 65 22 3a 22 6f 74 61 22 2c 22 73 74 61 74 75 73 22 3a 22 70 72 6f 67 72 65 73 73 22 2c 22 72 65 63 65 69 76 65 64 22 3a 33 32 35 30 38 30 2c 22 74 6f 74 61 6c 22 3a 35 37 30 34 38 30 2c 22 70 65 72 63 65 6e 74 22 3a 35 36 7d'
}
Notification received: 7b 22 74 79 70 65 22 3a 22 6f 74 61 22 2c 22 73 74 61 74 75 73 22 3a 22 70 72 6f 67 72 65 73 73 22 2c 22 72 65 63 65 69 76 65 64 22 3a 33 32 35 34 34 30 2c 22 74 6f 74 61 6c 22 3a 35 37 30 34 38 30 2c 22 70 65 72 63 65 6e 74 22 3a 35 37 7d
[Main -> Renderer] ble:characteristicValueChanged: {
  deviceId: '10b41dcd238d',
  serviceUuid: '4fafc201-1fb5-459e-8fcc-c5c9c331914d',
  characteristicUuid: 'beb5483e-36e1-4688-b7f5-ea07361b26c2',
  value: '7b 22 74 79 70 65 22 3a 22 6f 74 61 22 2c 22 73 74 61 74 75 73 22 3a 22 70 72 6f 67 72 65 73 73 22 2c 22 72 65 63 65 69 76 65 64 22 3a 33 32 35 34 34 30 2c 22 74 6f 74 61 6c 22 3a 35 37 30 34 38 30 2c 22 70 65 72 63 65 6e 74 22 3a 35 37 7d'
}
Notification received: 7b 22 74 79 70 65 22 3a 22 6f 74 61 22 2c 22 73 74 61 74 75 73 22 3a 22 70 72 6f 67 72 65 73 73 22 2c 22 72 65 63 65 69 76 65 64 22 3a 33 32 35 38 30 30 2c 22 74 6f 74 61 6c 22 3a 35 37 30 34 38 30 2c 22 70 65 72 63 65 6e 74 22 3a 35 37 7d
[Main -> Renderer] ble:characteristicValueChanged: {
  deviceId: '10b41dcd238d',
  serviceUuid: '4fafc201-1fb5-459e-8fcc-c5c9c331914d',
  characteristicUuid: 'beb5483e-36e1-4688-b7f5-ea07361b26c2',
  value: '7b 22 74 79 70 65 22 3a 22 6f 74 61 22 2c 22 73 74 61 74 75 73 22 3a 22 70 72 6f 67 72 65 73 73 22 2c 22 72 65 63 65 69 76 65 64 22 3a 33 32 35 38 30 30 2c 22 74 6f 74 61 6c 22 3a 35 37 30 34 38 30 2c 22 70 65 72 63 65 6e 74 22 3a 35 37 7d'
}
Notification received: 7b 22 74 79 70 65 22 3a 22 6f 74 61 22 2c 22 73 74 61 74 75 73 22 3a 22 70 72 6f 67 72 65 73 73 22 2c 22 72 65 63 65 69 76 65 64 22 3a 33 32 36 31 36 30 2c 22 74 6f 74 61 6c 22 3a 35 37 30 34 38 30 2c 22 70 65 72 63 65 6e 74 22 3a 35 37 7d
[Main -> Renderer] ble:characteristicValueChanged: {
  deviceId: '10b41dcd238d',
  serviceUuid: '4fafc201-1fb5-459e-8fcc-c5c9c331914d',
  characteristicUuid: 'beb5483e-36e1-4688-b7f5-ea07361b26c2',
  value: '7b 22 74 79 70 65 22 3a 22 6f 74 61 22 2c 22 73 74 61 74 75 73 22 3a 22 70 72 6f 67 72 65 73 73 22 2c 22 72 65 63 65 69 76 65 64 22 3a 33 32 36 31 36 30 2c 22 74 6f 74 61 6c 22 3a 35 37 30 34 38 30 2c 22 70 65 72 63 65 6e 74 22 3a 35 37 7d'
}
Notification received: 7b 22 74 79 70 65 22 3a 22 6f 74 61 22 2c 22 73 74 61 74 75 73 22 3a 22 70 72 6f 67 72 65 73 73 22 2c 22 72 65 63 65 69 76 65 64 22 3a 33 32 36 35 32 30 2c 22 74 6f 74 61 6c 22 3a 35 37 30 34 38 30 2c 22 70 65 72 63 65 6e 74 22 3a 35 37 7d
[Main -> Renderer] ble:characteristicValueChanged: {
  deviceId: '10b41dcd238d',
  serviceUuid: '4fafc201-1fb5-459e-8fcc-c5c9c331914d',
  characteristicUuid: 'beb5483e-36e1-4688-b7f5-ea07361b26c2',
  value: '7b 22 74 79 70 65 22 3a 22 6f 74 61 22 2c 22 73 74 61 74 75 73 22 3a 22 70 72 6f 67 72 65 73 73 22 2c 22 72 65 63 65 69 76 65 64 22 3a 33 32 36 35 32 30 2c 22 74 6f 74 61 6c 22 3a 35 37 30 34 38 30 2c 22 70 65 72 63 65 6e 74 22 3a 35 37 7d'
}
Notification received: 7b 22 74 79 70 65 22 3a 22 6f 74 61 22 2c 22 73 74 61 74 75 73 22 3a 22 70 72 6f 67 72 65 73 73 22 2c 22 72 65 63 65 69 76 65 64 22 3a 33 32 36 38 38 30 2c 22 74 6f 74 61 6c 22 3a 35 37 30 34 38 30 2c 22 70 65 72 63 65 6e 74 22 3a 35 37 7d
[Main -> Renderer] ble:characteristicValueChanged: {
  deviceId: '10b41dcd238d',
  serviceUuid: '4fafc201-1fb5-459e-8fcc-c5c9c331914d',
  characteristicUuid: 'beb5483e-36e1-4688-b7f5-ea07361b26c2',
  value: '7b 22 74 79 70 65 22 3a 22 6f 74 61 22 2c 22 73 74 61 74 75 73 22 3a 22 70 72 6f 67 72 65 73 73 22 2c 22 72 65 63 65 69 76 65 64 22 3a 33 32 36 38 38 30 2c 22 74 6f 74 61 6c 22 3a 35 37 30 34 38 30 2c 22 70 65 72 63 65 6e 74 22 3a 35 37 7d'
}
Notification received: 7b 22 74 79 70 65 22 3a 22 6f 74 61 22 2c 22 73 74 61 74 75 73 22 3a 22 70 72 6f 67 72 65 73 73 22 2c 22 72 65 63 65 69 76 65 64 22 3a 33 32 37 32 34 30 2c 22 74 6f 74 61 6c 22 3a 35 37 30 34 38 30 2c 22 70 65 72 63 65 6e 74 22 3a 35 37 7d
[Main -> Renderer] ble:characteristicValueChanged: {
  deviceId: '10b41dcd238d',
  serviceUuid: '4fafc201-1fb5-459e-8fcc-c5c9c331914d',
  characteristicUuid: 'beb5483e-36e1-4688-b7f5-ea07361b26c2',
  value: '7b 22 74 79 70 65 22 3a 22 6f 74 61 22 2c 22 73 74 61 74 75 73 22 3a 22 70 72 6f 67 72 65 73 73 22 2c 22 72 65 63 65 69 76 65 64 22 3a 33 32 37 32 34 30 2c 22 74 6f 74 61 6c 22 3a 35 37 30 34 38 30 2c 22 70 65 72 63 65 6e 74 22 3a 35 37 7d'
}
Notification received: 7b 22 74 79 70 65 22 3a 22 6f 74 61 22 2c 22 73 74 61 74 75 73 22 3a 22 70 72 6f 67 72 65 73 73 22 2c 22 72 65 63 65 69 76 65 64 22 3a 33 32 37 36 30 30 2c 22 74 6f 74 61 6c 22 3a 35 37 30 34 38 30 2c 22 70 65 72 63 65 6e 74 22 3a 35 37 7d
[Main -> Renderer] ble:characteristicValueChanged: {
  deviceId: '10b41dcd238d',
  serviceUuid: '4fafc201-1fb5-459e-8fcc-c5c9c331914d',
  characteristicUuid: 'beb5483e-36e1-4688-b7f5-ea07361b26c2',
  value: '7b 22 74 79 70 65 22 3a 22 6f 74 61 22 2c 22 73 74 61 74 75 73 22 3a 22 70 72 6f 67 72 65 73 73 22 2c 22 72 65 63 65 69 76 65 64 22 3a 33 32 37 36 30 30 2c 22 74 6f 74 61 6c 22 3a 35 37 30 34 38 30 2c 22 70 65 72 63 65 6e 74 22 3a 35 37 7d'
}
Notification received: 7b 22 74 79 70 65 22 3a 22 6f 74 61 22 2c 22 73 74 61 74 75 73 22 3a 22 70 72 6f 67 72 65 73 73 22 2c 22 72 65 63 65 69 76 65 64 22 3a 33 32 37 39 36 30 2c 22 74 6f 74 61 6c 22 3a 35 37 30 34 38 30 2c 22 70 65 72 63 65 6e 74 22 3a 35 37 7d
[Main -> Renderer] ble:characteristicValueChanged: {
  deviceId: '10b41dcd238d',
  serviceUuid: '4fafc201-1fb5-459e-8fcc-c5c9c331914d',
  characteristicUuid: 'beb5483e-36e1-4688-b7f5-ea07361b26c2',
  value: '7b 22 74 79 70 65 22 3a 22 6f 74 61 22 2c 22 73 74 61 74 75 73 22 3a 22 70 72 6f 67 72 65 73 73 22 2c 22 72 65 63 65 69 76 65 64 22 3a 33 32 37 39 36 30 2c 22 74 6f 74 61 6c 22 3a 35 37 30 34 38 30 2c 22 70 65 72 63 65 6e 74 22 3a 35 37 7d'
}
Notification received: 7b 22 74 79 70 65 22 3a 22 6f 74 61 22 2c 22 73 74 61 74 75 73 22 3a 22 70 72 6f 67 72 65 73 73 22 2c 22 72 65 63 65 69 76 65 64 22 3a 33 32 38 33 32 30 2c 22 74 6f 74 61 6c 22 3a 35 37 30 34 38 30 2c 22 70 65 72 63 65 6e 74 22 3a 35 37 7d
[Main -> Renderer] ble:characteristicValueChanged: {
  deviceId: '10b41dcd238d',
  serviceUuid: '4fafc201-1fb5-459e-8fcc-c5c9c331914d',
  characteristicUuid: 'beb5483e-36e1-4688-b7f5-ea07361b26c2',
  value: '7b 22 74 79 70 65 22 3a 22 6f 74 61 22 2c 22 73 74 61 74 75 73 22 3a 22 70 72 6f 67 72 65 73 73 22 2c 22 72 65 63 65 69 76 65 64 22 3a 33 32 38 33 32 30 2c 22 74 6f 74 61 6c 22 3a 35 37 30 34 38 30 2c 22 70 65 72 63 65 6e 74 22 3a 35 37 7d'
}
Notification received: 7b 22 74 79 70 65 22 3a 22 6f 74 61 22 2c 22 73 74 61 74 75 73 22 3a 22 70 72 6f 67 72 65 73 73 22 2c 22 72 65 63 65 69 76 65 64 22 3a 33 32 38 38 36 30 2c 22 74 6f 74 61 6c 22 3a 35 37 30 34 38 30 2c 22 70 65 72 63 65 6e 74 22 3a 35 37 7d
[Main -> Renderer] ble:characteristicValueChanged: {
  deviceId: '10b41dcd238d',
  serviceUuid: '4fafc201-1fb5-459e-8fcc-c5c9c331914d',
  characteristicUuid: 'beb5483e-36e1-4688-b7f5-ea07361b26c2',
  value: '7b 22 74 79 70 65 22 3a 22 6f 74 61 22 2c 22 73 74 61 74 75 73 22 3a 22 70 72 6f 67 72 65 73 73 22 2c 22 72 65 63 65 69 76 65 64 22 3a 33 32 38 38 36 30 2c 22 74 6f 74 61 6c 22 3a 35 37 30 34 38 30 2c 22 70 65 72 63 65 6e 74 22 3a 35 37 7d'
}
Notification received: 7b 22 74 79 70 65 22 3a 22 6f 74 61 22 2c 22 73 74 61 74 75 73 22 3a 22 70 72 6f 67 72 65 73 73 22 2c 22 72 65 63 65 69 76 65 64 22 3a 33 32 39 34 30 30 2c 22 74 6f 74 61 6c 22 3a 35 37 30 34 38 30 2c 22 70 65 72 63 65 6e 74 22 3a 35 37 7d
[Main -> Renderer] ble:characteristicValueChanged: {
  deviceId: '10b41dcd238d',
  serviceUuid: '4fafc201-1fb5-459e-8fcc-c5c9c331914d',
  characteristicUuid: 'beb5483e-36e1-4688-b7f5-ea07361b26c2',
  value: '7b 22 74 79 70 65 22 3a 22 6f 74 61 22 2c 22 73 74 61 74 75 73 22 3a 22 70 72 6f 67 72 65 73 73 22 2c 22 72 65 63 65 69 76 65 64 22 3a 33 32 39 34 30 30 2c 22 74 6f 74 61 6c 22 3a 35 37 30 34 38 30 2c 22 70 65 72 63 65 6e 74 22 3a 35 37 7d'
}
Notification received: 7b 22 74 79 70 65 22 3a 22 6f 74 61 22 2c 22 73 74 61 74 75 73 22 3a 22 70 72 6f 67 72 65 73 73 22 2c 22 72 65 63 65 69 76 65 64 22 3a 33 32 39 37 36 30 2c 22 74 6f 74 61 6c 22 3a 35 37 30 34 38 30 2c 22 70 65 72 63 65 6e 74 22 3a 35 37 7d
[Main -> Renderer] ble:characteristicValueChanged: {
  deviceId: '10b41dcd238d',
  serviceUuid: '4fafc201-1fb5-459e-8fcc-c5c9c331914d',
  characteristicUuid: 'beb5483e-36e1-4688-b7f5-ea07361b26c2',
  value: '7b 22 74 79 70 65 22 3a 22 6f 74 61 22 2c 22 73 74 61 74 75 73 22 3a 22 70 72 6f 67 72 65 73 73 22 2c 22 72 65 63 65 69 76 65 64 22 3a 33 32 39 37 36 30 2c 22 74 6f 74 61 6c 22 3a 35 37 30 34 38 30 2c 22 70 65 72 63 65 6e 74 22 3a 35 37 7d'
}
Notification received: 7b 22 74 79 70 65 22 3a 22 6f 74 61 22 2c 22 73 74 61 74 75 73 22 3a 22 70 72 6f 67 72 65 73 73 22 2c 22 72 65 63 65 69 76 65 64 22 3a 33 33 30 33 30 30 2c 22 74 6f 74 61 6c 22 3a 35 37 30 34 38 30 2c 22 70 65 72 63 65 6e 74 22 3a 35 37 7d
[Main -> Renderer] ble:characteristicValueChanged: {
  deviceId: '10b41dcd238d',
  serviceUuid: '4fafc201-1fb5-459e-8fcc-c5c9c331914d',
  characteristicUuid: 'beb5483e-36e1-4688-b7f5-ea07361b26c2',
  value: '7b 22 74 79 70 65 22 3a 22 6f 74 61 22 2c 22 73 74 61 74 75 73 22 3a 22 70 72 6f 67 72 65 73 73 22 2c 22 72 65 63 65 69 76 65 64 22 3a 33 33 30 33 30 30 2c 22 74 6f 74 61 6c 22 3a 35 37 30 34 38 30 2c 22 70 65 72 63 65 6e 74 22 3a 35 37 7d'
}
Notification received: 7b 22 74 79 70 65 22 3a 22 6f 74 61 22 2c 22 73 74 61 74 75 73 22 3a 22 70 72 6f 67 72 65 73 73 22 2c 22 72 65 63 65 69 76 65 64 22 3a 33 33 30 38 34 30 2c 22 74 6f 74 61 6c 22 3a 35 37 30 34 38 30 2c 22 70 65 72 63 65 6e 74 22 3a 35 37 7d
[Main -> Renderer] ble:characteristicValueChanged: {
  deviceId: '10b41dcd238d',
  serviceUuid: '4fafc201-1fb5-459e-8fcc-c5c9c331914d',
  characteristicUuid: 'beb5483e-36e1-4688-b7f5-ea07361b26c2',
  value: '7b 22 74 79 70 65 22 3a 22 6f 74 61 22 2c 22 73 74 61 74 75 73 22 3a 22 70 72 6f 67 72 65 73 73 22 2c 22 72 65 63 65 69 76 65 64 22 3a 33 33 30 38 34 30 2c 22 74 6f 74 61 6c 22 3a 35 37 30 34 38 30 2c 22 70 65 72 63 65 6e 74 22 3a 35 37 7d'
}
Notification received: 7b 22 74 79 70 65 22 3a 22 6f 74 61 22 2c 22 73 74 61 74 75 73 22 3a 22 70 72 6f 67 72 65 73 73 22 2c 22 72 65 63 65 69 76 65 64 22 3a 33 33 31 33 38 30 2c 22 74 6f 74 61 6c 22 3a 35 37 30 34 38 30 2c 22 70 65 72 63 65 6e 74 22 3a 35 38 7d
[Main -> Renderer] ble:characteristicValueChanged: {
  deviceId: '10b41dcd238d',
  serviceUuid: '4fafc201-1fb5-459e-8fcc-c5c9c331914d',
  characteristicUuid: 'beb5483e-36e1-4688-b7f5-ea07361b26c2',
  value: '7b 22 74 79 70 65 22 3a 22 6f 74 61 22 2c 22 73 74 61 74 75 73 22 3a 22 70 72 6f 67 72 65 73 73 22 2c 22 72 65 63 65 69 76 65 64 22 3a 33 33 31 33 38 30 2c 22 74 6f 74 61 6c 22 3a 35 37 30 34 38 30 2c 22 70 65 72 63 65 6e 74 22 3a 35 38 7d'
}
Notification received: 7b 22 74 79 70 65 22 3a 22 6f 74 61 22 2c 22 73 74 61 74 75 73 22 3a 22 70 72 6f 67 72 65 73 73 22 2c 22 72 65 63 65 69 76 65 64 22 3a 33 33 31 39 32 30 2c 22 74 6f 74 61 6c 22 3a 35 37 30 34 38 30 2c 22 70 65 72 63 65 6e 74 22 3a 35 38 7d
[Main -> Renderer] ble:characteristicValueChanged: {
  deviceId: '10b41dcd238d',
  serviceUuid: '4fafc201-1fb5-459e-8fcc-c5c9c331914d',
  characteristicUuid: 'beb5483e-36e1-4688-b7f5-ea07361b26c2',
  value: '7b 22 74 79 70 65 22 3a 22 6f 74 61 22 2c 22 73 74 61 74 75 73 22 3a 22 70 72 6f 67 72 65 73 73 22 2c 22 72 65 63 65 69 76 65 64 22 3a 33 33 31 39 32 30 2c 22 74 6f 74 61 6c 22 3a 35 37 30 34 38 30 2c 22 70 65 72 63 65 6e 74 22 3a 35 38 7d'
}
Notification received: 7b 22 74 79 70 65 22 3a 22 6f 74 61 22 2c 22 73 74 61 74 75 73 22 3a 22 70 72 6f 67 72 65 73 73 22 2c 22 72 65 63 65 69 76 65 64 22 3a 33 33 32 34 36 30 2c 22 74 6f 74 61 6c 22 3a 35 37 30 34 38 30 2c 22 70 65 72 63 65 6e 74 22 3a 35 38 7d
[Main -> Renderer] ble:characteristicValueChanged: {
  deviceId: '10b41dcd238d',
  serviceUuid: '4fafc201-1fb5-459e-8fcc-c5c9c331914d',
  characteristicUuid: 'beb5483e-36e1-4688-b7f5-ea07361b26c2',
  value: '7b 22 74 79 70 65 22 3a 22 6f 74 61 22 2c 22 73 74 61 74 75 73 22 3a 22 70 72 6f 67 72 65 73 73 22 2c 22 72 65 63 65 69 76 65 64 22 3a 33 33 32 34 36 30 2c 22 74 6f 74 61 6c 22 3a 35 37 30 34 38 30 2c 22 70 65 72 63 65 6e 74 22 3a 35 38 7d'
}
Notification received: 7b 22 74 79 70 65 22 3a 22 6f 74 61 22 2c 22 73 74 61 74 75 73 22 3a 22 70 72 6f 67 72 65 73 73 22 2c 22 72 65 63 65 69 76 65 64 22 3a 33 33 32 38 32 30 2c 22 74 6f 74 61 6c 22 3a 35 37 30 34 38 30 2c 22 70 65 72 63 65 6e 74 22 3a 35 38 7d
[Main -> Renderer] ble:characteristicValueChanged: {
  deviceId: '10b41dcd238d',
  serviceUuid: '4fafc201-1fb5-459e-8fcc-c5c9c331914d',
  characteristicUuid: 'beb5483e-36e1-4688-b7f5-ea07361b26c2',
  value: '7b 22 74 79 70 65 22 3a 22 6f 74 61 22 2c 22 73 74 61 74 75 73 22 3a 22 70 72 6f 67 72 65 73 73 22 2c 22 72 65 63 65 69 76 65 64 22 3a 33 33 32 38 32 30 2c 22 74 6f 74 61 6c 22 3a 35 37 30 34 38 30 2c 22 70 65 72 63 65 6e 74 22 3a 35 38 7d'
}
Notification received: 7b 22 74 79 70 65 22 3a 22 6f 74 61 22 2c 22 73 74 61 74 75 73 22 3a 22 70 72 6f 67 72 65 73 73 22 2c 22 72 65 63 65 69 76 65 64 22 3a 33 33 33 33 36 30 2c 22 74 6f 74 61 6c 22 3a 35 37 30 34 38 30 2c 22 70 65 72 63 65 6e 74 22 3a 35 38 7d
[Main -> Renderer] ble:characteristicValueChanged: {
  deviceId: '10b41dcd238d',
  serviceUuid: '4fafc201-1fb5-459e-8fcc-c5c9c331914d',
  characteristicUuid: 'beb5483e-36e1-4688-b7f5-ea07361b26c2',
  value: '7b 22 74 79 70 65 22 3a 22 6f 74 61 22 2c 22 73 74 61 74 75 73 22 3a 22 70 72 6f 67 72 65 73 73 22 2c 22 72 65 63 65 69 76 65 64 22 3a 33 33 33 33 36 30 2c 22 74 6f 74 61 6c 22 3a 35 37 30 34 38 30 2c 22 70 65 72 63 65 6e 74 22 3a 35 38 7d'
}
Notification received: 7b 22 74 79 70 65 22 3a 22 6f 74 61 22 2c 22 73 74 61 74 75 73 22 3a 22 70 72 6f 67 72 65 73 73 22 2c 22 72 65 63 65 69 76 65 64 22 3a 33 33 33 39 30 30 2c 22 74 6f 74 61 6c 22 3a 35 37 30 34 38 30 2c 22 70 65 72 63 65 6e 74 22 3a 35 38 7d
[Main -> Renderer] ble:characteristicValueChanged: {
  deviceId: '10b41dcd238d',
  serviceUuid: '4fafc201-1fb5-459e-8fcc-c5c9c331914d',
  characteristicUuid: 'beb5483e-36e1-4688-b7f5-ea07361b26c2',
  value: '7b 22 74 79 70 65 22 3a 22 6f 74 61 22 2c 22 73 74 61 74 75 73 22 3a 22 70 72 6f 67 72 65 73 73 22 2c 22 72 65 63 65 69 76 65 64 22 3a 33 33 33 39 30 30 2c 22 74 6f 74 61 6c 22 3a 35 37 30 34 38 30 2c 22 70 65 72 63 65 6e 74 22 3a 35 38 7d'
}
Notification received: 7b 22 74 79 70 65 22 3a 22 6f 74 61 22 2c 22 73 74 61 74 75 73 22 3a 22 70 72 6f 67 72 65 73 73 22 2c 22 72 65 63 65 69 76 65 64 22 3a 33 33 34 34 34 30 2c 22 74 6f 74 61 6c 22 3a 35 37 30 34 38 30 2c 22 70 65 72 63 65 6e 74 22 3a 35 38 7d
[Main -> Renderer] ble:characteristicValueChanged: {
  deviceId: '10b41dcd238d',
  serviceUuid: '4fafc201-1fb5-459e-8fcc-c5c9c331914d',
  characteristicUuid: 'beb5483e-36e1-4688-b7f5-ea07361b26c2',
  value: '7b 22 74 79 70 65 22 3a 22 6f 74 61 22 2c 22 73 74 61 74 75 73 22 3a 22 70 72 6f 67 72 65 73 73 22 2c 22 72 65 63 65 69 76 65 64 22 3a 33 33 34 34 34 30 2c 22 74 6f 74 61 6c 22 3a 35 37 30 34 38 30 2c 22 70 65 72 63 65 6e 74 22 3a 35 38 7d'
}
Notification received: 7b 22 74 79 70 65 22 3a 22 6f 74 61 22 2c 22 73 74 61 74 75 73 22 3a 22 70 72 6f 67 72 65 73 73 22 2c 22 72 65 63 65 69 76 65 64 22 3a 33 33 34 38 30 30 2c 22 74 6f 74 61 6c 22 3a 35 37 30 34 38 30 2c 22 70 65 72 63 65 6e 74 22 3a 35 38 7d
[Main -> Renderer] ble:characteristicValueChanged: {
  deviceId: '10b41dcd238d',
  serviceUuid: '4fafc201-1fb5-459e-8fcc-c5c9c331914d',
  characteristicUuid: 'beb5483e-36e1-4688-b7f5-ea07361b26c2',
  value: '7b 22 74 79 70 65 22 3a 22 6f 74 61 22 2c 22 73 74 61 74 75 73 22 3a 22 70 72 6f 67 72 65 73 73 22 2c 22 72 65 63 65 69 76 65 64 22 3a 33 33 34 38 30 30 2c 22 74 6f 74 61 6c 22 3a 35 37 30 34 38 30 2c 22 70 65 72 63 65 6e 74 22 3a 35 38 7d'
}
Notification received: 7b 22 74 79 70 65 22 3a 22 6f 74 61 22 2c 22 73 74 61 74 75 73 22 3a 22 70 72 6f 67 72 65 73 73 22 2c 22 72 65 63 65 69 76 65 64 22 3a 33 33 35 33 34 30 2c 22 74 6f 74 61 6c 22 3a 35 37 30 34 38 30 2c 22 70 65 72 63 65 6e 74 22 3a 35 38 7d
[Main -> Renderer] ble:characteristicValueChanged: {
  deviceId: '10b41dcd238d',
  serviceUuid: '4fafc201-1fb5-459e-8fcc-c5c9c331914d',
  characteristicUuid: 'beb5483e-36e1-4688-b7f5-ea07361b26c2',
  value: '7b 22 74 79 70 65 22 3a 22 6f 74 61 22 2c 22 73 74 61 74 75 73 22 3a 22 70 72 6f 67 72 65 73 73 22 2c 22 72 65 63 65 69 76 65 64 22 3a 33 33 35 33 34 30 2c 22 74 6f 74 61 6c 22 3a 35 37 30 34 38 30 2c 22 70 65 72 63 65 6e 74 22 3a 35 38 7d'
}
Notification received: 7b 22 74 79 70 65 22 3a 22 6f 74 61 22 2c 22 73 74 61 74 75 73 22 3a 22 70 72 6f 67 72 65 73 73 22 2c 22 72 65 63 65 69 76 65 64 22 3a 33 33 35 37 30 30 2c 22 74 6f 74 61 6c 22 3a 35 37 30 34 38 30 2c 22 70 65 72 63 65 6e 74 22 3a 35 38 7d
[Main -> Renderer] ble:characteristicValueChanged: {
  deviceId: '10b41dcd238d',
  serviceUuid: '4fafc201-1fb5-459e-8fcc-c5c9c331914d',
  characteristicUuid: 'beb5483e-36e1-4688-b7f5-ea07361b26c2',
  value: '7b 22 74 79 70 65 22 3a 22 6f 74 61 22 2c 22 73 74 61 74 75 73 22 3a 22 70 72 6f 67 72 65 73 73 22 2c 22 72 65 63 65 69 76 65 64 22 3a 33 33 35 37 30 30 2c 22 74 6f 74 61 6c 22 3a 35 37 30 34 38 30 2c 22 70 65 72 63 65 6e 74 22 3a 35 38 7d'
}
Notification received: 7b 22 74 79 70 65 22 3a 22 6f 74 61 22 2c 22 73 74 61 74 75 73 22 3a 22 70 72 6f 67 72 65 73 73 22 2c 22 72 65 63 65 69 76 65 64 22 3a 33 33 36 30 36 30 2c 22 74 6f 74 61 6c 22 3a 35 37 30 34 38 30 2c 22 70 65 72 63 65 6e 74 22 3a 35 38 7d
[Main -> Renderer] ble:characteristicValueChanged: {
  deviceId: '10b41dcd238d',
  serviceUuid: '4fafc201-1fb5-459e-8fcc-c5c9c331914d',
  characteristicUuid: 'beb5483e-36e1-4688-b7f5-ea07361b26c2',
  value: '7b 22 74 79 70 65 22 3a 22 6f 74 61 22 2c 22 73 74 61 74 75 73 22 3a 22 70 72 6f 67 72 65 73 73 22 2c 22 72 65 63 65 69 76 65 64 22 3a 33 33 36 30 36 30 2c 22 74 6f 74 61 6c 22 3a 35 37 30 34 38 30 2c 22 70 65 72 63 65 6e 74 22 3a 35 38 7d'
}
Notification received: 7b 22 74 79 70 65 22 3a 22 6f 74 61 22 2c 22 73 74 61 74 75 73 22 3a 22 70 72 6f 67 72 65 73 73 22 2c 22 72 65 63 65 69 76 65 64 22 3a 33 33 36 34 32 30 2c 22 74 6f 74 61 6c 22 3a 35 37 30 34 38 30 2c 22 70 65 72 63 65 6e 74 22 3a 35 38 7d
[Main -> Renderer] ble:characteristicValueChanged: {
  deviceId: '10b41dcd238d',
  serviceUuid: '4fafc201-1fb5-459e-8fcc-c5c9c331914d',
  characteristicUuid: 'beb5483e-36e1-4688-b7f5-ea07361b26c2',
  value: '7b 22 74 79 70 65 22 3a 22 6f 74 61 22 2c 22 73 74 61 74 75 73 22 3a 22 70 72 6f 67 72 65 73 73 22 2c 22 72 65 63 65 69 76 65 64 22 3a 33 33 36 34 32 30 2c 22 74 6f 74 61 6c 22 3a 35 37 30 34 38 30 2c 22 70 65 72 63 65 6e 74 22 3a 35 38 7d'
}
Notification received: 7b 22 74 79 70 65 22 3a 22 6f 74 61 22 2c 22 73 74 61 74 75 73 22 3a 22 70 72 6f 67 72 65 73 73 22 2c 22 72 65 63 65 69 76 65 64 22 3a 33 33 36 37 38 30 2c 22 74 6f 74 61 6c 22 3a 35 37 30 34 38 30 2c 22 70 65 72 63 65 6e 74 22 3a 35 39 7d
[Main -> Renderer] ble:characteristicValueChanged: {
  deviceId: '10b41dcd238d',
  serviceUuid: '4fafc201-1fb5-459e-8fcc-c5c9c331914d',
  characteristicUuid: 'beb5483e-36e1-4688-b7f5-ea07361b26c2',
  value: '7b 22 74 79 70 65 22 3a 22 6f 74 61 22 2c 22 73 74 61 74 75 73 22 3a 22 70 72 6f 67 72 65 73 73 22 2c 22 72 65 63 65 69 76 65 64 22 3a 33 33 36 37 38 30 2c 22 74 6f 74 61 6c 22 3a 35 37 30 34 38 30 2c 22 70 65 72 63 65 6e 74 22 3a 35 39 7d'
}
Notification received: 7b 22 74 79 70 65 22 3a 22 6f 74 61 22 2c 22 73 74 61 74 75 73 22 3a 22 70 72 6f 67 72 65 73 73 22 2c 22 72 65 63 65 69 76 65 64 22 3a 33 33 37 31 34 30 2c 22 74 6f 74 61 6c 22 3a 35 37 30 34 38 30 2c 22 70 65 72 63 65 6e 74 22 3a 35 39 7d
[Main -> Renderer] ble:characteristicValueChanged: {
  deviceId: '10b41dcd238d',
  serviceUuid: '4fafc201-1fb5-459e-8fcc-c5c9c331914d',
  characteristicUuid: 'beb5483e-36e1-4688-b7f5-ea07361b26c2',
  value: '7b 22 74 79 70 65 22 3a 22 6f 74 61 22 2c 22 73 74 61 74 75 73 22 3a 22 70 72 6f 67 72 65 73 73 22 2c 22 72 65 63 65 69 76 65 64 22 3a 33 33 37 31 34 30 2c 22 74 6f 74 61 6c 22 3a 35 37 30 34 38 30 2c 22 70 65 72 63 65 6e 74 22 3a 35 39 7d'
}
Notification received: 7b 22 74 79 70 65 22 3a 22 6f 74 61 22 2c 22 73 74 61 74 75 73 22 3a 22 70 72 6f 67 72 65 73 73 22 2c 22 72 65 63 65 69 76 65 64 22 3a 33 33 37 35 30 30 2c 22 74 6f 74 61 6c 22 3a 35 37 30 34 38 30 2c 22 70 65 72 63 65 6e 74 22 3a 35 39 7d
[Main -> Renderer] ble:characteristicValueChanged: {
  deviceId: '10b41dcd238d',
  serviceUuid: '4fafc201-1fb5-459e-8fcc-c5c9c331914d',
  characteristicUuid: 'beb5483e-36e1-4688-b7f5-ea07361b26c2',
  value: '7b 22 74 79 70 65 22 3a 22 6f 74 61 22 2c 22 73 74 61 74 75 73 22 3a 22 70 72 6f 67 72 65 73 73 22 2c 22 72 65 63 65 69 76 65 64 22 3a 33 33 37 35 30 30 2c 22 74 6f 74 61 6c 22 3a 35 37 30 34 38 30 2c 22 70 65 72 63 65 6e 74 22 3a 35 39 7d'
}
Notification received: 7b 22 74 79 70 65 22 3a 22 6f 74 61 22 2c 22 73 74 61 74 75 73 22 3a 22 70 72 6f 67 72 65 73 73 22 2c 22 72 65 63 65 69 76 65 64 22 3a 33 33 38 30 34 30 2c 22 74 6f 74 61 6c 22 3a 35 37 30 34 38 30 2c 22 70 65 72 63 65 6e 74 22 3a 35 39 7d
[Main -> Renderer] ble:characteristicValueChanged: {
  deviceId: '10b41dcd238d',
  serviceUuid: '4fafc201-1fb5-459e-8fcc-c5c9c331914d',
  characteristicUuid: 'beb5483e-36e1-4688-b7f5-ea07361b26c2',
  value: '7b 22 74 79 70 65 22 3a 22 6f 74 61 22 2c 22 73 74 61 74 75 73 22 3a 22 70 72 6f 67 72 65 73 73 22 2c 22 72 65 63 65 69 76 65 64 22 3a 33 33 38 30 34 30 2c 22 74 6f 74 61 6c 22 3a 35 37 30 34 38 30 2c 22 70 65 72 63 65 6e 74 22 3a 35 39 7d'
}
Notification received: 7b 22 74 79 70 65 22 3a 22 6f 74 61 22 2c 22 73 74 61 74 75 73 22 3a 22 70 72 6f 67 72 65 73 73 22 2c 22 72 65 63 65 69 76 65 64 22 3a 33 33 38 35 38 30 2c 22 74 6f 74 61 6c 22 3a 35 37 30 34 38 30 2c 22 70 65 72 63 65 6e 74 22 3a 35 39 7d
[Main -> Renderer] ble:characteristicValueChanged: {
  deviceId: '10b41dcd238d',
  serviceUuid: '4fafc201-1fb5-459e-8fcc-c5c9c331914d',
  characteristicUuid: 'beb5483e-36e1-4688-b7f5-ea07361b26c2',
  value: '7b 22 74 79 70 65 22 3a 22 6f 74 61 22 2c 22 73 74 61 74 75 73 22 3a 22 70 72 6f 67 72 65 73 73 22 2c 22 72 65 63 65 69 76 65 64 22 3a 33 33 38 35 38 30 2c 22 74 6f 74 61 6c 22 3a 35 37 30 34 38 30 2c 22 70 65 72 63 65 6e 74 22 3a 35 39 7d'
}
Notification received: 7b 22 74 79 70 65 22 3a 22 6f 74 61 22 2c 22 73 74 61 74 75 73 22 3a 22 70 72 6f 67 72 65 73 73 22 2c 22 72 65 63 65 69 76 65 64 22 3a 33 33 39 31 32 30 2c 22 74 6f 74 61 6c 22 3a 35 37 30 34 38 30 2c 22 70 65 72 63 65 6e 74 22 3a 35 39 7d
[Main -> Renderer] ble:characteristicValueChanged: {
  deviceId: '10b41dcd238d',
  serviceUuid: '4fafc201-1fb5-459e-8fcc-c5c9c331914d',
  characteristicUuid: 'beb5483e-36e1-4688-b7f5-ea07361b26c2',
  value: '7b 22 74 79 70 65 22 3a 22 6f 74 61 22 2c 22 73 74 61 74 75 73 22 3a 22 70 72 6f 67 72 65 73 73 22 2c 22 72 65 63 65 69 76 65 64 22 3a 33 33 39 31 32 30 2c 22 74 6f 74 61 6c 22 3a 35 37 30 34 38 30 2c 22 70 65 72 63 65 6e 74 22 3a 35 39 7d'
}
Notification received: 7b 22 74 79 70 65 22 3a 22 6f 74 61 22 2c 22 73 74 61 74 75 73 22 3a 22 70 72 6f 67 72 65 73 73 22 2c 22 72 65 63 65 69 76 65 64 22 3a 33 33 39 36 36 30 2c 22 74 6f 74 61 6c 22 3a 35 37 30 34 38 30 2c 22 70 65 72 63 65 6e 74 22 3a 35 39 7d
[Main -> Renderer] ble:characteristicValueChanged: {
  deviceId: '10b41dcd238d',
  serviceUuid: '4fafc201-1fb5-459e-8fcc-c5c9c331914d',
  characteristicUuid: 'beb5483e-36e1-4688-b7f5-ea07361b26c2',
  value: '7b 22 74 79 70 65 22 3a 22 6f 74 61 22 2c 22 73 74 61 74 75 73 22 3a 22 70 72 6f 67 72 65 73 73 22 2c 22 72 65 63 65 69 76 65 64 22 3a 33 33 39 36 36 30 2c 22 74 6f 74 61 6c 22 3a 35 37 30 34 38 30 2c 22 70 65 72 63 65 6e 74 22 3a 35 39 7d'
}
Notification received: 7b 22 74 79 70 65 22 3a 22 6f 74 61 22 2c 22 73 74 61 74 75 73 22 3a 22 70 72 6f 67 72 65 73 73 22 2c 22 72 65 63 65 69 76 65 64 22 3a 33 34 30 32 30 30 2c 22 74 6f 74 61 6c 22 3a 35 37 30 34 38 30 2c 22 70 65 72 63 65 6e 74 22 3a 35 39 7d
[Main -> Renderer] ble:characteristicValueChanged: {
  deviceId: '10b41dcd238d',
  serviceUuid: '4fafc201-1fb5-459e-8fcc-c5c9c331914d',
  characteristicUuid: 'beb5483e-36e1-4688-b7f5-ea07361b26c2',
  value: '7b 22 74 79 70 65 22 3a 22 6f 74 61 22 2c 22 73 74 61 74 75 73 22 3a 22 70 72 6f 67 72 65 73 73 22 2c 22 72 65 63 65 69 76 65 64 22 3a 33 34 30 32 30 30 2c 22 74 6f 74 61 6c 22 3a 35 37 30 34 38 30 2c 22 70 65 72 63 65 6e 74 22 3a 35 39 7d'
}
Notification received: 7b 22 74 79 70 65 22 3a 22 6f 74 61 22 2c 22 73 74 61 74 75 73 22 3a 22 70 72 6f 67 72 65 73 73 22 2c 22 72 65 63 65 69 76 65 64 22 3a 33 34 30 35 36 30 2c 22 74 6f 74 61 6c 22 3a 35 37 30 34 38 30 2c 22 70 65 72 63 65 6e 74 22 3a 35 39 7d
[Main -> Renderer] ble:characteristicValueChanged: {
  deviceId: '10b41dcd238d',
  serviceUuid: '4fafc201-1fb5-459e-8fcc-c5c9c331914d',
  characteristicUuid: 'beb5483e-36e1-4688-b7f5-ea07361b26c2',
  value: '7b 22 74 79 70 65 22 3a 22 6f 74 61 22 2c 22 73 74 61 74 75 73 22 3a 22 70 72 6f 67 72 65 73 73 22 2c 22 72 65 63 65 69 76 65 64 22 3a 33 34 30 35 36 30 2c 22 74 6f 74 61 6c 22 3a 35 37 30 34 38 30 2c 22 70 65 72 63 65 6e 74 22 3a 35 39 7d'
}
Notification received: 7b 22 74 79 70 65 22 3a 22 6f 74 61 22 2c 22 73 74 61 74 75 73 22 3a 22 70 72 6f 67 72 65 73 73 22 2c 22 72 65 63 65 69 76 65 64 22 3a 33 34 30 39 32 30 2c 22 74 6f 74 61 6c 22 3a 35 37 30 34 38 30 2c 22 70 65 72 63 65 6e 74 22 3a 35 39 7d
[Main -> Renderer] ble:characteristicValueChanged: {
  deviceId: '10b41dcd238d',
  serviceUuid: '4fafc201-1fb5-459e-8fcc-c5c9c331914d',
  characteristicUuid: 'beb5483e-36e1-4688-b7f5-ea07361b26c2',
  value: '7b 22 74 79 70 65 22 3a 22 6f 74 61 22 2c 22 73 74 61 74 75 73 22 3a 22 70 72 6f 67 72 65 73 73 22 2c 22 72 65 63 65 69 76 65 64 22 3a 33 34 30 39 32 30 2c 22 74 6f 74 61 6c 22 3a 35 37 30 34 38 30 2c 22 70 65 72 63 65 6e 74 22 3a 35 39 7d'
}
Notification received: 7b 22 74 79 70 65 22 3a 22 6f 74 61 22 2c 22 73 74 61 74 75 73 22 3a 22 70 72 6f 67 72 65 73 73 22 2c 22 72 65 63 65 69 76 65 64 22 3a 33 34 31 32 38 30 2c 22 74 6f 74 61 6c 22 3a 35 37 30 34 38 30 2c 22 70 65 72 63 65 6e 74 22 3a 35 39 7d
[Main -> Renderer] ble:characteristicValueChanged: {
  deviceId: '10b41dcd238d',
  serviceUuid: '4fafc201-1fb5-459e-8fcc-c5c9c331914d',
  characteristicUuid: 'beb5483e-36e1-4688-b7f5-ea07361b26c2',
  value: '7b 22 74 79 70 65 22 3a 22 6f 74 61 22 2c 22 73 74 61 74 75 73 22 3a 22 70 72 6f 67 72 65 73 73 22 2c 22 72 65 63 65 69 76 65 64 22 3a 33 34 31 32 38 30 2c 22 74 6f 74 61 6c 22 3a 35 37 30 34 38 30 2c 22 70 65 72 63 65 6e 74 22 3a 35 39 7d'
}
Notification received: 7b 22 74 79 70 65 22 3a 22 6f 74 61 22 2c 22 73 74 61 74 75 73 22 3a 22 70 72 6f 67 72 65 73 73 22 2c 22 72 65 63 65 69 76 65 64 22 3a 33 34 31 36 34 30 2c 22 74 6f 74 61 6c 22 3a 35 37 30 34 38 30 2c 22 70 65 72 63 65 6e 74 22 3a 35 39 7d
[Main -> Renderer] ble:characteristicValueChanged: {
  deviceId: '10b41dcd238d',
  serviceUuid: '4fafc201-1fb5-459e-8fcc-c5c9c331914d',
  characteristicUuid: 'beb5483e-36e1-4688-b7f5-ea07361b26c2',
  value: '7b 22 74 79 70 65 22 3a 22 6f 74 61 22 2c 22 73 74 61 74 75 73 22 3a 22 70 72 6f 67 72 65 73 73 22 2c 22 72 65 63 65 69 76 65 64 22 3a 33 34 31 36 34 30 2c 22 74 6f 74 61 6c 22 3a 35 37 30 34 38 30 2c 22 70 65 72 63 65 6e 74 22 3a 35 39 7d'
}
Notification received: 7b 22 74 79 70 65 22 3a 22 6f 74 61 22 2c 22 73 74 61 74 75 73 22 3a 22 70 72 6f 67 72 65 73 73 22 2c 22 72 65 63 65 69 76 65 64 22 3a 33 34 32 30 30 30 2c 22 74 6f 74 61 6c 22 3a 35 37 30 34 38 30 2c 22 70 65 72 63 65 6e 74 22 3a 35 39 7d
[Main -> Renderer] ble:characteristicValueChanged: {
  deviceId: '10b41dcd238d',
  serviceUuid: '4fafc201-1fb5-459e-8fcc-c5c9c331914d',
  characteristicUuid: 'beb5483e-36e1-4688-b7f5-ea07361b26c2',
  value: '7b 22 74 79 70 65 22 3a 22 6f 74 61 22 2c 22 73 74 61 74 75 73 22 3a 22 70 72 6f 67 72 65 73 73 22 2c 22 72 65 63 65 69 76 65 64 22 3a 33 34 32 30 30 30 2c 22 74 6f 74 61 6c 22 3a 35 37 30 34 38 30 2c 22 70 65 72 63 65 6e 74 22 3a 35 39 7d'
}
Notification received: 7b 22 74 79 70 65 22 3a 22 6f 74 61 22 2c 22 73 74 61 74 75 73 22 3a 22 70 72 6f 67 72 65 73 73 22 2c 22 72 65 63 65 69 76 65 64 22 3a 33 34 32 35 34 30 2c 22 74 6f 74 61 6c 22 3a 35 37 30 34 38 30 2c 22 70 65 72 63 65 6e 74 22 3a 36 30 7d
[Main -> Renderer] ble:characteristicValueChanged: {
  deviceId: '10b41dcd238d',
  serviceUuid: '4fafc201-1fb5-459e-8fcc-c5c9c331914d',
  characteristicUuid: 'beb5483e-36e1-4688-b7f5-ea07361b26c2',
  value: '7b 22 74 79 70 65 22 3a 22 6f 74 61 22 2c 22 73 74 61 74 75 73 22 3a 22 70 72 6f 67 72 65 73 73 22 2c 22 72 65 63 65 69 76 65 64 22 3a 33 34 32 35 34 30 2c 22 74 6f 74 61 6c 22 3a 35 37 30 34 38 30 2c 22 70 65 72 63 65 6e 74 22 3a 36 30 7d'
}
Notification received: 7b 22 74 79 70 65 22 3a 22 6f 74 61 22 2c 22 73 74 61 74 75 73 22 3a 22 70 72 6f 67 72 65 73 73 22 2c 22 72 65 63 65 69 76 65 64 22 3a 33 34 32 39 30 30 2c 22 74 6f 74 61 6c 22 3a 35 37 30 34 38 30 2c 22 70 65 72 63 65 6e 74 22 3a 36 30 7d
[Main -> Renderer] ble:characteristicValueChanged: {
  deviceId: '10b41dcd238d',
  serviceUuid: '4fafc201-1fb5-459e-8fcc-c5c9c331914d',
  characteristicUuid: 'beb5483e-36e1-4688-b7f5-ea07361b26c2',
  value: '7b 22 74 79 70 65 22 3a 22 6f 74 61 22 2c 22 73 74 61 74 75 73 22 3a 22 70 72 6f 67 72 65 73 73 22 2c 22 72 65 63 65 69 76 65 64 22 3a 33 34 32 39 30 30 2c 22 74 6f 74 61 6c 22 3a 35 37 30 34 38 30 2c 22 70 65 72 63 65 6e 74 22 3a 36 30 7d'
}
Notification received: 7b 22 74 79 70 65 22 3a 22 6f 74 61 22 2c 22 73 74 61 74 75 73 22 3a 22 70 72 6f 67 72 65 73 73 22 2c 22 72 65 63 65 69 76 65 64 22 3a 33 34 33 32 36 30 2c 22 74 6f 74 61 6c 22 3a 35 37 30 34 38 30 2c 22 70 65 72 63 65 6e 74 22 3a 36 30 7d
[Main -> Renderer] ble:characteristicValueChanged: {
  deviceId: '10b41dcd238d',
  serviceUuid: '4fafc201-1fb5-459e-8fcc-c5c9c331914d',
  characteristicUuid: 'beb5483e-36e1-4688-b7f5-ea07361b26c2',
  value: '7b 22 74 79 70 65 22 3a 22 6f 74 61 22 2c 22 73 74 61 74 75 73 22 3a 22 70 72 6f 67 72 65 73 73 22 2c 22 72 65 63 65 69 76 65 64 22 3a 33 34 33 32 36 30 2c 22 74 6f 74 61 6c 22 3a 35 37 30 34 38 30 2c 22 70 65 72 63 65 6e 74 22 3a 36 30 7d'
}
Notification received: 7b 22 74 79 70 65 22 3a 22 6f 74 61 22 2c 22 73 74 61 74 75 73 22 3a 22 70 72 6f 67 72 65 73 73 22 2c 22 72 65 63 65 69 76 65 64 22 3a 33 34 33 36 32 30 2c 22 74 6f 74 61 6c 22 3a 35 37 30 34 38 30 2c 22 70 65 72 63 65 6e 74 22 3a 36 30 7d
[Main -> Renderer] ble:characteristicValueChanged: {
  deviceId: '10b41dcd238d',
  serviceUuid: '4fafc201-1fb5-459e-8fcc-c5c9c331914d',
  characteristicUuid: 'beb5483e-36e1-4688-b7f5-ea07361b26c2',
  value: '7b 22 74 79 70 65 22 3a 22 6f 74 61 22 2c 22 73 74 61 74 75 73 22 3a 22 70 72 6f 67 72 65 73 73 22 2c 22 72 65 63 65 69 76 65 64 22 3a 33 34 33 36 32 30 2c 22 74 6f 74 61 6c 22 3a 35 37 30 34 38 30 2c 22 70 65 72 63 65 6e 74 22 3a 36 30 7d'
}
Notification received: 7b 22 74 79 70 65 22 3a 22 6f 74 61 22 2c 22 73 74 61 74 75 73 22 3a 22 70 72 6f 67 72 65 73 73 22 2c 22 72 65 63 65 69 76 65 64 22 3a 33 34 33 39 38 30 2c 22 74 6f 74 61 6c 22 3a 35 37 30 34 38 30 2c 22 70 65 72 63 65 6e 74 22 3a 36 30 7d
[Main -> Renderer] ble:characteristicValueChanged: {
  deviceId: '10b41dcd238d',
  serviceUuid: '4fafc201-1fb5-459e-8fcc-c5c9c331914d',
  characteristicUuid: 'beb5483e-36e1-4688-b7f5-ea07361b26c2',
  value: '7b 22 74 79 70 65 22 3a 22 6f 74 61 22 2c 22 73 74 61 74 75 73 22 3a 22 70 72 6f 67 72 65 73 73 22 2c 22 72 65 63 65 69 76 65 64 22 3a 33 34 33 39 38 30 2c 22 74 6f 74 61 6c 22 3a 35 37 30 34 38 30 2c 22 70 65 72 63 65 6e 74 22 3a 36 30 7d'
}
Notification received: 7b 22 74 79 70 65 22 3a 22 6f 74 61 22 2c 22 73 74 61 74 75 73 22 3a 22 70 72 6f 67 72 65 73 73 22 2c 22 72 65 63 65 69 76 65 64 22 3a 33 34 34 35 32 30 2c 22 74 6f 74 61 6c 22 3a 35 37 30 34 38 30 2c 22 70 65 72 63 65 6e 74 22 3a 36 30 7d
[Main -> Renderer] ble:characteristicValueChanged: {
  deviceId: '10b41dcd238d',
  serviceUuid: '4fafc201-1fb5-459e-8fcc-c5c9c331914d',
  characteristicUuid: 'beb5483e-36e1-4688-b7f5-ea07361b26c2',
  value: '7b 22 74 79 70 65 22 3a 22 6f 74 61 22 2c 22 73 74 61 74 75 73 22 3a 22 70 72 6f 67 72 65 73 73 22 2c 22 72 65 63 65 69 76 65 64 22 3a 33 34 34 35 32 30 2c 22 74 6f 74 61 6c 22 3a 35 37 30 34 38 30 2c 22 70 65 72 63 65 6e 74 22 3a 36 30 7d'
}
Notification received: 7b 22 74 79 70 65 22 3a 22 6f 74 61 22 2c 22 73 74 61 74 75 73 22 3a 22 70 72 6f 67 72 65 73 73 22 2c 22 72 65 63 65 69 76 65 64 22 3a 33 34 35 30 36 30 2c 22 74 6f 74 61 6c 22 3a 35 37 30 34 38 30 2c 22 70 65 72 63 65 6e 74 22 3a 36 30 7d
[Main -> Renderer] ble:characteristicValueChanged: {
  deviceId: '10b41dcd238d',
  serviceUuid: '4fafc201-1fb5-459e-8fcc-c5c9c331914d',
  characteristicUuid: 'beb5483e-36e1-4688-b7f5-ea07361b26c2',
  value: '7b 22 74 79 70 65 22 3a 22 6f 74 61 22 2c 22 73 74 61 74 75 73 22 3a 22 70 72 6f 67 72 65 73 73 22 2c 22 72 65 63 65 69 76 65 64 22 3a 33 34 35 30 36 30 2c 22 74 6f 74 61 6c 22 3a 35 37 30 34 38 30 2c 22 70 65 72 63 65 6e 74 22 3a 36 30 7d'
}
Notification received: 7b 22 74 79 70 65 22 3a 22 6f 74 61 22 2c 22 73 74 61 74 75 73 22 3a 22 70 72 6f 67 72 65 73 73 22 2c 22 72 65 63 65 69 76 65 64 22 3a 33 34 35 36 30 30 2c 22 74 6f 74 61 6c 22 3a 35 37 30 34 38 30 2c 22 70 65 72 63 65 6e 74 22 3a 36 30 7d
[Main -> Renderer] ble:characteristicValueChanged: {
  deviceId: '10b41dcd238d',
  serviceUuid: '4fafc201-1fb5-459e-8fcc-c5c9c331914d',
  characteristicUuid: 'beb5483e-36e1-4688-b7f5-ea07361b26c2',
  value: '7b 22 74 79 70 65 22 3a 22 6f 74 61 22 2c 22 73 74 61 74 75 73 22 3a 22 70 72 6f 67 72 65 73 73 22 2c 22 72 65 63 65 69 76 65 64 22 3a 33 34 35 36 30 30 2c 22 74 6f 74 61 6c 22 3a 35 37 30 34 38 30 2c 22 70 65 72 63 65 6e 74 22 3a 36 30 7d'
}
Notification received: 7b 22 74 79 70 65 22 3a 22 6f 74 61 22 2c 22 73 74 61 74 75 73 22 3a 22 70 72 6f 67 72 65 73 73 22 2c 22 72 65 63 65 69 76 65 64 22 3a 33 34 35 39 36 30 2c 22 74 6f 74 61 6c 22 3a 35 37 30 34 38 30 2c 22 70 65 72 63 65 6e 74 22 3a 36 30 7d
[Main -> Renderer] ble:characteristicValueChanged: {
  deviceId: '10b41dcd238d',
  serviceUuid: '4fafc201-1fb5-459e-8fcc-c5c9c331914d',
  characteristicUuid: 'beb5483e-36e1-4688-b7f5-ea07361b26c2',
  value: '7b 22 74 79 70 65 22 3a 22 6f 74 61 22 2c 22 73 74 61 74 75 73 22 3a 22 70 72 6f 67 72 65 73 73 22 2c 22 72 65 63 65 69 76 65 64 22 3a 33 34 35 39 36 30 2c 22 74 6f 74 61 6c 22 3a 35 37 30 34 38 30 2c 22 70 65 72 63 65 6e 74 22 3a 36 30 7d'
}
Notification received: 7b 22 74 79 70 65 22 3a 22 6f 74 61 22 2c 22 73 74 61 74 75 73 22 3a 22 70 72 6f 67 72 65 73 73 22 2c 22 72 65 63 65 69 76 65 64 22 3a 33 34 36 35 30 30 2c 22 74 6f 74 61 6c 22 3a 35 37 30 34 38 30 2c 22 70 65 72 63 65 6e 74 22 3a 36 30 7d
[Main -> Renderer] ble:characteristicValueChanged: {
  deviceId: '10b41dcd238d',
  serviceUuid: '4fafc201-1fb5-459e-8fcc-c5c9c331914d',
  characteristicUuid: 'beb5483e-36e1-4688-b7f5-ea07361b26c2',
  value: '7b 22 74 79 70 65 22 3a 22 6f 74 61 22 2c 22 73 74 61 74 75 73 22 3a 22 70 72 6f 67 72 65 73 73 22 2c 22 72 65 63 65 69 76 65 64 22 3a 33 34 36 35 30 30 2c 22 74 6f 74 61 6c 22 3a 35 37 30 34 38 30 2c 22 70 65 72 63 65 6e 74 22 3a 36 30 7d'
}
Notification received: 7b 22 74 79 70 65 22 3a 22 6f 74 61 22 2c 22 73 74 61 74 75 73 22 3a 22 70 72 6f 67 72 65 73 73 22 2c 22 72 65 63 65 69 76 65 64 22 3a 33 34 36 38 36 30 2c 22 74 6f 74 61 6c 22 3a 35 37 30 34 38 30 2c 22 70 65 72 63 65 6e 74 22 3a 36 30 7d
[Main -> Renderer] ble:characteristicValueChanged: {
  deviceId: '10b41dcd238d',
  serviceUuid: '4fafc201-1fb5-459e-8fcc-c5c9c331914d',
  characteristicUuid: 'beb5483e-36e1-4688-b7f5-ea07361b26c2',
  value: '7b 22 74 79 70 65 22 3a 22 6f 74 61 22 2c 22 73 74 61 74 75 73 22 3a 22 70 72 6f 67 72 65 73 73 22 2c 22 72 65 63 65 69 76 65 64 22 3a 33 34 36 38 36 30 2c 22 74 6f 74 61 6c 22 3a 35 37 30 34 38 30 2c 22 70 65 72 63 65 6e 74 22 3a 36 30 7d'
}
Notification received: 7b 22 74 79 70 65 22 3a 22 6f 74 61 22 2c 22 73 74 61 74 75 73 22 3a 22 70 72 6f 67 72 65 73 73 22 2c 22 72 65 63 65 69 76 65 64 22 3a 33 34 37 32 32 30 2c 22 74 6f 74 61 6c 22 3a 35 37 30 34 38 30 2c 22 70 65 72 63 65 6e 74 22 3a 36 30 7d
[Main -> Renderer] ble:characteristicValueChanged: {
  deviceId: '10b41dcd238d',
  serviceUuid: '4fafc201-1fb5-459e-8fcc-c5c9c331914d',
  characteristicUuid: 'beb5483e-36e1-4688-b7f5-ea07361b26c2',
  value: '7b 22 74 79 70 65 22 3a 22 6f 74 61 22 2c 22 73 74 61 74 75 73 22 3a 22 70 72 6f 67 72 65 73 73 22 2c 22 72 65 63 65 69 76 65 64 22 3a 33 34 37 32 32 30 2c 22 74 6f 74 61 6c 22 3a 35 37 30 34 38 30 2c 22 70 65 72 63 65 6e 74 22 3a 36 30 7d'
}
Notification received: 7b 22 74 79 70 65 22 3a 22 6f 74 61 22 2c 22 73 74 61 74 75 73 22 3a 22 70 72 6f 67 72 65 73 73 22 2c 22 72 65 63 65 69 76 65 64 22 3a 33 34 37 37 36 30 2c 22 74 6f 74 61 6c 22 3a 35 37 30 34 38 30 2c 22 70 65 72 63 65 6e 74 22 3a 36 30 7d
[Main -> Renderer] ble:characteristicValueChanged: {
  deviceId: '10b41dcd238d',
  serviceUuid: '4fafc201-1fb5-459e-8fcc-c5c9c331914d',
  characteristicUuid: 'beb5483e-36e1-4688-b7f5-ea07361b26c2',
  value: '7b 22 74 79 70 65 22 3a 22 6f 74 61 22 2c 22 73 74 61 74 75 73 22 3a 22 70 72 6f 67 72 65 73 73 22 2c 22 72 65 63 65 69 76 65 64 22 3a 33 34 37 37 36 30 2c 22 74 6f 74 61 6c 22 3a 35 37 30 34 38 30 2c 22 70 65 72 63 65 6e 74 22 3a 36 30 7d'
}
Notification received: 7b 22 74 79 70 65 22 3a 22 6f 74 61 22 2c 22 73 74 61 74 75 73 22 3a 22 70 72 6f 67 72 65 73 73 22 2c 22 72 65 63 65 69 76 65 64 22 3a 33 34 38 31 32 30 2c 22 74 6f 74 61 6c 22 3a 35 37 30 34 38 30 2c 22 70 65 72 63 65 6e 74 22 3a 36 31 7d
[Main -> Renderer] ble:characteristicValueChanged: {
  deviceId: '10b41dcd238d',
  serviceUuid: '4fafc201-1fb5-459e-8fcc-c5c9c331914d',
  characteristicUuid: 'beb5483e-36e1-4688-b7f5-ea07361b26c2',
  value: '7b 22 74 79 70 65 22 3a 22 6f 74 61 22 2c 22 73 74 61 74 75 73 22 3a 22 70 72 6f 67 72 65 73 73 22 2c 22 72 65 63 65 69 76 65 64 22 3a 33 34 38 31 32 30 2c 22 74 6f 74 61 6c 22 3a 35 37 30 34 38 30 2c 22 70 65 72 63 65 6e 74 22 3a 36 31 7d'
}
Notification received: 7b 22 74 79 70 65 22 3a 22 6f 74 61 22 2c 22 73 74 61 74 75 73 22 3a 22 70 72 6f 67 72 65 73 73 22 2c 22 72 65 63 65 69 76 65 64 22 3a 33 34 38 36 36 30 2c 22 74 6f 74 61 6c 22 3a 35 37 30 34 38 30 2c 22 70 65 72 63 65 6e 74 22 3a 36 31 7d
[Main -> Renderer] ble:characteristicValueChanged: {
  deviceId: '10b41dcd238d',
  serviceUuid: '4fafc201-1fb5-459e-8fcc-c5c9c331914d',
  characteristicUuid: 'beb5483e-36e1-4688-b7f5-ea07361b26c2',
  value: '7b 22 74 79 70 65 22 3a 22 6f 74 61 22 2c 22 73 74 61 74 75 73 22 3a 22 70 72 6f 67 72 65 73 73 22 2c 22 72 65 63 65 69 76 65 64 22 3a 33 34 38 36 36 30 2c 22 74 6f 74 61 6c 22 3a 35 37 30 34 38 30 2c 22 70 65 72 63 65 6e 74 22 3a 36 31 7d'
}
Notification received: 7b 22 74 79 70 65 22 3a 22 6f 74 61 22 2c 22 73 74 61 74 75 73 22 3a 22 70 72 6f 67 72 65 73 73 22 2c 22 72 65 63 65 69 76 65 64 22 3a 33 34 39 30 32 30 2c 22 74 6f 74 61 6c 22 3a 35 37 30 34 38 30 2c 22 70 65 72 63 65 6e 74 22 3a 36 31 7d
[Main -> Renderer] ble:characteristicValueChanged: {
  deviceId: '10b41dcd238d',
  serviceUuid: '4fafc201-1fb5-459e-8fcc-c5c9c331914d',
  characteristicUuid: 'beb5483e-36e1-4688-b7f5-ea07361b26c2',
  value: '7b 22 74 79 70 65 22 3a 22 6f 74 61 22 2c 22 73 74 61 74 75 73 22 3a 22 70 72 6f 67 72 65 73 73 22 2c 22 72 65 63 65 69 76 65 64 22 3a 33 34 39 30 32 30 2c 22 74 6f 74 61 6c 22 3a 35 37 30 34 38 30 2c 22 70 65 72 63 65 6e 74 22 3a 36 31 7d'
}
Notification received: 7b 22 74 79 70 65 22 3a 22 6f 74 61 22 2c 22 73 74 61 74 75 73 22 3a 22 70 72 6f 67 72 65 73 73 22 2c 22 72 65 63 65 69 76 65 64 22 3a 33 34 39 35 36 30 2c 22 74 6f 74 61 6c 22 3a 35 37 30 34 38 30 2c 22 70 65 72 63 65 6e 74 22 3a 36 31 7d
[Main -> Renderer] ble:characteristicValueChanged: {
  deviceId: '10b41dcd238d',
  serviceUuid: '4fafc201-1fb5-459e-8fcc-c5c9c331914d',
  characteristicUuid: 'beb5483e-36e1-4688-b7f5-ea07361b26c2',
  value: '7b 22 74 79 70 65 22 3a 22 6f 74 61 22 2c 22 73 74 61 74 75 73 22 3a 22 70 72 6f 67 72 65 73 73 22 2c 22 72 65 63 65 69 76 65 64 22 3a 33 34 39 35 36 30 2c 22 74 6f 74 61 6c 22 3a 35 37 30 34 38 30 2c 22 70 65 72 63 65 6e 74 22 3a 36 31 7d'
}
Notification received: 7b 22 74 79 70 65 22 3a 22 6f 74 61 22 2c 22 73 74 61 74 75 73 22 3a 22 70 72 6f 67 72 65 73 73 22 2c 22 72 65 63 65 69 76 65 64 22 3a 33 35 30 31 30 30 2c 22 74 6f 74 61 6c 22 3a 35 37 30 34 38 30 2c 22 70 65 72 63 65 6e 74 22 3a 36 31 7d
[Main -> Renderer] ble:characteristicValueChanged: {
  deviceId: '10b41dcd238d',
  serviceUuid: '4fafc201-1fb5-459e-8fcc-c5c9c331914d',
  characteristicUuid: 'beb5483e-36e1-4688-b7f5-ea07361b26c2',
  value: '7b 22 74 79 70 65 22 3a 22 6f 74 61 22 2c 22 73 74 61 74 75 73 22 3a 22 70 72 6f 67 72 65 73 73 22 2c 22 72 65 63 65 69 76 65 64 22 3a 33 35 30 31 30 30 2c 22 74 6f 74 61 6c 22 3a 35 37 30 34 38 30 2c 22 70 65 72 63 65 6e 74 22 3a 36 31 7d'
}
Notification received: 7b 22 74 79 70 65 22 3a 22 6f 74 61 22 2c 22 73 74 61 74 75 73 22 3a 22 70 72 6f 67 72 65 73 73 22 2c 22 72 65 63 65 69 76 65 64 22 3a 33 35 30 36 34 30 2c 22 74 6f 74 61 6c 22 3a 35 37 30 34 38 30 2c 22 70 65 72 63 65 6e 74 22 3a 36 31 7d
[Main -> Renderer] ble:characteristicValueChanged: {
  deviceId: '10b41dcd238d',
  serviceUuid: '4fafc201-1fb5-459e-8fcc-c5c9c331914d',
  characteristicUuid: 'beb5483e-36e1-4688-b7f5-ea07361b26c2',
  value: '7b 22 74 79 70 65 22 3a 22 6f 74 61 22 2c 22 73 74 61 74 75 73 22 3a 22 70 72 6f 67 72 65 73 73 22 2c 22 72 65 63 65 69 76 65 64 22 3a 33 35 30 36 34 30 2c 22 74 6f 74 61 6c 22 3a 35 37 30 34 38 30 2c 22 70 65 72 63 65 6e 74 22 3a 36 31 7d'
}
Notification received: 7b 22 74 79 70 65 22 3a 22 6f 74 61 22 2c 22 73 74 61 74 75 73 22 3a 22 70 72 6f 67 72 65 73 73 22 2c 22 72 65 63 65 69 76 65 64 22 3a 33 35 31 31 38 30 2c 22 74 6f 74 61 6c 22 3a 35 37 30 34 38 30 2c 22 70 65 72 63 65 6e 74 22 3a 36 31 7d
[Main -> Renderer] ble:characteristicValueChanged: {
  deviceId: '10b41dcd238d',
  serviceUuid: '4fafc201-1fb5-459e-8fcc-c5c9c331914d',
  characteristicUuid: 'beb5483e-36e1-4688-b7f5-ea07361b26c2',
  value: '7b 22 74 79 70 65 22 3a 22 6f 74 61 22 2c 22 73 74 61 74 75 73 22 3a 22 70 72 6f 67 72 65 73 73 22 2c 22 72 65 63 65 69 76 65 64 22 3a 33 35 31 31 38 30 2c 22 74 6f 74 61 6c 22 3a 35 37 30 34 38 30 2c 22 70 65 72 63 65 6e 74 22 3a 36 31 7d'
}
Notification received: 7b 22 74 79 70 65 22 3a 22 6f 74 61 22 2c 22 73 74 61 74 75 73 22 3a 22 70 72 6f 67 72 65 73 73 22 2c 22 72 65 63 65 69 76 65 64 22 3a 33 35 31 37 32 30 2c 22 74 6f 74 61 6c 22 3a 35 37 30 34 38 30 2c 22 70 65 72 63 65 6e 74 22 3a 36 31 7d
[Main -> Renderer] ble:characteristicValueChanged: {
  deviceId: '10b41dcd238d',
  serviceUuid: '4fafc201-1fb5-459e-8fcc-c5c9c331914d',
  characteristicUuid: 'beb5483e-36e1-4688-b7f5-ea07361b26c2',
  value: '7b 22 74 79 70 65 22 3a 22 6f 74 61 22 2c 22 73 74 61 74 75 73 22 3a 22 70 72 6f 67 72 65 73 73 22 2c 22 72 65 63 65 69 76 65 64 22 3a 33 35 31 37 32 30 2c 22 74 6f 74 61 6c 22 3a 35 37 30 34 38 30 2c 22 70 65 72 63 65 6e 74 22 3a 36 31 7d'
}
Notification received: 7b 22 74 79 70 65 22 3a 22 6f 74 61 22 2c 22 73 74 61 74 75 73 22 3a 22 70 72 6f 67 72 65 73 73 22 2c 22 72 65 63 65 69 76 65 64 22 3a 33 35 32 32 36 30 2c 22 74 6f 74 61 6c 22 3a 35 37 30 34 38 30 2c 22 70 65 72 63 65 6e 74 22 3a 36 31 7d
[Main -> Renderer] ble:characteristicValueChanged: {
  deviceId: '10b41dcd238d',
  serviceUuid: '4fafc201-1fb5-459e-8fcc-c5c9c331914d',
  characteristicUuid: 'beb5483e-36e1-4688-b7f5-ea07361b26c2',
  value: '7b 22 74 79 70 65 22 3a 22 6f 74 61 22 2c 22 73 74 61 74 75 73 22 3a 22 70 72 6f 67 72 65 73 73 22 2c 22 72 65 63 65 69 76 65 64 22 3a 33 35 32 32 36 30 2c 22 74 6f 74 61 6c 22 3a 35 37 30 34 38 30 2c 22 70 65 72 63 65 6e 74 22 3a 36 31 7d'
}
Notification received: 7b 22 74 79 70 65 22 3a 22 6f 74 61 22 2c 22 73 74 61 74 75 73 22 3a 22 70 72 6f 67 72 65 73 73 22 2c 22 72 65 63 65 69 76 65 64 22 3a 33 35 32 38 30 30 2c 22 74 6f 74 61 6c 22 3a 35 37 30 34 38 30 2c 22 70 65 72 63 65 6e 74 22 3a 36 31 7d
[Main -> Renderer] ble:characteristicValueChanged: {
  deviceId: '10b41dcd238d',
  serviceUuid: '4fafc201-1fb5-459e-8fcc-c5c9c331914d',
  characteristicUuid: 'beb5483e-36e1-4688-b7f5-ea07361b26c2',
  value: '7b 22 74 79 70 65 22 3a 22 6f 74 61 22 2c 22 73 74 61 74 75 73 22 3a 22 70 72 6f 67 72 65 73 73 22 2c 22 72 65 63 65 69 76 65 64 22 3a 33 35 32 38 30 30 2c 22 74 6f 74 61 6c 22 3a 35 37 30 34 38 30 2c 22 70 65 72 63 65 6e 74 22 3a 36 31 7d'
}
Notification received: 7b 22 74 79 70 65 22 3a 22 6f 74 61 22 2c 22 73 74 61 74 75 73 22 3a 22 70 72 6f 67 72 65 73 73 22 2c 22 72 65 63 65 69 76 65 64 22 3a 33 35 33 33 34 30 2c 22 74 6f 74 61 6c 22 3a 35 37 30 34 38 30 2c 22 70 65 72 63 65 6e 74 22 3a 36 31 7d
[Main -> Renderer] ble:characteristicValueChanged: {
  deviceId: '10b41dcd238d',
  serviceUuid: '4fafc201-1fb5-459e-8fcc-c5c9c331914d',
  characteristicUuid: 'beb5483e-36e1-4688-b7f5-ea07361b26c2',
  value: '7b 22 74 79 70 65 22 3a 22 6f 74 61 22 2c 22 73 74 61 74 75 73 22 3a 22 70 72 6f 67 72 65 73 73 22 2c 22 72 65 63 65 69 76 65 64 22 3a 33 35 33 33 34 30 2c 22 74 6f 74 61 6c 22 3a 35 37 30 34 38 30 2c 22 70 65 72 63 65 6e 74 22 3a 36 31 7d'
}
Notification received: 7b 22 74 79 70 65 22 3a 22 6f 74 61 22 2c 22 73 74 61 74 75 73 22 3a 22 70 72 6f 67 72 65 73 73 22 2c 22 72 65 63 65 69 76 65 64 22 3a 33 35 33 38 38 30 2c 22 74 6f 74 61 6c 22 3a 35 37 30 34 38 30 2c 22 70 65 72 63 65 6e 74 22 3a 36 32 7d
[Main -> Renderer] ble:characteristicValueChanged: {
  deviceId: '10b41dcd238d',
  serviceUuid: '4fafc201-1fb5-459e-8fcc-c5c9c331914d',
  characteristicUuid: 'beb5483e-36e1-4688-b7f5-ea07361b26c2',
  value: '7b 22 74 79 70 65 22 3a 22 6f 74 61 22 2c 22 73 74 61 74 75 73 22 3a 22 70 72 6f 67 72 65 73 73 22 2c 22 72 65 63 65 69 76 65 64 22 3a 33 35 33 38 38 30 2c 22 74 6f 74 61 6c 22 3a 35 37 30 34 38 30 2c 22 70 65 72 63 65 6e 74 22 3a 36 32 7d'
}
Notification received: 7b 22 74 79 70 65 22 3a 22 6f 74 61 22 2c 22 73 74 61 74 75 73 22 3a 22 70 72 6f 67 72 65 73 73 22 2c 22 72 65 63 65 69 76 65 64 22 3a 33 35 34 32 34 30 2c 22 74 6f 74 61 6c 22 3a 35 37 30 34 38 30 2c 22 70 65 72 63 65 6e 74 22 3a 36 32 7d
[Main -> Renderer] ble:characteristicValueChanged: {
  deviceId: '10b41dcd238d',
  serviceUuid: '4fafc201-1fb5-459e-8fcc-c5c9c331914d',
  characteristicUuid: 'beb5483e-36e1-4688-b7f5-ea07361b26c2',
  value: '7b 22 74 79 70 65 22 3a 22 6f 74 61 22 2c 22 73 74 61 74 75 73 22 3a 22 70 72 6f 67 72 65 73 73 22 2c 22 72 65 63 65 69 76 65 64 22 3a 33 35 34 32 34 30 2c 22 74 6f 74 61 6c 22 3a 35 37 30 34 38 30 2c 22 70 65 72 63 65 6e 74 22 3a 36 32 7d'
}
Notification received: 7b 22 74 79 70 65 22 3a 22 6f 74 61 22 2c 22 73 74 61 74 75 73 22 3a 22 70 72 6f 67 72 65 73 73 22 2c 22 72 65 63 65 69 76 65 64 22 3a 33 35 34 37 38 30 2c 22 74 6f 74 61 6c 22 3a 35 37 30 34 38 30 2c 22 70 65 72 63 65 6e 74 22 3a 36 32 7d
[Main -> Renderer] ble:characteristicValueChanged: {
  deviceId: '10b41dcd238d',
  serviceUuid: '4fafc201-1fb5-459e-8fcc-c5c9c331914d',
  characteristicUuid: 'beb5483e-36e1-4688-b7f5-ea07361b26c2',
  value: '7b 22 74 79 70 65 22 3a 22 6f 74 61 22 2c 22 73 74 61 74 75 73 22 3a 22 70 72 6f 67 72 65 73 73 22 2c 22 72 65 63 65 69 76 65 64 22 3a 33 35 34 37 38 30 2c 22 74 6f 74 61 6c 22 3a 35 37 30 34 38 30 2c 22 70 65 72 63 65 6e 74 22 3a 36 32 7d'
}
Notification received: 7b 22 74 79 70 65 22 3a 22 6f 74 61 22 2c 22 73 74 61 74 75 73 22 3a 22 70 72 6f 67 72 65 73 73 22 2c 22 72 65 63 65 69 76 65 64 22 3a 33 35 35 31 34 30 2c 22 74 6f 74 61 6c 22 3a 35 37 30 34 38 30 2c 22 70 65 72 63 65 6e 74 22 3a 36 32 7d
[Main -> Renderer] ble:characteristicValueChanged: {
  deviceId: '10b41dcd238d',
  serviceUuid: '4fafc201-1fb5-459e-8fcc-c5c9c331914d',
  characteristicUuid: 'beb5483e-36e1-4688-b7f5-ea07361b26c2',
  value: '7b 22 74 79 70 65 22 3a 22 6f 74 61 22 2c 22 73 74 61 74 75 73 22 3a 22 70 72 6f 67 72 65 73 73 22 2c 22 72 65 63 65 69 76 65 64 22 3a 33 35 35 31 34 30 2c 22 74 6f 74 61 6c 22 3a 35 37 30 34 38 30 2c 22 70 65 72 63 65 6e 74 22 3a 36 32 7d'
}
Notification received: 7b 22 74 79 70 65 22 3a 22 6f 74 61 22 2c 22 73 74 61 74 75 73 22 3a 22 70 72 6f 67 72 65 73 73 22 2c 22 72 65 63 65 69 76 65 64 22 3a 33 35 35 35 30 30 2c 22 74 6f 74 61 6c 22 3a 35 37 30 34 38 30 2c 22 70 65 72 63 65 6e 74 22 3a 36 32 7d
[Main -> Renderer] ble:characteristicValueChanged: {
  deviceId: '10b41dcd238d',
  serviceUuid: '4fafc201-1fb5-459e-8fcc-c5c9c331914d',
  characteristicUuid: 'beb5483e-36e1-4688-b7f5-ea07361b26c2',
  value: '7b 22 74 79 70 65 22 3a 22 6f 74 61 22 2c 22 73 74 61 74 75 73 22 3a 22 70 72 6f 67 72 65 73 73 22 2c 22 72 65 63 65 69 76 65 64 22 3a 33 35 35 35 30 30 2c 22 74 6f 74 61 6c 22 3a 35 37 30 34 38 30 2c 22 70 65 72 63 65 6e 74 22 3a 36 32 7d'
}
Notification received: 7b 22 74 79 70 65 22 3a 22 6f 74 61 22 2c 22 73 74 61 74 75 73 22 3a 22 70 72 6f 67 72 65 73 73 22 2c 22 72 65 63 65 69 76 65 64 22 3a 33 35 35 38 36 30 2c 22 74 6f 74 61 6c 22 3a 35 37 30 34 38 30 2c 22 70 65 72 63 65 6e 74 22 3a 36 32 7d
[Main -> Renderer] ble:characteristicValueChanged: {
  deviceId: '10b41dcd238d',
  serviceUuid: '4fafc201-1fb5-459e-8fcc-c5c9c331914d',
  characteristicUuid: 'beb5483e-36e1-4688-b7f5-ea07361b26c2',
  value: '7b 22 74 79 70 65 22 3a 22 6f 74 61 22 2c 22 73 74 61 74 75 73 22 3a 22 70 72 6f 67 72 65 73 73 22 2c 22 72 65 63 65 69 76 65 64 22 3a 33 35 35 38 36 30 2c 22 74 6f 74 61 6c 22 3a 35 37 30 34 38 30 2c 22 70 65 72 63 65 6e 74 22 3a 36 32 7d'
}
Notification received: 7b 22 74 79 70 65 22 3a 22 6f 74 61 22 2c 22 73 74 61 74 75 73 22 3a 22 70 72 6f 67 72 65 73 73 22 2c 22 72 65 63 65 69 76 65 64 22 3a 33 35 36 32 32 30 2c 22 74 6f 74 61 6c 22 3a 35 37 30 34 38 30 2c 22 70 65 72 63 65 6e 74 22 3a 36 32 7d
[Main -> Renderer] ble:characteristicValueChanged: {
  deviceId: '10b41dcd238d',
  serviceUuid: '4fafc201-1fb5-459e-8fcc-c5c9c331914d',
  characteristicUuid: 'beb5483e-36e1-4688-b7f5-ea07361b26c2',
  value: '7b 22 74 79 70 65 22 3a 22 6f 74 61 22 2c 22 73 74 61 74 75 73 22 3a 22 70 72 6f 67 72 65 73 73 22 2c 22 72 65 63 65 69 76 65 64 22 3a 33 35 36 32 32 30 2c 22 74 6f 74 61 6c 22 3a 35 37 30 34 38 30 2c 22 70 65 72 63 65 6e 74 22 3a 36 32 7d'
}
Notification received: 7b 22 74 79 70 65 22 3a 22 6f 74 61 22 2c 22 73 74 61 74 75 73 22 3a 22 70 72 6f 67 72 65 73 73 22 2c 22 72 65 63 65 69 76 65 64 22 3a 33 35 36 34 30 30 2c 22 74 6f 74 61 6c 22 3a 35 37 30 34 38 30 2c 22 70 65 72 63 65 6e 74 22 3a 36 32 7d
[Main -> Renderer] ble:characteristicValueChanged: {
  deviceId: '10b41dcd238d',
  serviceUuid: '4fafc201-1fb5-459e-8fcc-c5c9c331914d',
  characteristicUuid: 'beb5483e-36e1-4688-b7f5-ea07361b26c2',
  value: '7b 22 74 79 70 65 22 3a 22 6f 74 61 22 2c 22 73 74 61 74 75 73 22 3a 22 70 72 6f 67 72 65 73 73 22 2c 22 72 65 63 65 69 76 65 64 22 3a 33 35 36 34 30 30 2c 22 74 6f 74 61 6c 22 3a 35 37 30 34 38 30 2c 22 70 65 72 63 65 6e 74 22 3a 36 32 7d'
}
Notification received: 7b 22 74 79 70 65 22 3a 22 6f 74 61 22 2c 22 73 74 61 74 75 73 22 3a 22 70 72 6f 67 72 65 73 73 22 2c 22 72 65 63 65 69 76 65 64 22 3a 33 35 36 37 36 30 2c 22 74 6f 74 61 6c 22 3a 35 37 30 34 38 30 2c 22 70 65 72 63 65 6e 74 22 3a 36 32 7d
[Main -> Renderer] ble:characteristicValueChanged: {
  deviceId: '10b41dcd238d',
  serviceUuid: '4fafc201-1fb5-459e-8fcc-c5c9c331914d',
  characteristicUuid: 'beb5483e-36e1-4688-b7f5-ea07361b26c2',
  value: '7b 22 74 79 70 65 22 3a 22 6f 74 61 22 2c 22 73 74 61 74 75 73 22 3a 22 70 72 6f 67 72 65 73 73 22 2c 22 72 65 63 65 69 76 65 64 22 3a 33 35 36 37 36 30 2c 22 74 6f 74 61 6c 22 3a 35 37 30 34 38 30 2c 22 70 65 72 63 65 6e 74 22 3a 36 32 7d'
}
Notification received: 7b 22 74 79 70 65 22 3a 22 6f 74 61 22 2c 22 73 74 61 74 75 73 22 3a 22 70 72 6f 67 72 65 73 73 22 2c 22 72 65 63 65 69 76 65 64 22 3a 33 35 37 31 32 30 2c 22 74 6f 74 61 6c 22 3a 35 37 30 34 38 30 2c 22 70 65 72 63 65 6e 74 22 3a 36 32 7d
[Main -> Renderer] ble:characteristicValueChanged: {
  deviceId: '10b41dcd238d',
  serviceUuid: '4fafc201-1fb5-459e-8fcc-c5c9c331914d',
  characteristicUuid: 'beb5483e-36e1-4688-b7f5-ea07361b26c2',
  value: '7b 22 74 79 70 65 22 3a 22 6f 74 61 22 2c 22 73 74 61 74 75 73 22 3a 22 70 72 6f 67 72 65 73 73 22 2c 22 72 65 63 65 69 76 65 64 22 3a 33 35 37 31 32 30 2c 22 74 6f 74 61 6c 22 3a 35 37 30 34 38 30 2c 22 70 65 72 63 65 6e 74 22 3a 36 32 7d'
}
Notification received: 7b 22 74 79 70 65 22 3a 22 6f 74 61 22 2c 22 73 74 61 74 75 73 22 3a 22 70 72 6f 67 72 65 73 73 22 2c 22 72 65 63 65 69 76 65 64 22 3a 33 35 37 34 38 30 2c 22 74 6f 74 61 6c 22 3a 35 37 30 34 38 30 2c 22 70 65 72 63 65 6e 74 22 3a 36 32 7d
[Main -> Renderer] ble:characteristicValueChanged: {
  deviceId: '10b41dcd238d',
  serviceUuid: '4fafc201-1fb5-459e-8fcc-c5c9c331914d',
  characteristicUuid: 'beb5483e-36e1-4688-b7f5-ea07361b26c2',
  value: '7b 22 74 79 70 65 22 3a 22 6f 74 61 22 2c 22 73 74 61 74 75 73 22 3a 22 70 72 6f 67 72 65 73 73 22 2c 22 72 65 63 65 69 76 65 64 22 3a 33 35 37 34 38 30 2c 22 74 6f 74 61 6c 22 3a 35 37 30 34 38 30 2c 22 70 65 72 63 65 6e 74 22 3a 36 32 7d'
}
Notification received: 7b 22 74 79 70 65 22 3a 22 6f 74 61 22 2c 22 73 74 61 74 75 73 22 3a 22 70 72 6f 67 72 65 73 73 22 2c 22 72 65 63 65 69 76 65 64 22 3a 33 35 37 38 34 30 2c 22 74 6f 74 61 6c 22 3a 35 37 30 34 38 30 2c 22 70 65 72 63 65 6e 74 22 3a 36 32 7d
[Main -> Renderer] ble:characteristicValueChanged: {
  deviceId: '10b41dcd238d',
  serviceUuid: '4fafc201-1fb5-459e-8fcc-c5c9c331914d',
  characteristicUuid: 'beb5483e-36e1-4688-b7f5-ea07361b26c2',
  value: '7b 22 74 79 70 65 22 3a 22 6f 74 61 22 2c 22 73 74 61 74 75 73 22 3a 22 70 72 6f 67 72 65 73 73 22 2c 22 72 65 63 65 69 76 65 64 22 3a 33 35 37 38 34 30 2c 22 74 6f 74 61 6c 22 3a 35 37 30 34 38 30 2c 22 70 65 72 63 65 6e 74 22 3a 36 32 7d'
}
Notification received: 7b 22 74 79 70 65 22 3a 22 6f 74 61 22 2c 22 73 74 61 74 75 73 22 3a 22 70 72 6f 67 72 65 73 73 22 2c 22 72 65 63 65 69 76 65 64 22 3a 33 35 38 32 30 30 2c 22 74 6f 74 61 6c 22 3a 35 37 30 34 38 30 2c 22 70 65 72 63 65 6e 74 22 3a 36 32 7d
[Main -> Renderer] ble:characteristicValueChanged: {
  deviceId: '10b41dcd238d',
  serviceUuid: '4fafc201-1fb5-459e-8fcc-c5c9c331914d',
  characteristicUuid: 'beb5483e-36e1-4688-b7f5-ea07361b26c2',
  value: '7b 22 74 79 70 65 22 3a 22 6f 74 61 22 2c 22 73 74 61 74 75 73 22 3a 22 70 72 6f 67 72 65 73 73 22 2c 22 72 65 63 65 69 76 65 64 22 3a 33 35 38 32 30 30 2c 22 74 6f 74 61 6c 22 3a 35 37 30 34 38 30 2c 22 70 65 72 63 65 6e 74 22 3a 36 32 7d'
}
Notification received: 7b 22 74 79 70 65 22 3a 22 6f 74 61 22 2c 22 73 74 61 74 75 73 22 3a 22 70 72 6f 67 72 65 73 73 22 2c 22 72 65 63 65 69 76 65 64 22 3a 33 35 38 37 34 30 2c 22 74 6f 74 61 6c 22 3a 35 37 30 34 38 30 2c 22 70 65 72 63 65 6e 74 22 3a 36 32 7d
[Main -> Renderer] ble:characteristicValueChanged: {
  deviceId: '10b41dcd238d',
  serviceUuid: '4fafc201-1fb5-459e-8fcc-c5c9c331914d',
  characteristicUuid: 'beb5483e-36e1-4688-b7f5-ea07361b26c2',
  value: '7b 22 74 79 70 65 22 3a 22 6f 74 61 22 2c 22 73 74 61 74 75 73 22 3a 22 70 72 6f 67 72 65 73 73 22 2c 22 72 65 63 65 69 76 65 64 22 3a 33 35 38 37 34 30 2c 22 74 6f 74 61 6c 22 3a 35 37 30 34 38 30 2c 22 70 65 72 63 65 6e 74 22 3a 36 32 7d'
}
Notification received: 7b 22 74 79 70 65 22 3a 22 6f 74 61 22 2c 22 73 74 61 74 75 73 22 3a 22 70 72 6f 67 72 65 73 73 22 2c 22 72 65 63 65 69 76 65 64 22 3a 33 35 39 32 38 30 2c 22 74 6f 74 61 6c 22 3a 35 37 30 34 38 30 2c 22 70 65 72 63 65 6e 74 22 3a 36 32 7d
[Main -> Renderer] ble:characteristicValueChanged: {
  deviceId: '10b41dcd238d',
  serviceUuid: '4fafc201-1fb5-459e-8fcc-c5c9c331914d',
  characteristicUuid: 'beb5483e-36e1-4688-b7f5-ea07361b26c2',
  value: '7b 22 74 79 70 65 22 3a 22 6f 74 61 22 2c 22 73 74 61 74 75 73 22 3a 22 70 72 6f 67 72 65 73 73 22 2c 22 72 65 63 65 69 76 65 64 22 3a 33 35 39 32 38 30 2c 22 74 6f 74 61 6c 22 3a 35 37 30 34 38 30 2c 22 70 65 72 63 65 6e 74 22 3a 36 32 7d'
}
Notification received: 7b 22 74 79 70 65 22 3a 22 6f 74 61 22 2c 22 73 74 61 74 75 73 22 3a 22 70 72 6f 67 72 65 73 73 22 2c 22 72 65 63 65 69 76 65 64 22 3a 33 35 39 36 34 30 2c 22 74 6f 74 61 6c 22 3a 35 37 30 34 38 30 2c 22 70 65 72 63 65 6e 74 22 3a 36 33 7d
[Main -> Renderer] ble:characteristicValueChanged: {
  deviceId: '10b41dcd238d',
  serviceUuid: '4fafc201-1fb5-459e-8fcc-c5c9c331914d',
  characteristicUuid: 'beb5483e-36e1-4688-b7f5-ea07361b26c2',
  value: '7b 22 74 79 70 65 22 3a 22 6f 74 61 22 2c 22 73 74 61 74 75 73 22 3a 22 70 72 6f 67 72 65 73 73 22 2c 22 72 65 63 65 69 76 65 64 22 3a 33 35 39 36 34 30 2c 22 74 6f 74 61 6c 22 3a 35 37 30 34 38 30 2c 22 70 65 72 63 65 6e 74 22 3a 36 33 7d'
}
Notification received: 7b 22 74 79 70 65 22 3a 22 6f 74 61 22 2c 22 73 74 61 74 75 73 22 3a 22 70 72 6f 67 72 65 73 73 22 2c 22 72 65 63 65 69 76 65 64 22 3a 33 36 30 30 30 30 2c 22 74 6f 74 61 6c 22 3a 35 37 30 34 38 30 2c 22 70 65 72 63 65 6e 74 22 3a 36 33 7d
[Main -> Renderer] ble:characteristicValueChanged: {
  deviceId: '10b41dcd238d',
  serviceUuid: '4fafc201-1fb5-459e-8fcc-c5c9c331914d',
  characteristicUuid: 'beb5483e-36e1-4688-b7f5-ea07361b26c2',
  value: '7b 22 74 79 70 65 22 3a 22 6f 74 61 22 2c 22 73 74 61 74 75 73 22 3a 22 70 72 6f 67 72 65 73 73 22 2c 22 72 65 63 65 69 76 65 64 22 3a 33 36 30 30 30 30 2c 22 74 6f 74 61 6c 22 3a 35 37 30 34 38 30 2c 22 70 65 72 63 65 6e 74 22 3a 36 33 7d'
}
Notification received: 7b 22 74 79 70 65 22 3a 22 6f 74 61 22 2c 22 73 74 61 74 75 73 22 3a 22 70 72 6f 67 72 65 73 73 22 2c 22 72 65 63 65 69 76 65 64 22 3a 33 36 30 33 36 30 2c 22 74 6f 74 61 6c 22 3a 35 37 30 34 38 30 2c 22 70 65 72 63 65 6e 74 22 3a 36 33 7d
[Main -> Renderer] ble:characteristicValueChanged: {
  deviceId: '10b41dcd238d',
  serviceUuid: '4fafc201-1fb5-459e-8fcc-c5c9c331914d',
  characteristicUuid: 'beb5483e-36e1-4688-b7f5-ea07361b26c2',
  value: '7b 22 74 79 70 65 22 3a 22 6f 74 61 22 2c 22 73 74 61 74 75 73 22 3a 22 70 72 6f 67 72 65 73 73 22 2c 22 72 65 63 65 69 76 65 64 22 3a 33 36 30 33 36 30 2c 22 74 6f 74 61 6c 22 3a 35 37 30 34 38 30 2c 22 70 65 72 63 65 6e 74 22 3a 36 33 7d'
}
Notification received: 7b 22 74 79 70 65 22 3a 22 6f 74 61 22 2c 22 73 74 61 74 75 73 22 3a 22 70 72 6f 67 72 65 73 73 22 2c 22 72 65 63 65 69 76 65 64 22 3a 33 36 30 37 32 30 2c 22 74 6f 74 61 6c 22 3a 35 37 30 34 38 30 2c 22 70 65 72 63 65 6e 74 22 3a 36 33 7d
[Main -> Renderer] ble:characteristicValueChanged: {
  deviceId: '10b41dcd238d',
  serviceUuid: '4fafc201-1fb5-459e-8fcc-c5c9c331914d',
  characteristicUuid: 'beb5483e-36e1-4688-b7f5-ea07361b26c2',
  value: '7b 22 74 79 70 65 22 3a 22 6f 74 61 22 2c 22 73 74 61 74 75 73 22 3a 22 70 72 6f 67 72 65 73 73 22 2c 22 72 65 63 65 69 76 65 64 22 3a 33 36 30 37 32 30 2c 22 74 6f 74 61 6c 22 3a 35 37 30 34 38 30 2c 22 70 65 72 63 65 6e 74 22 3a 36 33 7d'
}
Notification received: 7b 22 74 79 70 65 22 3a 22 6f 74 61 22 2c 22 73 74 61 74 75 73 22 3a 22 70 72 6f 67 72 65 73 73 22 2c 22 72 65 63 65 69 76 65 64 22 3a 33 36 31 32 36 30 2c 22 74 6f 74 61 6c 22 3a 35 37 30 34 38 30 2c 22 70 65 72 63 65 6e 74 22 3a 36 33 7d
[Main -> Renderer] ble:characteristicValueChanged: {
  deviceId: '10b41dcd238d',
  serviceUuid: '4fafc201-1fb5-459e-8fcc-c5c9c331914d',
  characteristicUuid: 'beb5483e-36e1-4688-b7f5-ea07361b26c2',
  value: '7b 22 74 79 70 65 22 3a 22 6f 74 61 22 2c 22 73 74 61 74 75 73 22 3a 22 70 72 6f 67 72 65 73 73 22 2c 22 72 65 63 65 69 76 65 64 22 3a 33 36 31 32 36 30 2c 22 74 6f 74 61 6c 22 3a 35 37 30 34 38 30 2c 22 70 65 72 63 65 6e 74 22 3a 36 33 7d'
}
Notification received: 7b 22 74 79 70 65 22 3a 22 6f 74 61 22 2c 22 73 74 61 74 75 73 22 3a 22 70 72 6f 67 72 65 73 73 22 2c 22 72 65 63 65 69 76 65 64 22 3a 33 36 31 38 30 30 2c 22 74 6f 74 61 6c 22 3a 35 37 30 34 38 30 2c 22 70 65 72 63 65 6e 74 22 3a 36 33 7d
[Main -> Renderer] ble:characteristicValueChanged: {
  deviceId: '10b41dcd238d',
  serviceUuid: '4fafc201-1fb5-459e-8fcc-c5c9c331914d',
  characteristicUuid: 'beb5483e-36e1-4688-b7f5-ea07361b26c2',
  value: '7b 22 74 79 70 65 22 3a 22 6f 74 61 22 2c 22 73 74 61 74 75 73 22 3a 22 70 72 6f 67 72 65 73 73 22 2c 22 72 65 63 65 69 76 65 64 22 3a 33 36 31 38 30 30 2c 22 74 6f 74 61 6c 22 3a 35 37 30 34 38 30 2c 22 70 65 72 63 65 6e 74 22 3a 36 33 7d'
}
Notification received: 7b 22 74 79 70 65 22 3a 22 6f 74 61 22 2c 22 73 74 61 74 75 73 22 3a 22 70 72 6f 67 72 65 73 73 22 2c 22 72 65 63 65 69 76 65 64 22 3a 33 36 32 33 34 30 2c 22 74 6f 74 61 6c 22 3a 35 37 30 34 38 30 2c 22 70 65 72 63 65 6e 74 22 3a 36 33 7d
[Main -> Renderer] ble:characteristicValueChanged: {
  deviceId: '10b41dcd238d',
  serviceUuid: '4fafc201-1fb5-459e-8fcc-c5c9c331914d',
  characteristicUuid: 'beb5483e-36e1-4688-b7f5-ea07361b26c2',
  value: '7b 22 74 79 70 65 22 3a 22 6f 74 61 22 2c 22 73 74 61 74 75 73 22 3a 22 70 72 6f 67 72 65 73 73 22 2c 22 72 65 63 65 69 76 65 64 22 3a 33 36 32 33 34 30 2c 22 74 6f 74 61 6c 22 3a 35 37 30 34 38 30 2c 22 70 65 72 63 65 6e 74 22 3a 36 33 7d'
}
Notification received: 7b 22 74 79 70 65 22 3a 22 6f 74 61 22 2c 22 73 74 61 74 75 73 22 3a 22 70 72 6f 67 72 65 73 73 22 2c 22 72 65 63 65 69 76 65 64 22 3a 33 36 32 37 30 30 2c 22 74 6f 74 61 6c 22 3a 35 37 30 34 38 30 2c 22 70 65 72 63 65 6e 74 22 3a 36 33 7d
[Main -> Renderer] ble:characteristicValueChanged: {
  deviceId: '10b41dcd238d',
  serviceUuid: '4fafc201-1fb5-459e-8fcc-c5c9c331914d',
  characteristicUuid: 'beb5483e-36e1-4688-b7f5-ea07361b26c2',
  value: '7b 22 74 79 70 65 22 3a 22 6f 74 61 22 2c 22 73 74 61 74 75 73 22 3a 22 70 72 6f 67 72 65 73 73 22 2c 22 72 65 63 65 69 76 65 64 22 3a 33 36 32 37 30 30 2c 22 74 6f 74 61 6c 22 3a 35 37 30 34 38 30 2c 22 70 65 72 63 65 6e 74 22 3a 36 33 7d'
}
Notification received: 7b 22 74 79 70 65 22 3a 22 6f 74 61 22 2c 22 73 74 61 74 75 73 22 3a 22 70 72 6f 67 72 65 73 73 22 2c 22 72 65 63 65 69 76 65 64 22 3a 33 36 33 30 36 30 2c 22 74 6f 74 61 6c 22 3a 35 37 30 34 38 30 2c 22 70 65 72 63 65 6e 74 22 3a 36 33 7d
[Main -> Renderer] ble:characteristicValueChanged: {
  deviceId: '10b41dcd238d',
  serviceUuid: '4fafc201-1fb5-459e-8fcc-c5c9c331914d',
  characteristicUuid: 'beb5483e-36e1-4688-b7f5-ea07361b26c2',
  value: '7b 22 74 79 70 65 22 3a 22 6f 74 61 22 2c 22 73 74 61 74 75 73 22 3a 22 70 72 6f 67 72 65 73 73 22 2c 22 72 65 63 65 69 76 65 64 22 3a 33 36 33 30 36 30 2c 22 74 6f 74 61 6c 22 3a 35 37 30 34 38 30 2c 22 70 65 72 63 65 6e 74 22 3a 36 33 7d'
}
Notification received: 7b 22 74 79 70 65 22 3a 22 6f 74 61 22 2c 22 73 74 61 74 75 73 22 3a 22 70 72 6f 67 72 65 73 73 22 2c 22 72 65 63 65 69 76 65 64 22 3a 33 36 33 34 32 30 2c 22 74 6f 74 61 6c 22 3a 35 37 30 34 38 30 2c 22 70 65 72 63 65 6e 74 22 3a 36 33 7d
[Main -> Renderer] ble:characteristicValueChanged: {
  deviceId: '10b41dcd238d',
  serviceUuid: '4fafc201-1fb5-459e-8fcc-c5c9c331914d',
  characteristicUuid: 'beb5483e-36e1-4688-b7f5-ea07361b26c2',
  value: '7b 22 74 79 70 65 22 3a 22 6f 74 61 22 2c 22 73 74 61 74 75 73 22 3a 22 70 72 6f 67 72 65 73 73 22 2c 22 72 65 63 65 69 76 65 64 22 3a 33 36 33 34 32 30 2c 22 74 6f 74 61 6c 22 3a 35 37 30 34 38 30 2c 22 70 65 72 63 65 6e 74 22 3a 36 33 7d'
}
Notification received: 7b 22 74 79 70 65 22 3a 22 6f 74 61 22 2c 22 73 74 61 74 75 73 22 3a 22 70 72 6f 67 72 65 73 73 22 2c 22 72 65 63 65 69 76 65 64 22 3a 33 36 33 39 36 30 2c 22 74 6f 74 61 6c 22 3a 35 37 30 34 38 30 2c 22 70 65 72 63 65 6e 74 22 3a 36 33 7d
[Main -> Renderer] ble:characteristicValueChanged: {
  deviceId: '10b41dcd238d',
  serviceUuid: '4fafc201-1fb5-459e-8fcc-c5c9c331914d',
  characteristicUuid: 'beb5483e-36e1-4688-b7f5-ea07361b26c2',
  value: '7b 22 74 79 70 65 22 3a 22 6f 74 61 22 2c 22 73 74 61 74 75 73 22 3a 22 70 72 6f 67 72 65 73 73 22 2c 22 72 65 63 65 69 76 65 64 22 3a 33 36 33 39 36 30 2c 22 74 6f 74 61 6c 22 3a 35 37 30 34 38 30 2c 22 70 65 72 63 65 6e 74 22 3a 36 33 7d'
}
Notification received: 7b 22 74 79 70 65 22 3a 22 6f 74 61 22 2c 22 73 74 61 74 75 73 22 3a 22 70 72 6f 67 72 65 73 73 22 2c 22 72 65 63 65 69 76 65 64 22 3a 33 36 34 33 32 30 2c 22 74 6f 74 61 6c 22 3a 35 37 30 34 38 30 2c 22 70 65 72 63 65 6e 74 22 3a 36 33 7d
[Main -> Renderer] ble:characteristicValueChanged: {
  deviceId: '10b41dcd238d',
  serviceUuid: '4fafc201-1fb5-459e-8fcc-c5c9c331914d',
  characteristicUuid: 'beb5483e-36e1-4688-b7f5-ea07361b26c2',
  value: '7b 22 74 79 70 65 22 3a 22 6f 74 61 22 2c 22 73 74 61 74 75 73 22 3a 22 70 72 6f 67 72 65 73 73 22 2c 22 72 65 63 65 69 76 65 64 22 3a 33 36 34 33 32 30 2c 22 74 6f 74 61 6c 22 3a 35 37 30 34 38 30 2c 22 70 65 72 63 65 6e 74 22 3a 36 33 7d'
}
Notification received: 7b 22 74 79 70 65 22 3a 22 6f 74 61 22 2c 22 73 74 61 74 75 73 22 3a 22 70 72 6f 67 72 65 73 73 22 2c 22 72 65 63 65 69 76 65 64 22 3a 33 36 34 38 36 30 2c 22 74 6f 74 61 6c 22 3a 35 37 30 34 38 30 2c 22 70 65 72 63 65 6e 74 22 3a 36 33 7d
[Main -> Renderer] ble:characteristicValueChanged: {
  deviceId: '10b41dcd238d',
  serviceUuid: '4fafc201-1fb5-459e-8fcc-c5c9c331914d',
  characteristicUuid: 'beb5483e-36e1-4688-b7f5-ea07361b26c2',
  value: '7b 22 74 79 70 65 22 3a 22 6f 74 61 22 2c 22 73 74 61 74 75 73 22 3a 22 70 72 6f 67 72 65 73 73 22 2c 22 72 65 63 65 69 76 65 64 22 3a 33 36 34 38 36 30 2c 22 74 6f 74 61 6c 22 3a 35 37 30 34 38 30 2c 22 70 65 72 63 65 6e 74 22 3a 36 33 7d'
}
Notification received: 7b 22 74 79 70 65 22 3a 22 6f 74 61 22 2c 22 73 74 61 74 75 73 22 3a 22 70 72 6f 67 72 65 73 73 22 2c 22 72 65 63 65 69 76 65 64 22 3a 33 36 35 32 32 30 2c 22 74 6f 74 61 6c 22 3a 35 37 30 34 38 30 2c 22 70 65 72 63 65 6e 74 22 3a 36 34 7d
[Main -> Renderer] ble:characteristicValueChanged: {
  deviceId: '10b41dcd238d',
  serviceUuid: '4fafc201-1fb5-459e-8fcc-c5c9c331914d',
  characteristicUuid: 'beb5483e-36e1-4688-b7f5-ea07361b26c2',
  value: '7b 22 74 79 70 65 22 3a 22 6f 74 61 22 2c 22 73 74 61 74 75 73 22 3a 22 70 72 6f 67 72 65 73 73 22 2c 22 72 65 63 65 69 76 65 64 22 3a 33 36 35 32 32 30 2c 22 74 6f 74 61 6c 22 3a 35 37 30 34 38 30 2c 22 70 65 72 63 65 6e 74 22 3a 36 34 7d'
}
Notification received: 7b 22 74 79 70 65 22 3a 22 6f 74 61 22 2c 22 73 74 61 74 75 73 22 3a 22 70 72 6f 67 72 65 73 73 22 2c 22 72 65 63 65 69 76 65 64 22 3a 33 36 35 35 38 30 2c 22 74 6f 74 61 6c 22 3a 35 37 30 34 38 30 2c 22 70 65 72 63 65 6e 74 22 3a 36 34 7d
[Main -> Renderer] ble:characteristicValueChanged: {
  deviceId: '10b41dcd238d',
  serviceUuid: '4fafc201-1fb5-459e-8fcc-c5c9c331914d',
  characteristicUuid: 'beb5483e-36e1-4688-b7f5-ea07361b26c2',
  value: '7b 22 74 79 70 65 22 3a 22 6f 74 61 22 2c 22 73 74 61 74 75 73 22 3a 22 70 72 6f 67 72 65 73 73 22 2c 22 72 65 63 65 69 76 65 64 22 3a 33 36 35 35 38 30 2c 22 74 6f 74 61 6c 22 3a 35 37 30 34 38 30 2c 22 70 65 72 63 65 6e 74 22 3a 36 34 7d'
}
Notification received: 7b 22 74 79 70 65 22 3a 22 6f 74 61 22 2c 22 73 74 61 74 75 73 22 3a 22 70 72 6f 67 72 65 73 73 22 2c 22 72 65 63 65 69 76 65 64 22 3a 33 36 36 31 32 30 2c 22 74 6f 74 61 6c 22 3a 35 37 30 34 38 30 2c 22 70 65 72 63 65 6e 74 22 3a 36 34 7d
[Main -> Renderer] ble:characteristicValueChanged: {
  deviceId: '10b41dcd238d',
  serviceUuid: '4fafc201-1fb5-459e-8fcc-c5c9c331914d',
  characteristicUuid: 'beb5483e-36e1-4688-b7f5-ea07361b26c2',
  value: '7b 22 74 79 70 65 22 3a 22 6f 74 61 22 2c 22 73 74 61 74 75 73 22 3a 22 70 72 6f 67 72 65 73 73 22 2c 22 72 65 63 65 69 76 65 64 22 3a 33 36 36 31 32 30 2c 22 74 6f 74 61 6c 22 3a 35 37 30 34 38 30 2c 22 70 65 72 63 65 6e 74 22 3a 36 34 7d'
}
Notification received: 7b 22 74 79 70 65 22 3a 22 6f 74 61 22 2c 22 73 74 61 74 75 73 22 3a 22 70 72 6f 67 72 65 73 73 22 2c 22 72 65 63 65 69 76 65 64 22 3a 33 36 36 36 36 30 2c 22 74 6f 74 61 6c 22 3a 35 37 30 34 38 30 2c 22 70 65 72 63 65 6e 74 22 3a 36 34 7d
[Main -> Renderer] ble:characteristicValueChanged: {
  deviceId: '10b41dcd238d',
  serviceUuid: '4fafc201-1fb5-459e-8fcc-c5c9c331914d',
  characteristicUuid: 'beb5483e-36e1-4688-b7f5-ea07361b26c2',
  value: '7b 22 74 79 70 65 22 3a 22 6f 74 61 22 2c 22 73 74 61 74 75 73 22 3a 22 70 72 6f 67 72 65 73 73 22 2c 22 72 65 63 65 69 76 65 64 22 3a 33 36 36 36 36 30 2c 22 74 6f 74 61 6c 22 3a 35 37 30 34 38 30 2c 22 70 65 72 63 65 6e 74 22 3a 36 34 7d'
}
Notification received: 7b 22 74 79 70 65 22 3a 22 6f 74 61 22 2c 22 73 74 61 74 75 73 22 3a 22 70 72 6f 67 72 65 73 73 22 2c 22 72 65 63 65 69 76 65 64 22 3a 33 36 37 32 30 30 2c 22 74 6f 74 61 6c 22 3a 35 37 30 34 38 30 2c 22 70 65 72 63 65 6e 74 22 3a 36 34 7d
[Main -> Renderer] ble:characteristicValueChanged: {
  deviceId: '10b41dcd238d',
  serviceUuid: '4fafc201-1fb5-459e-8fcc-c5c9c331914d',
  characteristicUuid: 'beb5483e-36e1-4688-b7f5-ea07361b26c2',
  value: '7b 22 74 79 70 65 22 3a 22 6f 74 61 22 2c 22 73 74 61 74 75 73 22 3a 22 70 72 6f 67 72 65 73 73 22 2c 22 72 65 63 65 69 76 65 64 22 3a 33 36 37 32 30 30 2c 22 74 6f 74 61 6c 22 3a 35 37 30 34 38 30 2c 22 70 65 72 63 65 6e 74 22 3a 36 34 7d'
}
Notification received: 7b 22 74 79 70 65 22 3a 22 6f 74 61 22 2c 22 73 74 61 74 75 73 22 3a 22 70 72 6f 67 72 65 73 73 22 2c 22 72 65 63 65 69 76 65 64 22 3a 33 36 37 37 34 30 2c 22 74 6f 74 61 6c 22 3a 35 37 30 34 38 30 2c 22 70 65 72 63 65 6e 74 22 3a 36 34 7d
[Main -> Renderer] ble:characteristicValueChanged: {
  deviceId: '10b41dcd238d',
  serviceUuid: '4fafc201-1fb5-459e-8fcc-c5c9c331914d',
  characteristicUuid: 'beb5483e-36e1-4688-b7f5-ea07361b26c2',
  value: '7b 22 74 79 70 65 22 3a 22 6f 74 61 22 2c 22 73 74 61 74 75 73 22 3a 22 70 72 6f 67 72 65 73 73 22 2c 22 72 65 63 65 69 76 65 64 22 3a 33 36 37 37 34 30 2c 22 74 6f 74 61 6c 22 3a 35 37 30 34 38 30 2c 22 70 65 72 63 65 6e 74 22 3a 36 34 7d'
}
Notification received: 7b 22 74 79 70 65 22 3a 22 6f 74 61 22 2c 22 73 74 61 74 75 73 22 3a 22 70 72 6f 67 72 65 73 73 22 2c 22 72 65 63 65 69 76 65 64 22 3a 33 36 38 32 38 30 2c 22 74 6f 74 61 6c 22 3a 35 37 30 34 38 30 2c 22 70 65 72 63 65 6e 74 22 3a 36 34 7d
[Main -> Renderer] ble:characteristicValueChanged: {
  deviceId: '10b41dcd238d',
  serviceUuid: '4fafc201-1fb5-459e-8fcc-c5c9c331914d',
  characteristicUuid: 'beb5483e-36e1-4688-b7f5-ea07361b26c2',
  value: '7b 22 74 79 70 65 22 3a 22 6f 74 61 22 2c 22 73 74 61 74 75 73 22 3a 22 70 72 6f 67 72 65 73 73 22 2c 22 72 65 63 65 69 76 65 64 22 3a 33 36 38 32 38 30 2c 22 74 6f 74 61 6c 22 3a 35 37 30 34 38 30 2c 22 70 65 72 63 65 6e 74 22 3a 36 34 7d'
}
Notification received: 7b 22 74 79 70 65 22 3a 22 6f 74 61 22 2c 22 73 74 61 74 75 73 22 3a 22 70 72 6f 67 72 65 73 73 22 2c 22 72 65 63 65 69 76 65 64 22 3a 33 36 38 38 32 30 2c 22 74 6f 74 61 6c 22 3a 35 37 30 34 38 30 2c 22 70 65 72 63 65 6e 74 22 3a 36 34 7d
[Main -> Renderer] ble:characteristicValueChanged: {
  deviceId: '10b41dcd238d',
  serviceUuid: '4fafc201-1fb5-459e-8fcc-c5c9c331914d',
  characteristicUuid: 'beb5483e-36e1-4688-b7f5-ea07361b26c2',
  value: '7b 22 74 79 70 65 22 3a 22 6f 74 61 22 2c 22 73 74 61 74 75 73 22 3a 22 70 72 6f 67 72 65 73 73 22 2c 22 72 65 63 65 69 76 65 64 22 3a 33 36 38 38 32 30 2c 22 74 6f 74 61 6c 22 3a 35 37 30 34 38 30 2c 22 70 65 72 63 65 6e 74 22 3a 36 34 7d'
}
Notification received: 7b 22 74 79 70 65 22 3a 22 6f 74 61 22 2c 22 73 74 61 74 75 73 22 3a 22 70 72 6f 67 72 65 73 73 22 2c 22 72 65 63 65 69 76 65 64 22 3a 33 36 39 31 38 30 2c 22 74 6f 74 61 6c 22 3a 35 37 30 34 38 30 2c 22 70 65 72 63 65 6e 74 22 3a 36 34 7d
[Main -> Renderer] ble:characteristicValueChanged: {
  deviceId: '10b41dcd238d',
  serviceUuid: '4fafc201-1fb5-459e-8fcc-c5c9c331914d',
  characteristicUuid: 'beb5483e-36e1-4688-b7f5-ea07361b26c2',
  value: '7b 22 74 79 70 65 22 3a 22 6f 74 61 22 2c 22 73 74 61 74 75 73 22 3a 22 70 72 6f 67 72 65 73 73 22 2c 22 72 65 63 65 69 76 65 64 22 3a 33 36 39 31 38 30 2c 22 74 6f 74 61 6c 22 3a 35 37 30 34 38 30 2c 22 70 65 72 63 65 6e 74 22 3a 36 34 7d'
}
Notification received: 7b 22 74 79 70 65 22 3a 22 6f 74 61 22 2c 22 73 74 61 74 75 73 22 3a 22 70 72 6f 67 72 65 73 73 22 2c 22 72 65 63 65 69 76 65 64 22 3a 33 36 39 37 32 30 2c 22 74 6f 74 61 6c 22 3a 35 37 30 34 38 30 2c 22 70 65 72 63 65 6e 74 22 3a 36 34 7d
[Main -> Renderer] ble:characteristicValueChanged: {
  deviceId: '10b41dcd238d',
  serviceUuid: '4fafc201-1fb5-459e-8fcc-c5c9c331914d',
  characteristicUuid: 'beb5483e-36e1-4688-b7f5-ea07361b26c2',
  value: '7b 22 74 79 70 65 22 3a 22 6f 74 61 22 2c 22 73 74 61 74 75 73 22 3a 22 70 72 6f 67 72 65 73 73 22 2c 22 72 65 63 65 69 76 65 64 22 3a 33 36 39 37 32 30 2c 22 74 6f 74 61 6c 22 3a 35 37 30 34 38 30 2c 22 70 65 72 63 65 6e 74 22 3a 36 34 7d'
}
Notification received: 7b 22 74 79 70 65 22 3a 22 6f 74 61 22 2c 22 73 74 61 74 75 73 22 3a 22 70 72 6f 67 72 65 73 73 22 2c 22 72 65 63 65 69 76 65 64 22 3a 33 37 30 30 38 30 2c 22 74 6f 74 61 6c 22 3a 35 37 30 34 38 30 2c 22 70 65 72 63 65 6e 74 22 3a 36 34 7d
[Main -> Renderer] ble:characteristicValueChanged: {
  deviceId: '10b41dcd238d',
  serviceUuid: '4fafc201-1fb5-459e-8fcc-c5c9c331914d',
  characteristicUuid: 'beb5483e-36e1-4688-b7f5-ea07361b26c2',
  value: '7b 22 74 79 70 65 22 3a 22 6f 74 61 22 2c 22 73 74 61 74 75 73 22 3a 22 70 72 6f 67 72 65 73 73 22 2c 22 72 65 63 65 69 76 65 64 22 3a 33 37 30 30 38 30 2c 22 74 6f 74 61 6c 22 3a 35 37 30 34 38 30 2c 22 70 65 72 63 65 6e 74 22 3a 36 34 7d'
}
Notification received: 7b 22 74 79 70 65 22 3a 22 6f 74 61 22 2c 22 73 74 61 74 75 73 22 3a 22 70 72 6f 67 72 65 73 73 22 2c 22 72 65 63 65 69 76 65 64 22 3a 33 37 30 34 34 30 2c 22 74 6f 74 61 6c 22 3a 35 37 30 34 38 30 2c 22 70 65 72 63 65 6e 74 22 3a 36 34 7d
[Main -> Renderer] ble:characteristicValueChanged: {
  deviceId: '10b41dcd238d',
  serviceUuid: '4fafc201-1fb5-459e-8fcc-c5c9c331914d',
  characteristicUuid: 'beb5483e-36e1-4688-b7f5-ea07361b26c2',
  value: '7b 22 74 79 70 65 22 3a 22 6f 74 61 22 2c 22 73 74 61 74 75 73 22 3a 22 70 72 6f 67 72 65 73 73 22 2c 22 72 65 63 65 69 76 65 64 22 3a 33 37 30 34 34 30 2c 22 74 6f 74 61 6c 22 3a 35 37 30 34 38 30 2c 22 70 65 72 63 65 6e 74 22 3a 36 34 7d'
}
Notification received: 7b 22 74 79 70 65 22 3a 22 6f 74 61 22 2c 22 73 74 61 74 75 73 22 3a 22 70 72 6f 67 72 65 73 73 22 2c 22 72 65 63 65 69 76 65 64 22 3a 33 37 30 38 30 30 2c 22 74 6f 74 61 6c 22 3a 35 37 30 34 38 30 2c 22 70 65 72 63 65 6e 74 22 3a 36 34 7d
[Main -> Renderer] ble:characteristicValueChanged: {
  deviceId: '10b41dcd238d',
  serviceUuid: '4fafc201-1fb5-459e-8fcc-c5c9c331914d',
  characteristicUuid: 'beb5483e-36e1-4688-b7f5-ea07361b26c2',
  value: '7b 22 74 79 70 65 22 3a 22 6f 74 61 22 2c 22 73 74 61 74 75 73 22 3a 22 70 72 6f 67 72 65 73 73 22 2c 22 72 65 63 65 69 76 65 64 22 3a 33 37 30 38 30 30 2c 22 74 6f 74 61 6c 22 3a 35 37 30 34 38 30 2c 22 70 65 72 63 65 6e 74 22 3a 36 34 7d'
}
Notification received: 7b 22 74 79 70 65 22 3a 22 6f 74 61 22 2c 22 73 74 61 74 75 73 22 3a 22 70 72 6f 67 72 65 73 73 22 2c 22 72 65 63 65 69 76 65 64 22 3a 33 37 31 33 34 30 2c 22 74 6f 74 61 6c 22 3a 35 37 30 34 38 30 2c 22 70 65 72 63 65 6e 74 22 3a 36 35 7d
[Main -> Renderer] ble:characteristicValueChanged: {
  deviceId: '10b41dcd238d',
  serviceUuid: '4fafc201-1fb5-459e-8fcc-c5c9c331914d',
  characteristicUuid: 'beb5483e-36e1-4688-b7f5-ea07361b26c2',
  value: '7b 22 74 79 70 65 22 3a 22 6f 74 61 22 2c 22 73 74 61 74 75 73 22 3a 22 70 72 6f 67 72 65 73 73 22 2c 22 72 65 63 65 69 76 65 64 22 3a 33 37 31 33 34 30 2c 22 74 6f 74 61 6c 22 3a 35 37 30 34 38 30 2c 22 70 65 72 63 65 6e 74 22 3a 36 35 7d'
}
Notification received: 7b 22 74 79 70 65 22 3a 22 6f 74 61 22 2c 22 73 74 61 74 75 73 22 3a 22 70 72 6f 67 72 65 73 73 22 2c 22 72 65 63 65 69 76 65 64 22 3a 33 37 31 37 30 30 2c 22 74 6f 74 61 6c 22 3a 35 37 30 34 38 30 2c 22 70 65 72 63 65 6e 74 22 3a 36 35 7d
[Main -> Renderer] ble:characteristicValueChanged: {
  deviceId: '10b41dcd238d',
  serviceUuid: '4fafc201-1fb5-459e-8fcc-c5c9c331914d',
  characteristicUuid: 'beb5483e-36e1-4688-b7f5-ea07361b26c2',
  value: '7b 22 74 79 70 65 22 3a 22 6f 74 61 22 2c 22 73 74 61 74 75 73 22 3a 22 70 72 6f 67 72 65 73 73 22 2c 22 72 65 63 65 69 76 65 64 22 3a 33 37 31 37 30 30 2c 22 74 6f 74 61 6c 22 3a 35 37 30 34 38 30 2c 22 70 65 72 63 65 6e 74 22 3a 36 35 7d'
}
Notification received: 7b 22 74 79 70 65 22 3a 22 6f 74 61 22 2c 22 73 74 61 74 75 73 22 3a 22 70 72 6f 67 72 65 73 73 22 2c 22 72 65 63 65 69 76 65 64 22 3a 33 37 32 30 36 30 2c 22 74 6f 74 61 6c 22 3a 35 37 30 34 38 30 2c 22 70 65 72 63 65 6e 74 22 3a 36 35 7d
[Main -> Renderer] ble:characteristicValueChanged: {
  deviceId: '10b41dcd238d',
  serviceUuid: '4fafc201-1fb5-459e-8fcc-c5c9c331914d',
  characteristicUuid: 'beb5483e-36e1-4688-b7f5-ea07361b26c2',
  value: '7b 22 74 79 70 65 22 3a 22 6f 74 61 22 2c 22 73 74 61 74 75 73 22 3a 22 70 72 6f 67 72 65 73 73 22 2c 22 72 65 63 65 69 76 65 64 22 3a 33 37 32 30 36 30 2c 22 74 6f 74 61 6c 22 3a 35 37 30 34 38 30 2c 22 70 65 72 63 65 6e 74 22 3a 36 35 7d'
}
Notification received: 7b 22 74 79 70 65 22 3a 22 6f 74 61 22 2c 22 73 74 61 74 75 73 22 3a 22 70 72 6f 67 72 65 73 73 22 2c 22 72 65 63 65 69 76 65 64 22 3a 33 37 32 34 32 30 2c 22 74 6f 74 61 6c 22 3a 35 37 30 34 38 30 2c 22 70 65 72 63 65 6e 74 22 3a 36 35 7d
[Main -> Renderer] ble:characteristicValueChanged: {
  deviceId: '10b41dcd238d',
  serviceUuid: '4fafc201-1fb5-459e-8fcc-c5c9c331914d',
  characteristicUuid: 'beb5483e-36e1-4688-b7f5-ea07361b26c2',
  value: '7b 22 74 79 70 65 22 3a 22 6f 74 61 22 2c 22 73 74 61 74 75 73 22 3a 22 70 72 6f 67 72 65 73 73 22 2c 22 72 65 63 65 69 76 65 64 22 3a 33 37 32 34 32 30 2c 22 74 6f 74 61 6c 22 3a 35 37 30 34 38 30 2c 22 70 65 72 63 65 6e 74 22 3a 36 35 7d'
}
Notification received: 7b 22 74 79 70 65 22 3a 22 6f 74 61 22 2c 22 73 74 61 74 75 73 22 3a 22 70 72 6f 67 72 65 73 73 22 2c 22 72 65 63 65 69 76 65 64 22 3a 33 37 32 39 36 30 2c 22 74 6f 74 61 6c 22 3a 35 37 30 34 38 30 2c 22 70 65 72 63 65 6e 74 22 3a 36 35 7d
[Main -> Renderer] ble:characteristicValueChanged: {
  deviceId: '10b41dcd238d',
  serviceUuid: '4fafc201-1fb5-459e-8fcc-c5c9c331914d',
  characteristicUuid: 'beb5483e-36e1-4688-b7f5-ea07361b26c2',
  value: '7b 22 74 79 70 65 22 3a 22 6f 74 61 22 2c 22 73 74 61 74 75 73 22 3a 22 70 72 6f 67 72 65 73 73 22 2c 22 72 65 63 65 69 76 65 64 22 3a 33 37 32 39 36 30 2c 22 74 6f 74 61 6c 22 3a 35 37 30 34 38 30 2c 22 70 65 72 63 65 6e 74 22 3a 36 35 7d'
}
Notification received: 7b 22 74 79 70 65 22 3a 22 6f 74 61 22 2c 22 73 74 61 74 75 73 22 3a 22 70 72 6f 67 72 65 73 73 22 2c 22 72 65 63 65 69 76 65 64 22 3a 33 37 33 35 30 30 2c 22 74 6f 74 61 6c 22 3a 35 37 30 34 38 30 2c 22 70 65 72 63 65 6e 74 22 3a 36 35 7d
[Main -> Renderer] ble:characteristicValueChanged: {
  deviceId: '10b41dcd238d',
  serviceUuid: '4fafc201-1fb5-459e-8fcc-c5c9c331914d',
  characteristicUuid: 'beb5483e-36e1-4688-b7f5-ea07361b26c2',
  value: '7b 22 74 79 70 65 22 3a 22 6f 74 61 22 2c 22 73 74 61 74 75 73 22 3a 22 70 72 6f 67 72 65 73 73 22 2c 22 72 65 63 65 69 76 65 64 22 3a 33 37 33 35 30 30 2c 22 74 6f 74 61 6c 22 3a 35 37 30 34 38 30 2c 22 70 65 72 63 65 6e 74 22 3a 36 35 7d'
}
Notification received: 7b 22 74 79 70 65 22 3a 22 6f 74 61 22 2c 22 73 74 61 74 75 73 22 3a 22 70 72 6f 67 72 65 73 73 22 2c 22 72 65 63 65 69 76 65 64 22 3a 33 37 33 38 36 30 2c 22 74 6f 74 61 6c 22 3a 35 37 30 34 38 30 2c 22 70 65 72 63 65 6e 74 22 3a 36 35 7d
[Main -> Renderer] ble:characteristicValueChanged: {
  deviceId: '10b41dcd238d',
  serviceUuid: '4fafc201-1fb5-459e-8fcc-c5c9c331914d',
  characteristicUuid: 'beb5483e-36e1-4688-b7f5-ea07361b26c2',
  value: '7b 22 74 79 70 65 22 3a 22 6f 74 61 22 2c 22 73 74 61 74 75 73 22 3a 22 70 72 6f 67 72 65 73 73 22 2c 22 72 65 63 65 69 76 65 64 22 3a 33 37 33 38 36 30 2c 22 74 6f 74 61 6c 22 3a 35 37 30 34 38 30 2c 22 70 65 72 63 65 6e 74 22 3a 36 35 7d'
}
Notification received: 7b 22 74 79 70 65 22 3a 22 6f 74 61 22 2c 22 73 74 61 74 75 73 22 3a 22 70 72 6f 67 72 65 73 73 22 2c 22 72 65 63 65 69 76 65 64 22 3a 33 37 34 32 32 30 2c 22 74 6f 74 61 6c 22 3a 35 37 30 34 38 30 2c 22 70 65 72 63 65 6e 74 22 3a 36 35 7d
[Main -> Renderer] ble:characteristicValueChanged: {
  deviceId: '10b41dcd238d',
  serviceUuid: '4fafc201-1fb5-459e-8fcc-c5c9c331914d',
  characteristicUuid: 'beb5483e-36e1-4688-b7f5-ea07361b26c2',
  value: '7b 22 74 79 70 65 22 3a 22 6f 74 61 22 2c 22 73 74 61 74 75 73 22 3a 22 70 72 6f 67 72 65 73 73 22 2c 22 72 65 63 65 69 76 65 64 22 3a 33 37 34 32 32 30 2c 22 74 6f 74 61 6c 22 3a 35 37 30 34 38 30 2c 22 70 65 72 63 65 6e 74 22 3a 36 35 7d'
}
Notification received: 7b 22 74 79 70 65 22 3a 22 6f 74 61 22 2c 22 73 74 61 74 75 73 22 3a 22 70 72 6f 67 72 65 73 73 22 2c 22 72 65 63 65 69 76 65 64 22 3a 33 37 34 35 38 30 2c 22 74 6f 74 61 6c 22 3a 35 37 30 34 38 30 2c 22 70 65 72 63 65 6e 74 22 3a 36 35 7d
[Main -> Renderer] ble:characteristicValueChanged: {
  deviceId: '10b41dcd238d',
  serviceUuid: '4fafc201-1fb5-459e-8fcc-c5c9c331914d',
  characteristicUuid: 'beb5483e-36e1-4688-b7f5-ea07361b26c2',
  value: '7b 22 74 79 70 65 22 3a 22 6f 74 61 22 2c 22 73 74 61 74 75 73 22 3a 22 70 72 6f 67 72 65 73 73 22 2c 22 72 65 63 65 69 76 65 64 22 3a 33 37 34 35 38 30 2c 22 74 6f 74 61 6c 22 3a 35 37 30 34 38 30 2c 22 70 65 72 63 65 6e 74 22 3a 36 35 7d'
}
Notification received: 7b 22 74 79 70 65 22 3a 22 6f 74 61 22 2c 22 73 74 61 74 75 73 22 3a 22 70 72 6f 67 72 65 73 73 22 2c 22 72 65 63 65 69 76 65 64 22 3a 33 37 34 39 34 30 2c 22 74 6f 74 61 6c 22 3a 35 37 30 34 38 30 2c 22 70 65 72 63 65 6e 74 22 3a 36 35 7d
[Main -> Renderer] ble:characteristicValueChanged: {
  deviceId: '10b41dcd238d',
  serviceUuid: '4fafc201-1fb5-459e-8fcc-c5c9c331914d',
  characteristicUuid: 'beb5483e-36e1-4688-b7f5-ea07361b26c2',
  value: '7b 22 74 79 70 65 22 3a 22 6f 74 61 22 2c 22 73 74 61 74 75 73 22 3a 22 70 72 6f 67 72 65 73 73 22 2c 22 72 65 63 65 69 76 65 64 22 3a 33 37 34 39 34 30 2c 22 74 6f 74 61 6c 22 3a 35 37 30 34 38 30 2c 22 70 65 72 63 65 6e 74 22 3a 36 35 7d'
}
Notification received: 7b 22 74 79 70 65 22 3a 22 6f 74 61 22 2c 22 73 74 61 74 75 73 22 3a 22 70 72 6f 67 72 65 73 73 22 2c 22 72 65 63 65 69 76 65 64 22 3a 33 37 35 34 38 30 2c 22 74 6f 74 61 6c 22 3a 35 37 30 34 38 30 2c 22 70 65 72 63 65 6e 74 22 3a 36 35 7d
[Main -> Renderer] ble:characteristicValueChanged: {
  deviceId: '10b41dcd238d',
  serviceUuid: '4fafc201-1fb5-459e-8fcc-c5c9c331914d',
  characteristicUuid: 'beb5483e-36e1-4688-b7f5-ea07361b26c2',
  value: '7b 22 74 79 70 65 22 3a 22 6f 74 61 22 2c 22 73 74 61 74 75 73 22 3a 22 70 72 6f 67 72 65 73 73 22 2c 22 72 65 63 65 69 76 65 64 22 3a 33 37 35 34 38 30 2c 22 74 6f 74 61 6c 22 3a 35 37 30 34 38 30 2c 22 70 65 72 63 65 6e 74 22 3a 36 35 7d'
}
Notification received: 7b 22 74 79 70 65 22 3a 22 6f 74 61 22 2c 22 73 74 61 74 75 73 22 3a 22 70 72 6f 67 72 65 73 73 22 2c 22 72 65 63 65 69 76 65 64 22 3a 33 37 35 38 34 30 2c 22 74 6f 74 61 6c 22 3a 35 37 30 34 38 30 2c 22 70 65 72 63 65 6e 74 22 3a 36 35 7d
[Main -> Renderer] ble:characteristicValueChanged: {
  deviceId: '10b41dcd238d',
  serviceUuid: '4fafc201-1fb5-459e-8fcc-c5c9c331914d',
  characteristicUuid: 'beb5483e-36e1-4688-b7f5-ea07361b26c2',
  value: '7b 22 74 79 70 65 22 3a 22 6f 74 61 22 2c 22 73 74 61 74 75 73 22 3a 22 70 72 6f 67 72 65 73 73 22 2c 22 72 65 63 65 69 76 65 64 22 3a 33 37 35 38 34 30 2c 22 74 6f 74 61 6c 22 3a 35 37 30 34 38 30 2c 22 70 65 72 63 65 6e 74 22 3a 36 35 7d'
}
Notification received: 7b 22 74 79 70 65 22 3a 22 6f 74 61 22 2c 22 73 74 61 74 75 73 22 3a 22 70 72 6f 67 72 65 73 73 22 2c 22 72 65 63 65 69 76 65 64 22 3a 33 37 36 32 30 30 2c 22 74 6f 74 61 6c 22 3a 35 37 30 34 38 30 2c 22 70 65 72 63 65 6e 74 22 3a 36 35 7d
[Main -> Renderer] ble:characteristicValueChanged: {
  deviceId: '10b41dcd238d',
  serviceUuid: '4fafc201-1fb5-459e-8fcc-c5c9c331914d',
  characteristicUuid: 'beb5483e-36e1-4688-b7f5-ea07361b26c2',
  value: '7b 22 74 79 70 65 22 3a 22 6f 74 61 22 2c 22 73 74 61 74 75 73 22 3a 22 70 72 6f 67 72 65 73 73 22 2c 22 72 65 63 65 69 76 65 64 22 3a 33 37 36 32 30 30 2c 22 74 6f 74 61 6c 22 3a 35 37 30 34 38 30 2c 22 70 65 72 63 65 6e 74 22 3a 36 35 7d'
}
Notification received: 7b 22 74 79 70 65 22 3a 22 6f 74 61 22 2c 22 73 74 61 74 75 73 22 3a 22 70 72 6f 67 72 65 73 73 22 2c 22 72 65 63 65 69 76 65 64 22 3a 33 37 36 35 36 30 2c 22 74 6f 74 61 6c 22 3a 35 37 30 34 38 30 2c 22 70 65 72 63 65 6e 74 22 3a 36 36 7d
[Main -> Renderer] ble:characteristicValueChanged: {
  deviceId: '10b41dcd238d',
  serviceUuid: '4fafc201-1fb5-459e-8fcc-c5c9c331914d',
  characteristicUuid: 'beb5483e-36e1-4688-b7f5-ea07361b26c2',
  value: '7b 22 74 79 70 65 22 3a 22 6f 74 61 22 2c 22 73 74 61 74 75 73 22 3a 22 70 72 6f 67 72 65 73 73 22 2c 22 72 65 63 65 69 76 65 64 22 3a 33 37 36 35 36 30 2c 22 74 6f 74 61 6c 22 3a 35 37 30 34 38 30 2c 22 70 65 72 63 65 6e 74 22 3a 36 36 7d'
}
Notification received: 7b 22 74 79 70 65 22 3a 22 6f 74 61 22 2c 22 73 74 61 74 75 73 22 3a 22 70 72 6f 67 72 65 73 73 22 2c 22 72 65 63 65 69 76 65 64 22 3a 33 37 36 39 32 30 2c 22 74 6f 74 61 6c 22 3a 35 37 30 34 38 30 2c 22 70 65 72 63 65 6e 74 22 3a 36 36 7d
[Main -> Renderer] ble:characteristicValueChanged: {
  deviceId: '10b41dcd238d',
  serviceUuid: '4fafc201-1fb5-459e-8fcc-c5c9c331914d',
  characteristicUuid: 'beb5483e-36e1-4688-b7f5-ea07361b26c2',
  value: '7b 22 74 79 70 65 22 3a 22 6f 74 61 22 2c 22 73 74 61 74 75 73 22 3a 22 70 72 6f 67 72 65 73 73 22 2c 22 72 65 63 65 69 76 65 64 22 3a 33 37 36 39 32 30 2c 22 74 6f 74 61 6c 22 3a 35 37 30 34 38 30 2c 22 70 65 72 63 65 6e 74 22 3a 36 36 7d'
}
Notification received: 7b 22 74 79 70 65 22 3a 22 6f 74 61 22 2c 22 73 74 61 74 75 73 22 3a 22 70 72 6f 67 72 65 73 73 22 2c 22 72 65 63 65 69 76 65 64 22 3a 33 37 37 32 38 30 2c 22 74 6f 74 61 6c 22 3a 35 37 30 34 38 30 2c 22 70 65 72 63 65 6e 74 22 3a 36 36 7d
[Main -> Renderer] ble:characteristicValueChanged: {
  deviceId: '10b41dcd238d',
  serviceUuid: '4fafc201-1fb5-459e-8fcc-c5c9c331914d',
  characteristicUuid: 'beb5483e-36e1-4688-b7f5-ea07361b26c2',
  value: '7b 22 74 79 70 65 22 3a 22 6f 74 61 22 2c 22 73 74 61 74 75 73 22 3a 22 70 72 6f 67 72 65 73 73 22 2c 22 72 65 63 65 69 76 65 64 22 3a 33 37 37 32 38 30 2c 22 74 6f 74 61 6c 22 3a 35 37 30 34 38 30 2c 22 70 65 72 63 65 6e 74 22 3a 36 36 7d'
}
Notification received: 7b 22 74 79 70 65 22 3a 22 6f 74 61 22 2c 22 73 74 61 74 75 73 22 3a 22 70 72 6f 67 72 65 73 73 22 2c 22 72 65 63 65 69 76 65 64 22 3a 33 37 37 38 32 30 2c 22 74 6f 74 61 6c 22 3a 35 37 30 34 38 30 2c 22 70 65 72 63 65 6e 74 22 3a 36 36 7d
[Main -> Renderer] ble:characteristicValueChanged: {
  deviceId: '10b41dcd238d',
  serviceUuid: '4fafc201-1fb5-459e-8fcc-c5c9c331914d',
  characteristicUuid: 'beb5483e-36e1-4688-b7f5-ea07361b26c2',
  value: '7b 22 74 79 70 65 22 3a 22 6f 74 61 22 2c 22 73 74 61 74 75 73 22 3a 22 70 72 6f 67 72 65 73 73 22 2c 22 72 65 63 65 69 76 65 64 22 3a 33 37 37 38 32 30 2c 22 74 6f 74 61 6c 22 3a 35 37 30 34 38 30 2c 22 70 65 72 63 65 6e 74 22 3a 36 36 7d'
}
Notification received: 7b 22 74 79 70 65 22 3a 22 6f 74 61 22 2c 22 73 74 61 74 75 73 22 3a 22 70 72 6f 67 72 65 73 73 22 2c 22 72 65 63 65 69 76 65 64 22 3a 33 37 38 33 36 30 2c 22 74 6f 74 61 6c 22 3a 35 37 30 34 38 30 2c 22 70 65 72 63 65 6e 74 22 3a 36 36 7d
[Main -> Renderer] ble:characteristicValueChanged: {
  deviceId: '10b41dcd238d',
  serviceUuid: '4fafc201-1fb5-459e-8fcc-c5c9c331914d',
  characteristicUuid: 'beb5483e-36e1-4688-b7f5-ea07361b26c2',
  value: '7b 22 74 79 70 65 22 3a 22 6f 74 61 22 2c 22 73 74 61 74 75 73 22 3a 22 70 72 6f 67 72 65 73 73 22 2c 22 72 65 63 65 69 76 65 64 22 3a 33 37 38 33 36 30 2c 22 74 6f 74 61 6c 22 3a 35 37 30 34 38 30 2c 22 70 65 72 63 65 6e 74 22 3a 36 36 7d'
}
Notification received: 7b 22 74 79 70 65 22 3a 22 6f 74 61 22 2c 22 73 74 61 74 75 73 22 3a 22 70 72 6f 67 72 65 73 73 22 2c 22 72 65 63 65 69 76 65 64 22 3a 33 37 38 39 30 30 2c 22 74 6f 74 61 6c 22 3a 35 37 30 34 38 30 2c 22 70 65 72 63 65 6e 74 22 3a 36 36 7d
[Main -> Renderer] ble:characteristicValueChanged: {
  deviceId: '10b41dcd238d',
  serviceUuid: '4fafc201-1fb5-459e-8fcc-c5c9c331914d',
  characteristicUuid: 'beb5483e-36e1-4688-b7f5-ea07361b26c2',
  value: '7b 22 74 79 70 65 22 3a 22 6f 74 61 22 2c 22 73 74 61 74 75 73 22 3a 22 70 72 6f 67 72 65 73 73 22 2c 22 72 65 63 65 69 76 65 64 22 3a 33 37 38 39 30 30 2c 22 74 6f 74 61 6c 22 3a 35 37 30 34 38 30 2c 22 70 65 72 63 65 6e 74 22 3a 36 36 7d'
}
Notification received: 7b 22 74 79 70 65 22 3a 22 6f 74 61 22 2c 22 73 74 61 74 75 73 22 3a 22 70 72 6f 67 72 65 73 73 22 2c 22 72 65 63 65 69 76 65 64 22 3a 33 37 39 34 34 30 2c 22 74 6f 74 61 6c 22 3a 35 37 30 34 38 30 2c 22 70 65 72 63 65 6e 74 22 3a 36 36 7d
[Main -> Renderer] ble:characteristicValueChanged: {
  deviceId: '10b41dcd238d',
  serviceUuid: '4fafc201-1fb5-459e-8fcc-c5c9c331914d',
  characteristicUuid: 'beb5483e-36e1-4688-b7f5-ea07361b26c2',
  value: '7b 22 74 79 70 65 22 3a 22 6f 74 61 22 2c 22 73 74 61 74 75 73 22 3a 22 70 72 6f 67 72 65 73 73 22 2c 22 72 65 63 65 69 76 65 64 22 3a 33 37 39 34 34 30 2c 22 74 6f 74 61 6c 22 3a 35 37 30 34 38 30 2c 22 70 65 72 63 65 6e 74 22 3a 36 36 7d'
}
Notification received: 7b 22 74 79 70 65 22 3a 22 6f 74 61 22 2c 22 73 74 61 74 75 73 22 3a 22 70 72 6f 67 72 65 73 73 22 2c 22 72 65 63 65 69 76 65 64 22 3a 33 37 39 39 38 30 2c 22 74 6f 74 61 6c 22 3a 35 37 30 34 38 30 2c 22 70 65 72 63 65 6e 74 22 3a 36 36 7d
[Main -> Renderer] ble:characteristicValueChanged: {
  deviceId: '10b41dcd238d',
  serviceUuid: '4fafc201-1fb5-459e-8fcc-c5c9c331914d',
  characteristicUuid: 'beb5483e-36e1-4688-b7f5-ea07361b26c2',
  value: '7b 22 74 79 70 65 22 3a 22 6f 74 61 22 2c 22 73 74 61 74 75 73 22 3a 22 70 72 6f 67 72 65 73 73 22 2c 22 72 65 63 65 69 76 65 64 22 3a 33 37 39 39 38 30 2c 22 74 6f 74 61 6c 22 3a 35 37 30 34 38 30 2c 22 70 65 72 63 65 6e 74 22 3a 36 36 7d'
}
Notification received: 7b 22 74 79 70 65 22 3a 22 6f 74 61 22 2c 22 73 74 61 74 75 73 22 3a 22 70 72 6f 67 72 65 73 73 22 2c 22 72 65 63 65 69 76 65 64 22 3a 33 38 30 35 32 30 2c 22 74 6f 74 61 6c 22 3a 35 37 30 34 38 30 2c 22 70 65 72 63 65 6e 74 22 3a 36 36 7d
[Main -> Renderer] ble:characteristicValueChanged: {
  deviceId: '10b41dcd238d',
  serviceUuid: '4fafc201-1fb5-459e-8fcc-c5c9c331914d',
  characteristicUuid: 'beb5483e-36e1-4688-b7f5-ea07361b26c2',
  value: '7b 22 74 79 70 65 22 3a 22 6f 74 61 22 2c 22 73 74 61 74 75 73 22 3a 22 70 72 6f 67 72 65 73 73 22 2c 22 72 65 63 65 69 76 65 64 22 3a 33 38 30 35 32 30 2c 22 74 6f 74 61 6c 22 3a 35 37 30 34 38 30 2c 22 70 65 72 63 65 6e 74 22 3a 36 36 7d'
}
Notification received: 7b 22 74 79 70 65 22 3a 22 6f 74 61 22 2c 22 73 74 61 74 75 73 22 3a 22 70 72 6f 67 72 65 73 73 22 2c 22 72 65 63 65 69 76 65 64 22 3a 33 38 31 30 36 30 2c 22 74 6f 74 61 6c 22 3a 35 37 30 34 38 30 2c 22 70 65 72 63 65 6e 74 22 3a 36 36 7d
[Main -> Renderer] ble:characteristicValueChanged: {
  deviceId: '10b41dcd238d',
  serviceUuid: '4fafc201-1fb5-459e-8fcc-c5c9c331914d',
  characteristicUuid: 'beb5483e-36e1-4688-b7f5-ea07361b26c2',
  value: '7b 22 74 79 70 65 22 3a 22 6f 74 61 22 2c 22 73 74 61 74 75 73 22 3a 22 70 72 6f 67 72 65 73 73 22 2c 22 72 65 63 65 69 76 65 64 22 3a 33 38 31 30 36 30 2c 22 74 6f 74 61 6c 22 3a 35 37 30 34 38 30 2c 22 70 65 72 63 65 6e 74 22 3a 36 36 7d'
}
Notification received: 7b 22 74 79 70 65 22 3a 22 6f 74 61 22 2c 22 73 74 61 74 75 73 22 3a 22 70 72 6f 67 72 65 73 73 22 2c 22 72 65 63 65 69 76 65 64 22 3a 33 38 31 34 32 30 2c 22 74 6f 74 61 6c 22 3a 35 37 30 34 38 30 2c 22 70 65 72 63 65 6e 74 22 3a 36 36 7d
[Main -> Renderer] ble:characteristicValueChanged: {
  deviceId: '10b41dcd238d',
  serviceUuid: '4fafc201-1fb5-459e-8fcc-c5c9c331914d',
  characteristicUuid: 'beb5483e-36e1-4688-b7f5-ea07361b26c2',
  value: '7b 22 74 79 70 65 22 3a 22 6f 74 61 22 2c 22 73 74 61 74 75 73 22 3a 22 70 72 6f 67 72 65 73 73 22 2c 22 72 65 63 65 69 76 65 64 22 3a 33 38 31 34 32 30 2c 22 74 6f 74 61 6c 22 3a 35 37 30 34 38 30 2c 22 70 65 72 63 65 6e 74 22 3a 36 36 7d'
}
Notification received: 7b 22 74 79 70 65 22 3a 22 6f 74 61 22 2c 22 73 74 61 74 75 73 22 3a 22 70 72 6f 67 72 65 73 73 22 2c 22 72 65 63 65 69 76 65 64 22 3a 33 38 31 39 36 30 2c 22 74 6f 74 61 6c 22 3a 35 37 30 34 38 30 2c 22 70 65 72 63 65 6e 74 22 3a 36 36 7d
[Main -> Renderer] ble:characteristicValueChanged: {
  deviceId: '10b41dcd238d',
  serviceUuid: '4fafc201-1fb5-459e-8fcc-c5c9c331914d',
  characteristicUuid: 'beb5483e-36e1-4688-b7f5-ea07361b26c2',
  value: '7b 22 74 79 70 65 22 3a 22 6f 74 61 22 2c 22 73 74 61 74 75 73 22 3a 22 70 72 6f 67 72 65 73 73 22 2c 22 72 65 63 65 69 76 65 64 22 3a 33 38 31 39 36 30 2c 22 74 6f 74 61 6c 22 3a 35 37 30 34 38 30 2c 22 70 65 72 63 65 6e 74 22 3a 36 36 7d'
}
Notification received: 7b 22 74 79 70 65 22 3a 22 6f 74 61 22 2c 22 73 74 61 74 75 73 22 3a 22 70 72 6f 67 72 65 73 73 22 2c 22 72 65 63 65 69 76 65 64 22 3a 33 38 32 35 30 30 2c 22 74 6f 74 61 6c 22 3a 35 37 30 34 38 30 2c 22 70 65 72 63 65 6e 74 22 3a 36 37 7d
[Main -> Renderer] ble:characteristicValueChanged: {
  deviceId: '10b41dcd238d',
  serviceUuid: '4fafc201-1fb5-459e-8fcc-c5c9c331914d',
  characteristicUuid: 'beb5483e-36e1-4688-b7f5-ea07361b26c2',
  value: '7b 22 74 79 70 65 22 3a 22 6f 74 61 22 2c 22 73 74 61 74 75 73 22 3a 22 70 72 6f 67 72 65 73 73 22 2c 22 72 65 63 65 69 76 65 64 22 3a 33 38 32 35 30 30 2c 22 74 6f 74 61 6c 22 3a 35 37 30 34 38 30 2c 22 70 65 72 63 65 6e 74 22 3a 36 37 7d'
}
Notification received: 7b 22 74 79 70 65 22 3a 22 6f 74 61 22 2c 22 73 74 61 74 75 73 22 3a 22 70 72 6f 67 72 65 73 73 22 2c 22 72 65 63 65 69 76 65 64 22 3a 33 38 32 38 36 30 2c 22 74 6f 74 61 6c 22 3a 35 37 30 34 38 30 2c 22 70 65 72 63 65 6e 74 22 3a 36 37 7d
[Main -> Renderer] ble:characteristicValueChanged: {
  deviceId: '10b41dcd238d',
  serviceUuid: '4fafc201-1fb5-459e-8fcc-c5c9c331914d',
  characteristicUuid: 'beb5483e-36e1-4688-b7f5-ea07361b26c2',
  value: '7b 22 74 79 70 65 22 3a 22 6f 74 61 22 2c 22 73 74 61 74 75 73 22 3a 22 70 72 6f 67 72 65 73 73 22 2c 22 72 65 63 65 69 76 65 64 22 3a 33 38 32 38 36 30 2c 22 74 6f 74 61 6c 22 3a 35 37 30 34 38 30 2c 22 70 65 72 63 65 6e 74 22 3a 36 37 7d'
}
Notification received: 7b 22 74 79 70 65 22 3a 22 6f 74 61 22 2c 22 73 74 61 74 75 73 22 3a 22 70 72 6f 67 72 65 73 73 22 2c 22 72 65 63 65 69 76 65 64 22 3a 33 38 33 32 32 30 2c 22 74 6f 74 61 6c 22 3a 35 37 30 34 38 30 2c 22 70 65 72 63 65 6e 74 22 3a 36 37 7d
[Main -> Renderer] ble:characteristicValueChanged: {
  deviceId: '10b41dcd238d',
  serviceUuid: '4fafc201-1fb5-459e-8fcc-c5c9c331914d',
  characteristicUuid: 'beb5483e-36e1-4688-b7f5-ea07361b26c2',
  value: '7b 22 74 79 70 65 22 3a 22 6f 74 61 22 2c 22 73 74 61 74 75 73 22 3a 22 70 72 6f 67 72 65 73 73 22 2c 22 72 65 63 65 69 76 65 64 22 3a 33 38 33 32 32 30 2c 22 74 6f 74 61 6c 22 3a 35 37 30 34 38 30 2c 22 70 65 72 63 65 6e 74 22 3a 36 37 7d'
}
Notification received: 7b 22 74 79 70 65 22 3a 22 6f 74 61 22 2c 22 73 74 61 74 75 73 22 3a 22 70 72 6f 67 72 65 73 73 22 2c 22 72 65 63 65 69 76 65 64 22 3a 33 38 33 35 38 30 2c 22 74 6f 74 61 6c 22 3a 35 37 30 34 38 30 2c 22 70 65 72 63 65 6e 74 22 3a 36 37 7d
[Main -> Renderer] ble:characteristicValueChanged: {
  deviceId: '10b41dcd238d',
  serviceUuid: '4fafc201-1fb5-459e-8fcc-c5c9c331914d',
  characteristicUuid: 'beb5483e-36e1-4688-b7f5-ea07361b26c2',
  value: '7b 22 74 79 70 65 22 3a 22 6f 74 61 22 2c 22 73 74 61 74 75 73 22 3a 22 70 72 6f 67 72 65 73 73 22 2c 22 72 65 63 65 69 76 65 64 22 3a 33 38 33 35 38 30 2c 22 74 6f 74 61 6c 22 3a 35 37 30 34 38 30 2c 22 70 65 72 63 65 6e 74 22 3a 36 37 7d'
}
Notification received: 7b 22 74 79 70 65 22 3a 22 6f 74 61 22 2c 22 73 74 61 74 75 73 22 3a 22 70 72 6f 67 72 65 73 73 22 2c 22 72 65 63 65 69 76 65 64 22 3a 33 38 33 39 34 30 2c 22 74 6f 74 61 6c 22 3a 35 37 30 34 38 30 2c 22 70 65 72 63 65 6e 74 22 3a 36 37 7d
[Main -> Renderer] ble:characteristicValueChanged: {
  deviceId: '10b41dcd238d',
  serviceUuid: '4fafc201-1fb5-459e-8fcc-c5c9c331914d',
  characteristicUuid: 'beb5483e-36e1-4688-b7f5-ea07361b26c2',
  value: '7b 22 74 79 70 65 22 3a 22 6f 74 61 22 2c 22 73 74 61 74 75 73 22 3a 22 70 72 6f 67 72 65 73 73 22 2c 22 72 65 63 65 69 76 65 64 22 3a 33 38 33 39 34 30 2c 22 74 6f 74 61 6c 22 3a 35 37 30 34 38 30 2c 22 70 65 72 63 65 6e 74 22 3a 36 37 7d'
}
Notification received: 7b 22 74 79 70 65 22 3a 22 6f 74 61 22 2c 22 73 74 61 74 75 73 22 3a 22 70 72 6f 67 72 65 73 73 22 2c 22 72 65 63 65 69 76 65 64 22 3a 33 38 34 34 38 30 2c 22 74 6f 74 61 6c 22 3a 35 37 30 34 38 30 2c 22 70 65 72 63 65 6e 74 22 3a 36 37 7d
[Main -> Renderer] ble:characteristicValueChanged: {
  deviceId: '10b41dcd238d',
  serviceUuid: '4fafc201-1fb5-459e-8fcc-c5c9c331914d',
  characteristicUuid: 'beb5483e-36e1-4688-b7f5-ea07361b26c2',
  value: '7b 22 74 79 70 65 22 3a 22 6f 74 61 22 2c 22 73 74 61 74 75 73 22 3a 22 70 72 6f 67 72 65 73 73 22 2c 22 72 65 63 65 69 76 65 64 22 3a 33 38 34 34 38 30 2c 22 74 6f 74 61 6c 22 3a 35 37 30 34 38 30 2c 22 70 65 72 63 65 6e 74 22 3a 36 37 7d'
}
Notification received: 7b 22 74 79 70 65 22 3a 22 6f 74 61 22 2c 22 73 74 61 74 75 73 22 3a 22 70 72 6f 67 72 65 73 73 22 2c 22 72 65 63 65 69 76 65 64 22 3a 33 38 35 30 32 30 2c 22 74 6f 74 61 6c 22 3a 35 37 30 34 38 30 2c 22 70 65 72 63 65 6e 74 22 3a 36 37 7d
[Main -> Renderer] ble:characteristicValueChanged: {
  deviceId: '10b41dcd238d',
  serviceUuid: '4fafc201-1fb5-459e-8fcc-c5c9c331914d',
  characteristicUuid: 'beb5483e-36e1-4688-b7f5-ea07361b26c2',
  value: '7b 22 74 79 70 65 22 3a 22 6f 74 61 22 2c 22 73 74 61 74 75 73 22 3a 22 70 72 6f 67 72 65 73 73 22 2c 22 72 65 63 65 69 76 65 64 22 3a 33 38 35 30 32 30 2c 22 74 6f 74 61 6c 22 3a 35 37 30 34 38 30 2c 22 70 65 72 63 65 6e 74 22 3a 36 37 7d'
}
Notification received: 7b 22 74 79 70 65 22 3a 22 6f 74 61 22 2c 22 73 74 61 74 75 73 22 3a 22 70 72 6f 67 72 65 73 73 22 2c 22 72 65 63 65 69 76 65 64 22 3a 33 38 35 35 36 30 2c 22 74 6f 74 61 6c 22 3a 35 37 30 34 38 30 2c 22 70 65 72 63 65 6e 74 22 3a 36 37 7d
[Main -> Renderer] ble:characteristicValueChanged: {
  deviceId: '10b41dcd238d',
  serviceUuid: '4fafc201-1fb5-459e-8fcc-c5c9c331914d',
  characteristicUuid: 'beb5483e-36e1-4688-b7f5-ea07361b26c2',
  value: '7b 22 74 79 70 65 22 3a 22 6f 74 61 22 2c 22 73 74 61 74 75 73 22 3a 22 70 72 6f 67 72 65 73 73 22 2c 22 72 65 63 65 69 76 65 64 22 3a 33 38 35 35 36 30 2c 22 74 6f 74 61 6c 22 3a 35 37 30 34 38 30 2c 22 70 65 72 63 65 6e 74 22 3a 36 37 7d'
}
Notification received: 7b 22 74 79 70 65 22 3a 22 6f 74 61 22 2c 22 73 74 61 74 75 73 22 3a 22 70 72 6f 67 72 65 73 73 22 2c 22 72 65 63 65 69 76 65 64 22 3a 33 38 36 31 30 30 2c 22 74 6f 74 61 6c 22 3a 35 37 30 34 38 30 2c 22 70 65 72 63 65 6e 74 22 3a 36 37 7d
[Main -> Renderer] ble:characteristicValueChanged: {
  deviceId: '10b41dcd238d',
  serviceUuid: '4fafc201-1fb5-459e-8fcc-c5c9c331914d',
  characteristicUuid: 'beb5483e-36e1-4688-b7f5-ea07361b26c2',
  value: '7b 22 74 79 70 65 22 3a 22 6f 74 61 22 2c 22 73 74 61 74 75 73 22 3a 22 70 72 6f 67 72 65 73 73 22 2c 22 72 65 63 65 69 76 65 64 22 3a 33 38 36 31 30 30 2c 22 74 6f 74 61 6c 22 3a 35 37 30 34 38 30 2c 22 70 65 72 63 65 6e 74 22 3a 36 37 7d'
}
Notification received: 7b 22 74 79 70 65 22 3a 22 6f 74 61 22 2c 22 73 74 61 74 75 73 22 3a 22 70 72 6f 67 72 65 73 73 22 2c 22 72 65 63 65 69 76 65 64 22 3a 33 38 36 34 36 30 2c 22 74 6f 74 61 6c 22 3a 35 37 30 34 38 30 2c 22 70 65 72 63 65 6e 74 22 3a 36 37 7d
[Main -> Renderer] ble:characteristicValueChanged: {
  deviceId: '10b41dcd238d',
  serviceUuid: '4fafc201-1fb5-459e-8fcc-c5c9c331914d',
  characteristicUuid: 'beb5483e-36e1-4688-b7f5-ea07361b26c2',
  value: '7b 22 74 79 70 65 22 3a 22 6f 74 61 22 2c 22 73 74 61 74 75 73 22 3a 22 70 72 6f 67 72 65 73 73 22 2c 22 72 65 63 65 69 76 65 64 22 3a 33 38 36 34 36 30 2c 22 74 6f 74 61 6c 22 3a 35 37 30 34 38 30 2c 22 70 65 72 63 65 6e 74 22 3a 36 37 7d'
}
Notification received: 7b 22 74 79 70 65 22 3a 22 6f 74 61 22 2c 22 73 74 61 74 75 73 22 3a 22 70 72 6f 67 72 65 73 73 22 2c 22 72 65 63 65 69 76 65 64 22 3a 33 38 37 30 30 30 2c 22 74 6f 74 61 6c 22 3a 35 37 30 34 38 30 2c 22 70 65 72 63 65 6e 74 22 3a 36 37 7d
[Main -> Renderer] ble:characteristicValueChanged: {
  deviceId: '10b41dcd238d',
  serviceUuid: '4fafc201-1fb5-459e-8fcc-c5c9c331914d',
  characteristicUuid: 'beb5483e-36e1-4688-b7f5-ea07361b26c2',
  value: '7b 22 74 79 70 65 22 3a 22 6f 74 61 22 2c 22 73 74 61 74 75 73 22 3a 22 70 72 6f 67 72 65 73 73 22 2c 22 72 65 63 65 69 76 65 64 22 3a 33 38 37 30 30 30 2c 22 74 6f 74 61 6c 22 3a 35 37 30 34 38 30 2c 22 70 65 72 63 65 6e 74 22 3a 36 37 7d'
}
Notification received: 7b 22 74 79 70 65 22 3a 22 6f 74 61 22 2c 22 73 74 61 74 75 73 22 3a 22 70 72 6f 67 72 65 73 73 22 2c 22 72 65 63 65 69 76 65 64 22 3a 33 38 37 35 34 30 2c 22 74 6f 74 61 6c 22 3a 35 37 30 34 38 30 2c 22 70 65 72 63 65 6e 74 22 3a 36 37 7d
[Main -> Renderer] ble:characteristicValueChanged: {
  deviceId: '10b41dcd238d',
  serviceUuid: '4fafc201-1fb5-459e-8fcc-c5c9c331914d',
  characteristicUuid: 'beb5483e-36e1-4688-b7f5-ea07361b26c2',
  value: '7b 22 74 79 70 65 22 3a 22 6f 74 61 22 2c 22 73 74 61 74 75 73 22 3a 22 70 72 6f 67 72 65 73 73 22 2c 22 72 65 63 65 69 76 65 64 22 3a 33 38 37 35 34 30 2c 22 74 6f 74 61 6c 22 3a 35 37 30 34 38 30 2c 22 70 65 72 63 65 6e 74 22 3a 36 37 7d'
}
Notification received: 7b 22 74 79 70 65 22 3a 22 6f 74 61 22 2c 22 73 74 61 74 75 73 22 3a 22 70 72 6f 67 72 65 73 73 22 2c 22 72 65 63 65 69 76 65 64 22 3a 33 38 38 30 38 30 2c 22 74 6f 74 61 6c 22 3a 35 37 30 34 38 30 2c 22 70 65 72 63 65 6e 74 22 3a 36 38 7d
[Main -> Renderer] ble:characteristicValueChanged: {
  deviceId: '10b41dcd238d',
  serviceUuid: '4fafc201-1fb5-459e-8fcc-c5c9c331914d',
  characteristicUuid: 'beb5483e-36e1-4688-b7f5-ea07361b26c2',
  value: '7b 22 74 79 70 65 22 3a 22 6f 74 61 22 2c 22 73 74 61 74 75 73 22 3a 22 70 72 6f 67 72 65 73 73 22 2c 22 72 65 63 65 69 76 65 64 22 3a 33 38 38 30 38 30 2c 22 74 6f 74 61 6c 22 3a 35 37 30 34 38 30 2c 22 70 65 72 63 65 6e 74 22 3a 36 38 7d'
}
Notification received: 7b 22 74 79 70 65 22 3a 22 6f 74 61 22 2c 22 73 74 61 74 75 73 22 3a 22 70 72 6f 67 72 65 73 73 22 2c 22 72 65 63 65 69 76 65 64 22 3a 33 38 38 34 34 30 2c 22 74 6f 74 61 6c 22 3a 35 37 30 34 38 30 2c 22 70 65 72 63 65 6e 74 22 3a 36 38 7d
[Main -> Renderer] ble:characteristicValueChanged: {
  deviceId: '10b41dcd238d',
  serviceUuid: '4fafc201-1fb5-459e-8fcc-c5c9c331914d',
  characteristicUuid: 'beb5483e-36e1-4688-b7f5-ea07361b26c2',
  value: '7b 22 74 79 70 65 22 3a 22 6f 74 61 22 2c 22 73 74 61 74 75 73 22 3a 22 70 72 6f 67 72 65 73 73 22 2c 22 72 65 63 65 69 76 65 64 22 3a 33 38 38 34 34 30 2c 22 74 6f 74 61 6c 22 3a 35 37 30 34 38 30 2c 22 70 65 72 63 65 6e 74 22 3a 36 38 7d'
}
Notification received: 7b 22 74 79 70 65 22 3a 22 6f 74 61 22 2c 22 73 74 61 74 75 73 22 3a 22 70 72 6f 67 72 65 73 73 22 2c 22 72 65 63 65 69 76 65 64 22 3a 33 38 38 38 30 30 2c 22 74 6f 74 61 6c 22 3a 35 37 30 34 38 30 2c 22 70 65 72 63 65 6e 74 22 3a 36 38 7d
[Main -> Renderer] ble:characteristicValueChanged: {
  deviceId: '10b41dcd238d',
  serviceUuid: '4fafc201-1fb5-459e-8fcc-c5c9c331914d',
  characteristicUuid: 'beb5483e-36e1-4688-b7f5-ea07361b26c2',
  value: '7b 22 74 79 70 65 22 3a 22 6f 74 61 22 2c 22 73 74 61 74 75 73 22 3a 22 70 72 6f 67 72 65 73 73 22 2c 22 72 65 63 65 69 76 65 64 22 3a 33 38 38 38 30 30 2c 22 74 6f 74 61 6c 22 3a 35 37 30 34 38 30 2c 22 70 65 72 63 65 6e 74 22 3a 36 38 7d'
}
Notification received: 7b 22 74 79 70 65 22 3a 22 6f 74 61 22 2c 22 73 74 61 74 75 73 22 3a 22 70 72 6f 67 72 65 73 73 22 2c 22 72 65 63 65 69 76 65 64 22 3a 33 38 39 33 34 30 2c 22 74 6f 74 61 6c 22 3a 35 37 30 34 38 30 2c 22 70 65 72 63 65 6e 74 22 3a 36 38 7d
[Main -> Renderer] ble:characteristicValueChanged: {
  deviceId: '10b41dcd238d',
  serviceUuid: '4fafc201-1fb5-459e-8fcc-c5c9c331914d',
  characteristicUuid: 'beb5483e-36e1-4688-b7f5-ea07361b26c2',
  value: '7b 22 74 79 70 65 22 3a 22 6f 74 61 22 2c 22 73 74 61 74 75 73 22 3a 22 70 72 6f 67 72 65 73 73 22 2c 22 72 65 63 65 69 76 65 64 22 3a 33 38 39 33 34 30 2c 22 74 6f 74 61 6c 22 3a 35 37 30 34 38 30 2c 22 70 65 72 63 65 6e 74 22 3a 36 38 7d'
}
Notification received: 7b 22 74 79 70 65 22 3a 22 6f 74 61 22 2c 22 73 74 61 74 75 73 22 3a 22 70 72 6f 67 72 65 73 73 22 2c 22 72 65 63 65 69 76 65 64 22 3a 33 38 39 38 38 30 2c 22 74 6f 74 61 6c 22 3a 35 37 30 34 38 30 2c 22 70 65 72 63 65 6e 74 22 3a 36 38 7d
[Main -> Renderer] ble:characteristicValueChanged: {
  deviceId: '10b41dcd238d',
  serviceUuid: '4fafc201-1fb5-459e-8fcc-c5c9c331914d',
  characteristicUuid: 'beb5483e-36e1-4688-b7f5-ea07361b26c2',
  value: '7b 22 74 79 70 65 22 3a 22 6f 74 61 22 2c 22 73 74 61 74 75 73 22 3a 22 70 72 6f 67 72 65 73 73 22 2c 22 72 65 63 65 69 76 65 64 22 3a 33 38 39 38 38 30 2c 22 74 6f 74 61 6c 22 3a 35 37 30 34 38 30 2c 22 70 65 72 63 65 6e 74 22 3a 36 38 7d'
}
Notification received: 7b 22 74 79 70 65 22 3a 22 6f 74 61 22 2c 22 73 74 61 74 75 73 22 3a 22 70 72 6f 67 72 65 73 73 22 2c 22 72 65 63 65 69 76 65 64 22 3a 33 39 30 32 34 30 2c 22 74 6f 74 61 6c 22 3a 35 37 30 34 38 30 2c 22 70 65 72 63 65 6e 74 22 3a 36 38 7d
[Main -> Renderer] ble:characteristicValueChanged: {
  deviceId: '10b41dcd238d',
  serviceUuid: '4fafc201-1fb5-459e-8fcc-c5c9c331914d',
  characteristicUuid: 'beb5483e-36e1-4688-b7f5-ea07361b26c2',
  value: '7b 22 74 79 70 65 22 3a 22 6f 74 61 22 2c 22 73 74 61 74 75 73 22 3a 22 70 72 6f 67 72 65 73 73 22 2c 22 72 65 63 65 69 76 65 64 22 3a 33 39 30 32 34 30 2c 22 74 6f 74 61 6c 22 3a 35 37 30 34 38 30 2c 22 70 65 72 63 65 6e 74 22 3a 36 38 7d'
}
Notification received: 7b 22 74 79 70 65 22 3a 22 6f 74 61 22 2c 22 73 74 61 74 75 73 22 3a 22 70 72 6f 67 72 65 73 73 22 2c 22 72 65 63 65 69 76 65 64 22 3a 33 39 30 36 30 30 2c 22 74 6f 74 61 6c 22 3a 35 37 30 34 38 30 2c 22 70 65 72 63 65 6e 74 22 3a 36 38 7d
[Main -> Renderer] ble:characteristicValueChanged: {
  deviceId: '10b41dcd238d',
  serviceUuid: '4fafc201-1fb5-459e-8fcc-c5c9c331914d',
  characteristicUuid: 'beb5483e-36e1-4688-b7f5-ea07361b26c2',
  value: '7b 22 74 79 70 65 22 3a 22 6f 74 61 22 2c 22 73 74 61 74 75 73 22 3a 22 70 72 6f 67 72 65 73 73 22 2c 22 72 65 63 65 69 76 65 64 22 3a 33 39 30 36 30 30 2c 22 74 6f 74 61 6c 22 3a 35 37 30 34 38 30 2c 22 70 65 72 63 65 6e 74 22 3a 36 38 7d'
}
Notification received: 7b 22 74 79 70 65 22 3a 22 6f 74 61 22 2c 22 73 74 61 74 75 73 22 3a 22 70 72 6f 67 72 65 73 73 22 2c 22 72 65 63 65 69 76 65 64 22 3a 33 39 30 39 36 30 2c 22 74 6f 74 61 6c 22 3a 35 37 30 34 38 30 2c 22 70 65 72 63 65 6e 74 22 3a 36 38 7d
[Main -> Renderer] ble:characteristicValueChanged: {
  deviceId: '10b41dcd238d',
  serviceUuid: '4fafc201-1fb5-459e-8fcc-c5c9c331914d',
  characteristicUuid: 'beb5483e-36e1-4688-b7f5-ea07361b26c2',
  value: '7b 22 74 79 70 65 22 3a 22 6f 74 61 22 2c 22 73 74 61 74 75 73 22 3a 22 70 72 6f 67 72 65 73 73 22 2c 22 72 65 63 65 69 76 65 64 22 3a 33 39 30 39 36 30 2c 22 74 6f 74 61 6c 22 3a 35 37 30 34 38 30 2c 22 70 65 72 63 65 6e 74 22 3a 36 38 7d'
}
Notification received: 7b 22 74 79 70 65 22 3a 22 6f 74 61 22 2c 22 73 74 61 74 75 73 22 3a 22 70 72 6f 67 72 65 73 73 22 2c 22 72 65 63 65 69 76 65 64 22 3a 33 39 31 33 32 30 2c 22 74 6f 74 61 6c 22 3a 35 37 30 34 38 30 2c 22 70 65 72 63 65 6e 74 22 3a 36 38 7d
[Main -> Renderer] ble:characteristicValueChanged: {
  deviceId: '10b41dcd238d',
  serviceUuid: '4fafc201-1fb5-459e-8fcc-c5c9c331914d',
  characteristicUuid: 'beb5483e-36e1-4688-b7f5-ea07361b26c2',
  value: '7b 22 74 79 70 65 22 3a 22 6f 74 61 22 2c 22 73 74 61 74 75 73 22 3a 22 70 72 6f 67 72 65 73 73 22 2c 22 72 65 63 65 69 76 65 64 22 3a 33 39 31 33 32 30 2c 22 74 6f 74 61 6c 22 3a 35 37 30 34 38 30 2c 22 70 65 72 63 65 6e 74 22 3a 36 38 7d'
}
Notification received: 7b 22 74 79 70 65 22 3a 22 6f 74 61 22 2c 22 73 74 61 74 75 73 22 3a 22 70 72 6f 67 72 65 73 73 22 2c 22 72 65 63 65 69 76 65 64 22 3a 33 39 31 36 38 30 2c 22 74 6f 74 61 6c 22 3a 35 37 30 34 38 30 2c 22 70 65 72 63 65 6e 74 22 3a 36 38 7d
[Main -> Renderer] ble:characteristicValueChanged: {
  deviceId: '10b41dcd238d',
  serviceUuid: '4fafc201-1fb5-459e-8fcc-c5c9c331914d',
  characteristicUuid: 'beb5483e-36e1-4688-b7f5-ea07361b26c2',
  value: '7b 22 74 79 70 65 22 3a 22 6f 74 61 22 2c 22 73 74 61 74 75 73 22 3a 22 70 72 6f 67 72 65 73 73 22 2c 22 72 65 63 65 69 76 65 64 22 3a 33 39 31 36 38 30 2c 22 74 6f 74 61 6c 22 3a 35 37 30 34 38 30 2c 22 70 65 72 63 65 6e 74 22 3a 36 38 7d'
}
Notification received: 7b 22 74 79 70 65 22 3a 22 6f 74 61 22 2c 22 73 74 61 74 75 73 22 3a 22 70 72 6f 67 72 65 73 73 22 2c 22 72 65 63 65 69 76 65 64 22 3a 33 39 32 30 34 30 2c 22 74 6f 74 61 6c 22 3a 35 37 30 34 38 30 2c 22 70 65 72 63 65 6e 74 22 3a 36 38 7d
[Main -> Renderer] ble:characteristicValueChanged: {
  deviceId: '10b41dcd238d',
  serviceUuid: '4fafc201-1fb5-459e-8fcc-c5c9c331914d',
  characteristicUuid: 'beb5483e-36e1-4688-b7f5-ea07361b26c2',
  value: '7b 22 74 79 70 65 22 3a 22 6f 74 61 22 2c 22 73 74 61 74 75 73 22 3a 22 70 72 6f 67 72 65 73 73 22 2c 22 72 65 63 65 69 76 65 64 22 3a 33 39 32 30 34 30 2c 22 74 6f 74 61 6c 22 3a 35 37 30 34 38 30 2c 22 70 65 72 63 65 6e 74 22 3a 36 38 7d'
}
Notification received: 7b 22 74 79 70 65 22 3a 22 6f 74 61 22 2c 22 73 74 61 74 75 73 22 3a 22 70 72 6f 67 72 65 73 73 22 2c 22 72 65 63 65 69 76 65 64 22 3a 33 39 32 34 30 30 2c 22 74 6f 74 61 6c 22 3a 35 37 30 34 38 30 2c 22 70 65 72 63 65 6e 74 22 3a 36 38 7d
[Main -> Renderer] ble:characteristicValueChanged: {
  deviceId: '10b41dcd238d',
  serviceUuid: '4fafc201-1fb5-459e-8fcc-c5c9c331914d',
  characteristicUuid: 'beb5483e-36e1-4688-b7f5-ea07361b26c2',
  value: '7b 22 74 79 70 65 22 3a 22 6f 74 61 22 2c 22 73 74 61 74 75 73 22 3a 22 70 72 6f 67 72 65 73 73 22 2c 22 72 65 63 65 69 76 65 64 22 3a 33 39 32 34 30 30 2c 22 74 6f 74 61 6c 22 3a 35 37 30 34 38 30 2c 22 70 65 72 63 65 6e 74 22 3a 36 38 7d'
}
Notification received: 7b 22 74 79 70 65 22 3a 22 6f 74 61 22 2c 22 73 74 61 74 75 73 22 3a 22 70 72 6f 67 72 65 73 73 22 2c 22 72 65 63 65 69 76 65 64 22 3a 33 39 32 37 36 30 2c 22 74 6f 74 61 6c 22 3a 35 37 30 34 38 30 2c 22 70 65 72 63 65 6e 74 22 3a 36 38 7d
[Main -> Renderer] ble:characteristicValueChanged: {
  deviceId: '10b41dcd238d',
  serviceUuid: '4fafc201-1fb5-459e-8fcc-c5c9c331914d',
  characteristicUuid: 'beb5483e-36e1-4688-b7f5-ea07361b26c2',
  value: '7b 22 74 79 70 65 22 3a 22 6f 74 61 22 2c 22 73 74 61 74 75 73 22 3a 22 70 72 6f 67 72 65 73 73 22 2c 22 72 65 63 65 69 76 65 64 22 3a 33 39 32 37 36 30 2c 22 74 6f 74 61 6c 22 3a 35 37 30 34 38 30 2c 22 70 65 72 63 65 6e 74 22 3a 36 38 7d'
}
Notification received: 7b 22 74 79 70 65 22 3a 22 6f 74 61 22 2c 22 73 74 61 74 75 73 22 3a 22 70 72 6f 67 72 65 73 73 22 2c 22 72 65 63 65 69 76 65 64 22 3a 33 39 33 33 30 30 2c 22 74 6f 74 61 6c 22 3a 35 37 30 34 38 30 2c 22 70 65 72 63 65 6e 74 22 3a 36 38 7d
[Main -> Renderer] ble:characteristicValueChanged: {
  deviceId: '10b41dcd238d',
  serviceUuid: '4fafc201-1fb5-459e-8fcc-c5c9c331914d',
  characteristicUuid: 'beb5483e-36e1-4688-b7f5-ea07361b26c2',
  value: '7b 22 74 79 70 65 22 3a 22 6f 74 61 22 2c 22 73 74 61 74 75 73 22 3a 22 70 72 6f 67 72 65 73 73 22 2c 22 72 65 63 65 69 76 65 64 22 3a 33 39 33 33 30 30 2c 22 74 6f 74 61 6c 22 3a 35 37 30 34 38 30 2c 22 70 65 72 63 65 6e 74 22 3a 36 38 7d'
}
Notification received: 7b 22 74 79 70 65 22 3a 22 6f 74 61 22 2c 22 73 74 61 74 75 73 22 3a 22 70 72 6f 67 72 65 73 73 22 2c 22 72 65 63 65 69 76 65 64 22 3a 33 39 33 38 34 30 2c 22 74 6f 74 61 6c 22 3a 35 37 30 34 38 30 2c 22 70 65 72 63 65 6e 74 22 3a 36 39 7d
[Main -> Renderer] ble:characteristicValueChanged: {
  deviceId: '10b41dcd238d',
  serviceUuid: '4fafc201-1fb5-459e-8fcc-c5c9c331914d',
  characteristicUuid: 'beb5483e-36e1-4688-b7f5-ea07361b26c2',
  value: '7b 22 74 79 70 65 22 3a 22 6f 74 61 22 2c 22 73 74 61 74 75 73 22 3a 22 70 72 6f 67 72 65 73 73 22 2c 22 72 65 63 65 69 76 65 64 22 3a 33 39 33 38 34 30 2c 22 74 6f 74 61 6c 22 3a 35 37 30 34 38 30 2c 22 70 65 72 63 65 6e 74 22 3a 36 39 7d'
}
Notification received: 7b 22 74 79 70 65 22 3a 22 6f 74 61 22 2c 22 73 74 61 74 75 73 22 3a 22 70 72 6f 67 72 65 73 73 22 2c 22 72 65 63 65 69 76 65 64 22 3a 33 39 34 33 38 30 2c 22 74 6f 74 61 6c 22 3a 35 37 30 34 38 30 2c 22 70 65 72 63 65 6e 74 22 3a 36 39 7d
[Main -> Renderer] ble:characteristicValueChanged: {
  deviceId: '10b41dcd238d',
  serviceUuid: '4fafc201-1fb5-459e-8fcc-c5c9c331914d',
  characteristicUuid: 'beb5483e-36e1-4688-b7f5-ea07361b26c2',
  value: '7b 22 74 79 70 65 22 3a 22 6f 74 61 22 2c 22 73 74 61 74 75 73 22 3a 22 70 72 6f 67 72 65 73 73 22 2c 22 72 65 63 65 69 76 65 64 22 3a 33 39 34 33 38 30 2c 22 74 6f 74 61 6c 22 3a 35 37 30 34 38 30 2c 22 70 65 72 63 65 6e 74 22 3a 36 39 7d'
}
Notification received: 7b 22 74 79 70 65 22 3a 22 6f 74 61 22 2c 22 73 74 61 74 75 73 22 3a 22 70 72 6f 67 72 65 73 73 22 2c 22 72 65 63 65 69 76 65 64 22 3a 33 39 34 37 34 30 2c 22 74 6f 74 61 6c 22 3a 35 37 30 34 38 30 2c 22 70 65 72 63 65 6e 74 22 3a 36 39 7d
[Main -> Renderer] ble:characteristicValueChanged: {
  deviceId: '10b41dcd238d',
  serviceUuid: '4fafc201-1fb5-459e-8fcc-c5c9c331914d',
  characteristicUuid: 'beb5483e-36e1-4688-b7f5-ea07361b26c2',
  value: '7b 22 74 79 70 65 22 3a 22 6f 74 61 22 2c 22 73 74 61 74 75 73 22 3a 22 70 72 6f 67 72 65 73 73 22 2c 22 72 65 63 65 69 76 65 64 22 3a 33 39 34 37 34 30 2c 22 74 6f 74 61 6c 22 3a 35 37 30 34 38 30 2c 22 70 65 72 63 65 6e 74 22 3a 36 39 7d'
}
Notification received: 7b 22 74 79 70 65 22 3a 22 6f 74 61 22 2c 22 73 74 61 74 75 73 22 3a 22 70 72 6f 67 72 65 73 73 22 2c 22 72 65 63 65 69 76 65 64 22 3a 33 39 35 32 38 30 2c 22 74 6f 74 61 6c 22 3a 35 37 30 34 38 30 2c 22 70 65 72 63 65 6e 74 22 3a 36 39 7d
[Main -> Renderer] ble:characteristicValueChanged: {
  deviceId: '10b41dcd238d',
  serviceUuid: '4fafc201-1fb5-459e-8fcc-c5c9c331914d',
  characteristicUuid: 'beb5483e-36e1-4688-b7f5-ea07361b26c2',
  value: '7b 22 74 79 70 65 22 3a 22 6f 74 61 22 2c 22 73 74 61 74 75 73 22 3a 22 70 72 6f 67 72 65 73 73 22 2c 22 72 65 63 65 69 76 65 64 22 3a 33 39 35 32 38 30 2c 22 74 6f 74 61 6c 22 3a 35 37 30 34 38 30 2c 22 70 65 72 63 65 6e 74 22 3a 36 39 7d'
}
Notification received: 7b 22 74 79 70 65 22 3a 22 6f 74 61 22 2c 22 73 74 61 74 75 73 22 3a 22 70 72 6f 67 72 65 73 73 22 2c 22 72 65 63 65 69 76 65 64 22 3a 33 39 35 38 32 30 2c 22 74 6f 74 61 6c 22 3a 35 37 30 34 38 30 2c 22 70 65 72 63 65 6e 74 22 3a 36 39 7d
[Main -> Renderer] ble:characteristicValueChanged: {
  deviceId: '10b41dcd238d',
  serviceUuid: '4fafc201-1fb5-459e-8fcc-c5c9c331914d',
  characteristicUuid: 'beb5483e-36e1-4688-b7f5-ea07361b26c2',
  value: '7b 22 74 79 70 65 22 3a 22 6f 74 61 22 2c 22 73 74 61 74 75 73 22 3a 22 70 72 6f 67 72 65 73 73 22 2c 22 72 65 63 65 69 76 65 64 22 3a 33 39 35 38 32 30 2c 22 74 6f 74 61 6c 22 3a 35 37 30 34 38 30 2c 22 70 65 72 63 65 6e 74 22 3a 36 39 7d'
}
Notification received: 7b 22 74 79 70 65 22 3a 22 6f 74 61 22 2c 22 73 74 61 74 75 73 22 3a 22 70 72 6f 67 72 65 73 73 22 2c 22 72 65 63 65 69 76 65 64 22 3a 33 39 36 31 38 30 2c 22 74 6f 74 61 6c 22 3a 35 37 30 34 38 30 2c 22 70 65 72 63 65 6e 74 22 3a 36 39 7d
[Main -> Renderer] ble:characteristicValueChanged: {
  deviceId: '10b41dcd238d',
  serviceUuid: '4fafc201-1fb5-459e-8fcc-c5c9c331914d',
  characteristicUuid: 'beb5483e-36e1-4688-b7f5-ea07361b26c2',
  value: '7b 22 74 79 70 65 22 3a 22 6f 74 61 22 2c 22 73 74 61 74 75 73 22 3a 22 70 72 6f 67 72 65 73 73 22 2c 22 72 65 63 65 69 76 65 64 22 3a 33 39 36 31 38 30 2c 22 74 6f 74 61 6c 22 3a 35 37 30 34 38 30 2c 22 70 65 72 63 65 6e 74 22 3a 36 39 7d'
}
Notification received: 7b 22 74 79 70 65 22 3a 22 6f 74 61 22 2c 22 73 74 61 74 75 73 22 3a 22 70 72 6f 67 72 65 73 73 22 2c 22 72 65 63 65 69 76 65 64 22 3a 33 39 36 35 34 30 2c 22 74 6f 74 61 6c 22 3a 35 37 30 34 38 30 2c 22 70 65 72 63 65 6e 74 22 3a 36 39 7d
[Main -> Renderer] ble:characteristicValueChanged: {
  deviceId: '10b41dcd238d',
  serviceUuid: '4fafc201-1fb5-459e-8fcc-c5c9c331914d',
  characteristicUuid: 'beb5483e-36e1-4688-b7f5-ea07361b26c2',
  value: '7b 22 74 79 70 65 22 3a 22 6f 74 61 22 2c 22 73 74 61 74 75 73 22 3a 22 70 72 6f 67 72 65 73 73 22 2c 22 72 65 63 65 69 76 65 64 22 3a 33 39 36 35 34 30 2c 22 74 6f 74 61 6c 22 3a 35 37 30 34 38 30 2c 22 70 65 72 63 65 6e 74 22 3a 36 39 7d'
}
Notification received: 7b 22 74 79 70 65 22 3a 22 6f 74 61 22 2c 22 73 74 61 74 75 73 22 3a 22 70 72 6f 67 72 65 73 73 22 2c 22 72 65 63 65 69 76 65 64 22 3a 33 39 36 39 30 30 2c 22 74 6f 74 61 6c 22 3a 35 37 30 34 38 30 2c 22 70 65 72 63 65 6e 74 22 3a 36 39 7d
[Main -> Renderer] ble:characteristicValueChanged: {
  deviceId: '10b41dcd238d',
  serviceUuid: '4fafc201-1fb5-459e-8fcc-c5c9c331914d',
  characteristicUuid: 'beb5483e-36e1-4688-b7f5-ea07361b26c2',
  value: '7b 22 74 79 70 65 22 3a 22 6f 74 61 22 2c 22 73 74 61 74 75 73 22 3a 22 70 72 6f 67 72 65 73 73 22 2c 22 72 65 63 65 69 76 65 64 22 3a 33 39 36 39 30 30 2c 22 74 6f 74 61 6c 22 3a 35 37 30 34 38 30 2c 22 70 65 72 63 65 6e 74 22 3a 36 39 7d'
}
Notification received: 7b 22 74 79 70 65 22 3a 22 6f 74 61 22 2c 22 73 74 61 74 75 73 22 3a 22 70 72 6f 67 72 65 73 73 22 2c 22 72 65 63 65 69 76 65 64 22 3a 33 39 37 32 36 30 2c 22 74 6f 74 61 6c 22 3a 35 37 30 34 38 30 2c 22 70 65 72 63 65 6e 74 22 3a 36 39 7d
[Main -> Renderer] ble:characteristicValueChanged: {
  deviceId: '10b41dcd238d',
  serviceUuid: '4fafc201-1fb5-459e-8fcc-c5c9c331914d',
  characteristicUuid: 'beb5483e-36e1-4688-b7f5-ea07361b26c2',
  value: '7b 22 74 79 70 65 22 3a 22 6f 74 61 22 2c 22 73 74 61 74 75 73 22 3a 22 70 72 6f 67 72 65 73 73 22 2c 22 72 65 63 65 69 76 65 64 22 3a 33 39 37 32 36 30 2c 22 74 6f 74 61 6c 22 3a 35 37 30 34 38 30 2c 22 70 65 72 63 65 6e 74 22 3a 36 39 7d'
}
Notification received: 7b 22 74 79 70 65 22 3a 22 6f 74 61 22 2c 22 73 74 61 74 75 73 22 3a 22 70 72 6f 67 72 65 73 73 22 2c 22 72 65 63 65 69 76 65 64 22 3a 33 39 37 36 32 30 2c 22 74 6f 74 61 6c 22 3a 35 37 30 34 38 30 2c 22 70 65 72 63 65 6e 74 22 3a 36 39 7d
[Main -> Renderer] ble:characteristicValueChanged: {
  deviceId: '10b41dcd238d',
  serviceUuid: '4fafc201-1fb5-459e-8fcc-c5c9c331914d',
  characteristicUuid: 'beb5483e-36e1-4688-b7f5-ea07361b26c2',
  value: '7b 22 74 79 70 65 22 3a 22 6f 74 61 22 2c 22 73 74 61 74 75 73 22 3a 22 70 72 6f 67 72 65 73 73 22 2c 22 72 65 63 65 69 76 65 64 22 3a 33 39 37 36 32 30 2c 22 74 6f 74 61 6c 22 3a 35 37 30 34 38 30 2c 22 70 65 72 63 65 6e 74 22 3a 36 39 7d'
}
Notification received: 7b 22 74 79 70 65 22 3a 22 6f 74 61 22 2c 22 73 74 61 74 75 73 22 3a 22 70 72 6f 67 72 65 73 73 22 2c 22 72 65 63 65 69 76 65 64 22 3a 33 39 38 31 36 30 2c 22 74 6f 74 61 6c 22 3a 35 37 30 34 38 30 2c 22 70 65 72 63 65 6e 74 22 3a 36 39 7d
[Main -> Renderer] ble:characteristicValueChanged: {
  deviceId: '10b41dcd238d',
  serviceUuid: '4fafc201-1fb5-459e-8fcc-c5c9c331914d',
  characteristicUuid: 'beb5483e-36e1-4688-b7f5-ea07361b26c2',
  value: '7b 22 74 79 70 65 22 3a 22 6f 74 61 22 2c 22 73 74 61 74 75 73 22 3a 22 70 72 6f 67 72 65 73 73 22 2c 22 72 65 63 65 69 76 65 64 22 3a 33 39 38 31 36 30 2c 22 74 6f 74 61 6c 22 3a 35 37 30 34 38 30 2c 22 70 65 72 63 65 6e 74 22 3a 36 39 7d'
}
Notification received: 7b 22 74 79 70 65 22 3a 22 6f 74 61 22 2c 22 73 74 61 74 75 73 22 3a 22 70 72 6f 67 72 65 73 73 22 2c 22 72 65 63 65 69 76 65 64 22 3a 33 39 38 35 32 30 2c 22 74 6f 74 61 6c 22 3a 35 37 30 34 38 30 2c 22 70 65 72 63 65 6e 74 22 3a 36 39 7d
[Main -> Renderer] ble:characteristicValueChanged: {
  deviceId: '10b41dcd238d',
  serviceUuid: '4fafc201-1fb5-459e-8fcc-c5c9c331914d',
  characteristicUuid: 'beb5483e-36e1-4688-b7f5-ea07361b26c2',
  value: '7b 22 74 79 70 65 22 3a 22 6f 74 61 22 2c 22 73 74 61 74 75 73 22 3a 22 70 72 6f 67 72 65 73 73 22 2c 22 72 65 63 65 69 76 65 64 22 3a 33 39 38 35 32 30 2c 22 74 6f 74 61 6c 22 3a 35 37 30 34 38 30 2c 22 70 65 72 63 65 6e 74 22 3a 36 39 7d'
}
Notification received: 7b 22 74 79 70 65 22 3a 22 6f 74 61 22 2c 22 73 74 61 74 75 73 22 3a 22 70 72 6f 67 72 65 73 73 22 2c 22 72 65 63 65 69 76 65 64 22 3a 33 39 38 38 38 30 2c 22 74 6f 74 61 6c 22 3a 35 37 30 34 38 30 2c 22 70 65 72 63 65 6e 74 22 3a 36 39 7d
[Main -> Renderer] ble:characteristicValueChanged: {
  deviceId: '10b41dcd238d',
  serviceUuid: '4fafc201-1fb5-459e-8fcc-c5c9c331914d',
  characteristicUuid: 'beb5483e-36e1-4688-b7f5-ea07361b26c2',
  value: '7b 22 74 79 70 65 22 3a 22 6f 74 61 22 2c 22 73 74 61 74 75 73 22 3a 22 70 72 6f 67 72 65 73 73 22 2c 22 72 65 63 65 69 76 65 64 22 3a 33 39 38 38 38 30 2c 22 74 6f 74 61 6c 22 3a 35 37 30 34 38 30 2c 22 70 65 72 63 65 6e 74 22 3a 36 39 7d'
}
Notification received: 7b 22 74 79 70 65 22 3a 22 6f 74 61 22 2c 22 73 74 61 74 75 73 22 3a 22 70 72 6f 67 72 65 73 73 22 2c 22 72 65 63 65 69 76 65 64 22 3a 33 39 39 32 34 30 2c 22 74 6f 74 61 6c 22 3a 35 37 30 34 38 30 2c 22 70 65 72 63 65 6e 74 22 3a 36 39 7d
[Main -> Renderer] ble:characteristicValueChanged: {
  deviceId: '10b41dcd238d',
  serviceUuid: '4fafc201-1fb5-459e-8fcc-c5c9c331914d',
  characteristicUuid: 'beb5483e-36e1-4688-b7f5-ea07361b26c2',
  value: '7b 22 74 79 70 65 22 3a 22 6f 74 61 22 2c 22 73 74 61 74 75 73 22 3a 22 70 72 6f 67 72 65 73 73 22 2c 22 72 65 63 65 69 76 65 64 22 3a 33 39 39 32 34 30 2c 22 74 6f 74 61 6c 22 3a 35 37 30 34 38 30 2c 22 70 65 72 63 65 6e 74 22 3a 36 39 7d'
}
Notification received: 7b 22 74 79 70 65 22 3a 22 6f 74 61 22 2c 22 73 74 61 74 75 73 22 3a 22 70 72 6f 67 72 65 73 73 22 2c 22 72 65 63 65 69 76 65 64 22 3a 33 39 39 36 30 30 2c 22 74 6f 74 61 6c 22 3a 35 37 30 34 38 30 2c 22 70 65 72 63 65 6e 74 22 3a 37 30 7d
[Main -> Renderer] ble:characteristicValueChanged: {
  deviceId: '10b41dcd238d',
  serviceUuid: '4fafc201-1fb5-459e-8fcc-c5c9c331914d',
  characteristicUuid: 'beb5483e-36e1-4688-b7f5-ea07361b26c2',
  value: '7b 22 74 79 70 65 22 3a 22 6f 74 61 22 2c 22 73 74 61 74 75 73 22 3a 22 70 72 6f 67 72 65 73 73 22 2c 22 72 65 63 65 69 76 65 64 22 3a 33 39 39 36 30 30 2c 22 74 6f 74 61 6c 22 3a 35 37 30 34 38 30 2c 22 70 65 72 63 65 6e 74 22 3a 37 30 7d'
}
Notification received: 7b 22 74 79 70 65 22 3a 22 6f 74 61 22 2c 22 73 74 61 74 75 73 22 3a 22 70 72 6f 67 72 65 73 73 22 2c 22 72 65 63 65 69 76 65 64 22 3a 33 39 39 39 36 30 2c 22 74 6f 74 61 6c 22 3a 35 37 30 34 38 30 2c 22 70 65 72 63 65 6e 74 22 3a 37 30 7d
[Main -> Renderer] ble:characteristicValueChanged: {
  deviceId: '10b41dcd238d',
  serviceUuid: '4fafc201-1fb5-459e-8fcc-c5c9c331914d',
  characteristicUuid: 'beb5483e-36e1-4688-b7f5-ea07361b26c2',
  value: '7b 22 74 79 70 65 22 3a 22 6f 74 61 22 2c 22 73 74 61 74 75 73 22 3a 22 70 72 6f 67 72 65 73 73 22 2c 22 72 65 63 65 69 76 65 64 22 3a 33 39 39 39 36 30 2c 22 74 6f 74 61 6c 22 3a 35 37 30 34 38 30 2c 22 70 65 72 63 65 6e 74 22 3a 37 30 7d'
}
Notification received: 7b 22 74 79 70 65 22 3a 22 6f 74 61 22 2c 22 73 74 61 74 75 73 22 3a 22 70 72 6f 67 72 65 73 73 22 2c 22 72 65 63 65 69 76 65 64 22 3a 34 30 30 33 32 30 2c 22 74 6f 74 61 6c 22 3a 35 37 30 34 38 30 2c 22 70 65 72 63 65 6e 74 22 3a 37 30 7d
[Main -> Renderer] ble:characteristicValueChanged: {
  deviceId: '10b41dcd238d',
  serviceUuid: '4fafc201-1fb5-459e-8fcc-c5c9c331914d',
  characteristicUuid: 'beb5483e-36e1-4688-b7f5-ea07361b26c2',
  value: '7b 22 74 79 70 65 22 3a 22 6f 74 61 22 2c 22 73 74 61 74 75 73 22 3a 22 70 72 6f 67 72 65 73 73 22 2c 22 72 65 63 65 69 76 65 64 22 3a 34 30 30 33 32 30 2c 22 74 6f 74 61 6c 22 3a 35 37 30 34 38 30 2c 22 70 65 72 63 65 6e 74 22 3a 37 30 7d'
}
Notification received: 7b 22 74 79 70 65 22 3a 22 6f 74 61 22 2c 22 73 74 61 74 75 73 22 3a 22 70 72 6f 67 72 65 73 73 22 2c 22 72 65 63 65 69 76 65 64 22 3a 34 30 30 36 38 30 2c 22 74 6f 74 61 6c 22 3a 35 37 30 34 38 30 2c 22 70 65 72 63 65 6e 74 22 3a 37 30 7d
[Main -> Renderer] ble:characteristicValueChanged: {
  deviceId: '10b41dcd238d',
  serviceUuid: '4fafc201-1fb5-459e-8fcc-c5c9c331914d',
  characteristicUuid: 'beb5483e-36e1-4688-b7f5-ea07361b26c2',
  value: '7b 22 74 79 70 65 22 3a 22 6f 74 61 22 2c 22 73 74 61 74 75 73 22 3a 22 70 72 6f 67 72 65 73 73 22 2c 22 72 65 63 65 69 76 65 64 22 3a 34 30 30 36 38 30 2c 22 74 6f 74 61 6c 22 3a 35 37 30 34 38 30 2c 22 70 65 72 63 65 6e 74 22 3a 37 30 7d'
}
Notification received: 7b 22 74 79 70 65 22 3a 22 6f 74 61 22 2c 22 73 74 61 74 75 73 22 3a 22 70 72 6f 67 72 65 73 73 22 2c 22 72 65 63 65 69 76 65 64 22 3a 34 30 31 30 34 30 2c 22 74 6f 74 61 6c 22 3a 35 37 30 34 38 30 2c 22 70 65 72 63 65 6e 74 22 3a 37 30 7d
[Main -> Renderer] ble:characteristicValueChanged: {
  deviceId: '10b41dcd238d',
  serviceUuid: '4fafc201-1fb5-459e-8fcc-c5c9c331914d',
  characteristicUuid: 'beb5483e-36e1-4688-b7f5-ea07361b26c2',
  value: '7b 22 74 79 70 65 22 3a 22 6f 74 61 22 2c 22 73 74 61 74 75 73 22 3a 22 70 72 6f 67 72 65 73 73 22 2c 22 72 65 63 65 69 76 65 64 22 3a 34 30 31 30 34 30 2c 22 74 6f 74 61 6c 22 3a 35 37 30 34 38 30 2c 22 70 65 72 63 65 6e 74 22 3a 37 30 7d'
}
Notification received: 7b 22 74 79 70 65 22 3a 22 6f 74 61 22 2c 22 73 74 61 74 75 73 22 3a 22 70 72 6f 67 72 65 73 73 22 2c 22 72 65 63 65 69 76 65 64 22 3a 34 30 31 34 30 30 2c 22 74 6f 74 61 6c 22 3a 35 37 30 34 38 30 2c 22 70 65 72 63 65 6e 74 22 3a 37 30 7d
[Main -> Renderer] ble:characteristicValueChanged: {
  deviceId: '10b41dcd238d',
  serviceUuid: '4fafc201-1fb5-459e-8fcc-c5c9c331914d',
  characteristicUuid: 'beb5483e-36e1-4688-b7f5-ea07361b26c2',
  value: '7b 22 74 79 70 65 22 3a 22 6f 74 61 22 2c 22 73 74 61 74 75 73 22 3a 22 70 72 6f 67 72 65 73 73 22 2c 22 72 65 63 65 69 76 65 64 22 3a 34 30 31 34 30 30 2c 22 74 6f 74 61 6c 22 3a 35 37 30 34 38 30 2c 22 70 65 72 63 65 6e 74 22 3a 37 30 7d'
}
Notification received: 7b 22 74 79 70 65 22 3a 22 6f 74 61 22 2c 22 73 74 61 74 75 73 22 3a 22 70 72 6f 67 72 65 73 73 22 2c 22 72 65 63 65 69 76 65 64 22 3a 34 30 31 37 36 30 2c 22 74 6f 74 61 6c 22 3a 35 37 30 34 38 30 2c 22 70 65 72 63 65 6e 74 22 3a 37 30 7d
[Main -> Renderer] ble:characteristicValueChanged: {
  deviceId: '10b41dcd238d',
  serviceUuid: '4fafc201-1fb5-459e-8fcc-c5c9c331914d',
  characteristicUuid: 'beb5483e-36e1-4688-b7f5-ea07361b26c2',
  value: '7b 22 74 79 70 65 22 3a 22 6f 74 61 22 2c 22 73 74 61 74 75 73 22 3a 22 70 72 6f 67 72 65 73 73 22 2c 22 72 65 63 65 69 76 65 64 22 3a 34 30 31 37 36 30 2c 22 74 6f 74 61 6c 22 3a 35 37 30 34 38 30 2c 22 70 65 72 63 65 6e 74 22 3a 37 30 7d'
}
Notification received: 7b 22 74 79 70 65 22 3a 22 6f 74 61 22 2c 22 73 74 61 74 75 73 22 3a 22 70 72 6f 67 72 65 73 73 22 2c 22 72 65 63 65 69 76 65 64 22 3a 34 30 32 33 30 30 2c 22 74 6f 74 61 6c 22 3a 35 37 30 34 38 30 2c 22 70 65 72 63 65 6e 74 22 3a 37 30 7d
[Main -> Renderer] ble:characteristicValueChanged: {
  deviceId: '10b41dcd238d',
  serviceUuid: '4fafc201-1fb5-459e-8fcc-c5c9c331914d',
  characteristicUuid: 'beb5483e-36e1-4688-b7f5-ea07361b26c2',
  value: '7b 22 74 79 70 65 22 3a 22 6f 74 61 22 2c 22 73 74 61 74 75 73 22 3a 22 70 72 6f 67 72 65 73 73 22 2c 22 72 65 63 65 69 76 65 64 22 3a 34 30 32 33 30 30 2c 22 74 6f 74 61 6c 22 3a 35 37 30 34 38 30 2c 22 70 65 72 63 65 6e 74 22 3a 37 30 7d'
}
Notification received: 7b 22 74 79 70 65 22 3a 22 6f 74 61 22 2c 22 73 74 61 74 75 73 22 3a 22 70 72 6f 67 72 65 73 73 22 2c 22 72 65 63 65 69 76 65 64 22 3a 34 30 32 38 34 30 2c 22 74 6f 74 61 6c 22 3a 35 37 30 34 38 30 2c 22 70 65 72 63 65 6e 74 22 3a 37 30 7d
[Main -> Renderer] ble:characteristicValueChanged: {
  deviceId: '10b41dcd238d',
  serviceUuid: '4fafc201-1fb5-459e-8fcc-c5c9c331914d',
  characteristicUuid: 'beb5483e-36e1-4688-b7f5-ea07361b26c2',
  value: '7b 22 74 79 70 65 22 3a 22 6f 74 61 22 2c 22 73 74 61 74 75 73 22 3a 22 70 72 6f 67 72 65 73 73 22 2c 22 72 65 63 65 69 76 65 64 22 3a 34 30 32 38 34 30 2c 22 74 6f 74 61 6c 22 3a 35 37 30 34 38 30 2c 22 70 65 72 63 65 6e 74 22 3a 37 30 7d'
}
Notification received: 7b 22 74 79 70 65 22 3a 22 6f 74 61 22 2c 22 73 74 61 74 75 73 22 3a 22 70 72 6f 67 72 65 73 73 22 2c 22 72 65 63 65 69 76 65 64 22 3a 34 30 33 33 38 30 2c 22 74 6f 74 61 6c 22 3a 35 37 30 34 38 30 2c 22 70 65 72 63 65 6e 74 22 3a 37 30 7d
[Main -> Renderer] ble:characteristicValueChanged: {
  deviceId: '10b41dcd238d',
  serviceUuid: '4fafc201-1fb5-459e-8fcc-c5c9c331914d',
  characteristicUuid: 'beb5483e-36e1-4688-b7f5-ea07361b26c2',
  value: '7b 22 74 79 70 65 22 3a 22 6f 74 61 22 2c 22 73 74 61 74 75 73 22 3a 22 70 72 6f 67 72 65 73 73 22 2c 22 72 65 63 65 69 76 65 64 22 3a 34 30 33 33 38 30 2c 22 74 6f 74 61 6c 22 3a 35 37 30 34 38 30 2c 22 70 65 72 63 65 6e 74 22 3a 37 30 7d'
}
Notification received: 7b 22 74 79 70 65 22 3a 22 6f 74 61 22 2c 22 73 74 61 74 75 73 22 3a 22 70 72 6f 67 72 65 73 73 22 2c 22 72 65 63 65 69 76 65 64 22 3a 34 30 33 39 32 30 2c 22 74 6f 74 61 6c 22 3a 35 37 30 34 38 30 2c 22 70 65 72 63 65 6e 74 22 3a 37 30 7d
[Main -> Renderer] ble:characteristicValueChanged: {
  deviceId: '10b41dcd238d',
  serviceUuid: '4fafc201-1fb5-459e-8fcc-c5c9c331914d',
  characteristicUuid: 'beb5483e-36e1-4688-b7f5-ea07361b26c2',
  value: '7b 22 74 79 70 65 22 3a 22 6f 74 61 22 2c 22 73 74 61 74 75 73 22 3a 22 70 72 6f 67 72 65 73 73 22 2c 22 72 65 63 65 69 76 65 64 22 3a 34 30 33 39 32 30 2c 22 74 6f 74 61 6c 22 3a 35 37 30 34 38 30 2c 22 70 65 72 63 65 6e 74 22 3a 37 30 7d'
}
Notification received: 7b 22 74 79 70 65 22 3a 22 6f 74 61 22 2c 22 73 74 61 74 75 73 22 3a 22 70 72 6f 67 72 65 73 73 22 2c 22 72 65 63 65 69 76 65 64 22 3a 34 30 34 32 38 30 2c 22 74 6f 74 61 6c 22 3a 35 37 30 34 38 30 2c 22 70 65 72 63 65 6e 74 22 3a 37 30 7d
[Main -> Renderer] ble:characteristicValueChanged: {
  deviceId: '10b41dcd238d',
  serviceUuid: '4fafc201-1fb5-459e-8fcc-c5c9c331914d',
  characteristicUuid: 'beb5483e-36e1-4688-b7f5-ea07361b26c2',
  value: '7b 22 74 79 70 65 22 3a 22 6f 74 61 22 2c 22 73 74 61 74 75 73 22 3a 22 70 72 6f 67 72 65 73 73 22 2c 22 72 65 63 65 69 76 65 64 22 3a 34 30 34 32 38 30 2c 22 74 6f 74 61 6c 22 3a 35 37 30 34 38 30 2c 22 70 65 72 63 65 6e 74 22 3a 37 30 7d'
}
Notification received: 7b 22 74 79 70 65 22 3a 22 6f 74 61 22 2c 22 73 74 61 74 75 73 22 3a 22 70 72 6f 67 72 65 73 73 22 2c 22 72 65 63 65 69 76 65 64 22 3a 34 30 34 38 32 30 2c 22 74 6f 74 61 6c 22 3a 35 37 30 34 38 30 2c 22 70 65 72 63 65 6e 74 22 3a 37 30 7d
[Main -> Renderer] ble:characteristicValueChanged: {
  deviceId: '10b41dcd238d',
  serviceUuid: '4fafc201-1fb5-459e-8fcc-c5c9c331914d',
  characteristicUuid: 'beb5483e-36e1-4688-b7f5-ea07361b26c2',
  value: '7b 22 74 79 70 65 22 3a 22 6f 74 61 22 2c 22 73 74 61 74 75 73 22 3a 22 70 72 6f 67 72 65 73 73 22 2c 22 72 65 63 65 69 76 65 64 22 3a 34 30 34 38 32 30 2c 22 74 6f 74 61 6c 22 3a 35 37 30 34 38 30 2c 22 70 65 72 63 65 6e 74 22 3a 37 30 7d'
}
Notification received: 7b 22 74 79 70 65 22 3a 22 6f 74 61 22 2c 22 73 74 61 74 75 73 22 3a 22 70 72 6f 67 72 65 73 73 22 2c 22 72 65 63 65 69 76 65 64 22 3a 34 30 35 33 36 30 2c 22 74 6f 74 61 6c 22 3a 35 37 30 34 38 30 2c 22 70 65 72 63 65 6e 74 22 3a 37 31 7d
[Main -> Renderer] ble:characteristicValueChanged: {
  deviceId: '10b41dcd238d',
  serviceUuid: '4fafc201-1fb5-459e-8fcc-c5c9c331914d',
  characteristicUuid: 'beb5483e-36e1-4688-b7f5-ea07361b26c2',
  value: '7b 22 74 79 70 65 22 3a 22 6f 74 61 22 2c 22 73 74 61 74 75 73 22 3a 22 70 72 6f 67 72 65 73 73 22 2c 22 72 65 63 65 69 76 65 64 22 3a 34 30 35 33 36 30 2c 22 74 6f 74 61 6c 22 3a 35 37 30 34 38 30 2c 22 70 65 72 63 65 6e 74 22 3a 37 31 7d'
}
Notification received: 7b 22 74 79 70 65 22 3a 22 6f 74 61 22 2c 22 73 74 61 74 75 73 22 3a 22 70 72 6f 67 72 65 73 73 22 2c 22 72 65 63 65 69 76 65 64 22 3a 34 30 35 37 32 30 2c 22 74 6f 74 61 6c 22 3a 35 37 30 34 38 30 2c 22 70 65 72 63 65 6e 74 22 3a 37 31 7d
[Main -> Renderer] ble:characteristicValueChanged: {
  deviceId: '10b41dcd238d',
  serviceUuid: '4fafc201-1fb5-459e-8fcc-c5c9c331914d',
  characteristicUuid: 'beb5483e-36e1-4688-b7f5-ea07361b26c2',
  value: '7b 22 74 79 70 65 22 3a 22 6f 74 61 22 2c 22 73 74 61 74 75 73 22 3a 22 70 72 6f 67 72 65 73 73 22 2c 22 72 65 63 65 69 76 65 64 22 3a 34 30 35 37 32 30 2c 22 74 6f 74 61 6c 22 3a 35 37 30 34 38 30 2c 22 70 65 72 63 65 6e 74 22 3a 37 31 7d'
}
Notification received: 7b 22 74 79 70 65 22 3a 22 6f 74 61 22 2c 22 73 74 61 74 75 73 22 3a 22 70 72 6f 67 72 65 73 73 22 2c 22 72 65 63 65 69 76 65 64 22 3a 34 30 36 30 38 30 2c 22 74 6f 74 61 6c 22 3a 35 37 30 34 38 30 2c 22 70 65 72 63 65 6e 74 22 3a 37 31 7d
[Main -> Renderer] ble:characteristicValueChanged: {
  deviceId: '10b41dcd238d',
  serviceUuid: '4fafc201-1fb5-459e-8fcc-c5c9c331914d',
  characteristicUuid: 'beb5483e-36e1-4688-b7f5-ea07361b26c2',
  value: '7b 22 74 79 70 65 22 3a 22 6f 74 61 22 2c 22 73 74 61 74 75 73 22 3a 22 70 72 6f 67 72 65 73 73 22 2c 22 72 65 63 65 69 76 65 64 22 3a 34 30 36 30 38 30 2c 22 74 6f 74 61 6c 22 3a 35 37 30 34 38 30 2c 22 70 65 72 63 65 6e 74 22 3a 37 31 7d'
}
Notification received: 7b 22 74 79 70 65 22 3a 22 6f 74 61 22 2c 22 73 74 61 74 75 73 22 3a 22 70 72 6f 67 72 65 73 73 22 2c 22 72 65 63 65 69 76 65 64 22 3a 34 30 36 34 34 30 2c 22 74 6f 74 61 6c 22 3a 35 37 30 34 38 30 2c 22 70 65 72 63 65 6e 74 22 3a 37 31 7d
[Main -> Renderer] ble:characteristicValueChanged: {
  deviceId: '10b41dcd238d',
  serviceUuid: '4fafc201-1fb5-459e-8fcc-c5c9c331914d',
  characteristicUuid: 'beb5483e-36e1-4688-b7f5-ea07361b26c2',
  value: '7b 22 74 79 70 65 22 3a 22 6f 74 61 22 2c 22 73 74 61 74 75 73 22 3a 22 70 72 6f 67 72 65 73 73 22 2c 22 72 65 63 65 69 76 65 64 22 3a 34 30 36 34 34 30 2c 22 74 6f 74 61 6c 22 3a 35 37 30 34 38 30 2c 22 70 65 72 63 65 6e 74 22 3a 37 31 7d'
}
Notification received: 7b 22 74 79 70 65 22 3a 22 6f 74 61 22 2c 22 73 74 61 74 75 73 22 3a 22 70 72 6f 67 72 65 73 73 22 2c 22 72 65 63 65 69 76 65 64 22 3a 34 30 36 38 30 30 2c 22 74 6f 74 61 6c 22 3a 35 37 30 34 38 30 2c 22 70 65 72 63 65 6e 74 22 3a 37 31 7d
[Main -> Renderer] ble:characteristicValueChanged: {
  deviceId: '10b41dcd238d',
  serviceUuid: '4fafc201-1fb5-459e-8fcc-c5c9c331914d',
  characteristicUuid: 'beb5483e-36e1-4688-b7f5-ea07361b26c2',
  value: '7b 22 74 79 70 65 22 3a 22 6f 74 61 22 2c 22 73 74 61 74 75 73 22 3a 22 70 72 6f 67 72 65 73 73 22 2c 22 72 65 63 65 69 76 65 64 22 3a 34 30 36 38 30 30 2c 22 74 6f 74 61 6c 22 3a 35 37 30 34 38 30 2c 22 70 65 72 63 65 6e 74 22 3a 37 31 7d'
}
Notification received: 7b 22 74 79 70 65 22 3a 22 6f 74 61 22 2c 22 73 74 61 74 75 73 22 3a 22 70 72 6f 67 72 65 73 73 22 2c 22 72 65 63 65 69 76 65 64 22 3a 34 30 37 31 36 30 2c 22 74 6f 74 61 6c 22 3a 35 37 30 34 38 30 2c 22 70 65 72 63 65 6e 74 22 3a 37 31 7d
[Main -> Renderer] ble:characteristicValueChanged: {
  deviceId: '10b41dcd238d',
  serviceUuid: '4fafc201-1fb5-459e-8fcc-c5c9c331914d',
  characteristicUuid: 'beb5483e-36e1-4688-b7f5-ea07361b26c2',
  value: '7b 22 74 79 70 65 22 3a 22 6f 74 61 22 2c 22 73 74 61 74 75 73 22 3a 22 70 72 6f 67 72 65 73 73 22 2c 22 72 65 63 65 69 76 65 64 22 3a 34 30 37 31 36 30 2c 22 74 6f 74 61 6c 22 3a 35 37 30 34 38 30 2c 22 70 65 72 63 65 6e 74 22 3a 37 31 7d'
}
Notification received: 7b 22 74 79 70 65 22 3a 22 6f 74 61 22 2c 22 73 74 61 74 75 73 22 3a 22 70 72 6f 67 72 65 73 73 22 2c 22 72 65 63 65 69 76 65 64 22 3a 34 30 37 37 30 30 2c 22 74 6f 74 61 6c 22 3a 35 37 30 34 38 30 2c 22 70 65 72 63 65 6e 74 22 3a 37 31 7d
[Main -> Renderer] ble:characteristicValueChanged: {
  deviceId: '10b41dcd238d',
  serviceUuid: '4fafc201-1fb5-459e-8fcc-c5c9c331914d',
  characteristicUuid: 'beb5483e-36e1-4688-b7f5-ea07361b26c2',
  value: '7b 22 74 79 70 65 22 3a 22 6f 74 61 22 2c 22 73 74 61 74 75 73 22 3a 22 70 72 6f 67 72 65 73 73 22 2c 22 72 65 63 65 69 76 65 64 22 3a 34 30 37 37 30 30 2c 22 74 6f 74 61 6c 22 3a 35 37 30 34 38 30 2c 22 70 65 72 63 65 6e 74 22 3a 37 31 7d'
}
Notification received: 7b 22 74 79 70 65 22 3a 22 6f 74 61 22 2c 22 73 74 61 74 75 73 22 3a 22 70 72 6f 67 72 65 73 73 22 2c 22 72 65 63 65 69 76 65 64 22 3a 34 30 38 30 36 30 2c 22 74 6f 74 61 6c 22 3a 35 37 30 34 38 30 2c 22 70 65 72 63 65 6e 74 22 3a 37 31 7d
[Main -> Renderer] ble:characteristicValueChanged: {
  deviceId: '10b41dcd238d',
  serviceUuid: '4fafc201-1fb5-459e-8fcc-c5c9c331914d',
  characteristicUuid: 'beb5483e-36e1-4688-b7f5-ea07361b26c2',
  value: '7b 22 74 79 70 65 22 3a 22 6f 74 61 22 2c 22 73 74 61 74 75 73 22 3a 22 70 72 6f 67 72 65 73 73 22 2c 22 72 65 63 65 69 76 65 64 22 3a 34 30 38 30 36 30 2c 22 74 6f 74 61 6c 22 3a 35 37 30 34 38 30 2c 22 70 65 72 63 65 6e 74 22 3a 37 31 7d'
}
Notification received: 7b 22 74 79 70 65 22 3a 22 6f 74 61 22 2c 22 73 74 61 74 75 73 22 3a 22 70 72 6f 67 72 65 73 73 22 2c 22 72 65 63 65 69 76 65 64 22 3a 34 30 38 36 30 30 2c 22 74 6f 74 61 6c 22 3a 35 37 30 34 38 30 2c 22 70 65 72 63 65 6e 74 22 3a 37 31 7d
[Main -> Renderer] ble:characteristicValueChanged: {
  deviceId: '10b41dcd238d',
  serviceUuid: '4fafc201-1fb5-459e-8fcc-c5c9c331914d',
  characteristicUuid: 'beb5483e-36e1-4688-b7f5-ea07361b26c2',
  value: '7b 22 74 79 70 65 22 3a 22 6f 74 61 22 2c 22 73 74 61 74 75 73 22 3a 22 70 72 6f 67 72 65 73 73 22 2c 22 72 65 63 65 69 76 65 64 22 3a 34 30 38 36 30 30 2c 22 74 6f 74 61 6c 22 3a 35 37 30 34 38 30 2c 22 70 65 72 63 65 6e 74 22 3a 37 31 7d'
}
Notification received: 7b 22 74 79 70 65 22 3a 22 6f 74 61 22 2c 22 73 74 61 74 75 73 22 3a 22 70 72 6f 67 72 65 73 73 22 2c 22 72 65 63 65 69 76 65 64 22 3a 34 30 38 39 36 30 2c 22 74 6f 74 61 6c 22 3a 35 37 30 34 38 30 2c 22 70 65 72 63 65 6e 74 22 3a 37 31 7d
[Main -> Renderer] ble:characteristicValueChanged: {
  deviceId: '10b41dcd238d',
  serviceUuid: '4fafc201-1fb5-459e-8fcc-c5c9c331914d',
  characteristicUuid: 'beb5483e-36e1-4688-b7f5-ea07361b26c2',
  value: '7b 22 74 79 70 65 22 3a 22 6f 74 61 22 2c 22 73 74 61 74 75 73 22 3a 22 70 72 6f 67 72 65 73 73 22 2c 22 72 65 63 65 69 76 65 64 22 3a 34 30 38 39 36 30 2c 22 74 6f 74 61 6c 22 3a 35 37 30 34 38 30 2c 22 70 65 72 63 65 6e 74 22 3a 37 31 7d'
}
Notification received: 7b 22 74 79 70 65 22 3a 22 6f 74 61 22 2c 22 73 74 61 74 75 73 22 3a 22 70 72 6f 67 72 65 73 73 22 2c 22 72 65 63 65 69 76 65 64 22 3a 34 30 39 33 32 30 2c 22 74 6f 74 61 6c 22 3a 35 37 30 34 38 30 2c 22 70 65 72 63 65 6e 74 22 3a 37 31 7d
[Main -> Renderer] ble:characteristicValueChanged: {
  deviceId: '10b41dcd238d',
  serviceUuid: '4fafc201-1fb5-459e-8fcc-c5c9c331914d',
  characteristicUuid: 'beb5483e-36e1-4688-b7f5-ea07361b26c2',
  value: '7b 22 74 79 70 65 22 3a 22 6f 74 61 22 2c 22 73 74 61 74 75 73 22 3a 22 70 72 6f 67 72 65 73 73 22 2c 22 72 65 63 65 69 76 65 64 22 3a 34 30 39 33 32 30 2c 22 74 6f 74 61 6c 22 3a 35 37 30 34 38 30 2c 22 70 65 72 63 65 6e 74 22 3a 37 31 7d'
}
Notification received: 7b 22 74 79 70 65 22 3a 22 6f 74 61 22 2c 22 73 74 61 74 75 73 22 3a 22 70 72 6f 67 72 65 73 73 22 2c 22 72 65 63 65 69 76 65 64 22 3a 34 30 39 38 36 30 2c 22 74 6f 74 61 6c 22 3a 35 37 30 34 38 30 2c 22 70 65 72 63 65 6e 74 22 3a 37 31 7d
[Main -> Renderer] ble:characteristicValueChanged: {
  deviceId: '10b41dcd238d',
  serviceUuid: '4fafc201-1fb5-459e-8fcc-c5c9c331914d',
  characteristicUuid: 'beb5483e-36e1-4688-b7f5-ea07361b26c2',
  value: '7b 22 74 79 70 65 22 3a 22 6f 74 61 22 2c 22 73 74 61 74 75 73 22 3a 22 70 72 6f 67 72 65 73 73 22 2c 22 72 65 63 65 69 76 65 64 22 3a 34 30 39 38 36 30 2c 22 74 6f 74 61 6c 22 3a 35 37 30 34 38 30 2c 22 70 65 72 63 65 6e 74 22 3a 37 31 7d'
}
Notification received: 7b 22 74 79 70 65 22 3a 22 6f 74 61 22 2c 22 73 74 61 74 75 73 22 3a 22 70 72 6f 67 72 65 73 73 22 2c 22 72 65 63 65 69 76 65 64 22 3a 34 31 30 34 30 30 2c 22 74 6f 74 61 6c 22 3a 35 37 30 34 38 30 2c 22 70 65 72 63 65 6e 74 22 3a 37 31 7d
[Main -> Renderer] ble:characteristicValueChanged: {
  deviceId: '10b41dcd238d',
  serviceUuid: '4fafc201-1fb5-459e-8fcc-c5c9c331914d',
  characteristicUuid: 'beb5483e-36e1-4688-b7f5-ea07361b26c2',
  value: '7b 22 74 79 70 65 22 3a 22 6f 74 61 22 2c 22 73 74 61 74 75 73 22 3a 22 70 72 6f 67 72 65 73 73 22 2c 22 72 65 63 65 69 76 65 64 22 3a 34 31 30 34 30 30 2c 22 74 6f 74 61 6c 22 3a 35 37 30 34 38 30 2c 22 70 65 72 63 65 6e 74 22 3a 37 31 7d'
}
Notification received: 7b 22 74 79 70 65 22 3a 22 6f 74 61 22 2c 22 73 74 61 74 75 73 22 3a 22 70 72 6f 67 72 65 73 73 22 2c 22 72 65 63 65 69 76 65 64 22 3a 34 31 30 39 34 30 2c 22 74 6f 74 61 6c 22 3a 35 37 30 34 38 30 2c 22 70 65 72 63 65 6e 74 22 3a 37 32 7d
[Main -> Renderer] ble:characteristicValueChanged: {
  deviceId: '10b41dcd238d',
  serviceUuid: '4fafc201-1fb5-459e-8fcc-c5c9c331914d',
  characteristicUuid: 'beb5483e-36e1-4688-b7f5-ea07361b26c2',
  value: '7b 22 74 79 70 65 22 3a 22 6f 74 61 22 2c 22 73 74 61 74 75 73 22 3a 22 70 72 6f 67 72 65 73 73 22 2c 22 72 65 63 65 69 76 65 64 22 3a 34 31 30 39 34 30 2c 22 74 6f 74 61 6c 22 3a 35 37 30 34 38 30 2c 22 70 65 72 63 65 6e 74 22 3a 37 32 7d'
}
Notification received: 7b 22 74 79 70 65 22 3a 22 6f 74 61 22 2c 22 73 74 61 74 75 73 22 3a 22 70 72 6f 67 72 65 73 73 22 2c 22 72 65 63 65 69 76 65 64 22 3a 34 31 31 34 38 30 2c 22 74 6f 74 61 6c 22 3a 35 37 30 34 38 30 2c 22 70 65 72 63 65 6e 74 22 3a 37 32 7d
[Main -> Renderer] ble:characteristicValueChanged: {
  deviceId: '10b41dcd238d',
  serviceUuid: '4fafc201-1fb5-459e-8fcc-c5c9c331914d',
  characteristicUuid: 'beb5483e-36e1-4688-b7f5-ea07361b26c2',
  value: '7b 22 74 79 70 65 22 3a 22 6f 74 61 22 2c 22 73 74 61 74 75 73 22 3a 22 70 72 6f 67 72 65 73 73 22 2c 22 72 65 63 65 69 76 65 64 22 3a 34 31 31 34 38 30 2c 22 74 6f 74 61 6c 22 3a 35 37 30 34 38 30 2c 22 70 65 72 63 65 6e 74 22 3a 37 32 7d'
}
Notification received: 7b 22 74 79 70 65 22 3a 22 6f 74 61 22 2c 22 73 74 61 74 75 73 22 3a 22 70 72 6f 67 72 65 73 73 22 2c 22 72 65 63 65 69 76 65 64 22 3a 34 31 31 38 34 30 2c 22 74 6f 74 61 6c 22 3a 35 37 30 34 38 30 2c 22 70 65 72 63 65 6e 74 22 3a 37 32 7d
[Main -> Renderer] ble:characteristicValueChanged: {
  deviceId: '10b41dcd238d',
  serviceUuid: '4fafc201-1fb5-459e-8fcc-c5c9c331914d',
  characteristicUuid: 'beb5483e-36e1-4688-b7f5-ea07361b26c2',
  value: '7b 22 74 79 70 65 22 3a 22 6f 74 61 22 2c 22 73 74 61 74 75 73 22 3a 22 70 72 6f 67 72 65 73 73 22 2c 22 72 65 63 65 69 76 65 64 22 3a 34 31 31 38 34 30 2c 22 74 6f 74 61 6c 22 3a 35 37 30 34 38 30 2c 22 70 65 72 63 65 6e 74 22 3a 37 32 7d'
}
Notification received: 7b 22 74 79 70 65 22 3a 22 6f 74 61 22 2c 22 73 74 61 74 75 73 22 3a 22 70 72 6f 67 72 65 73 73 22 2c 22 72 65 63 65 69 76 65 64 22 3a 34 31 32 32 30 30 2c 22 74 6f 74 61 6c 22 3a 35 37 30 34 38 30 2c 22 70 65 72 63 65 6e 74 22 3a 37 32 7d
[Main -> Renderer] ble:characteristicValueChanged: {
  deviceId: '10b41dcd238d',
  serviceUuid: '4fafc201-1fb5-459e-8fcc-c5c9c331914d',
  characteristicUuid: 'beb5483e-36e1-4688-b7f5-ea07361b26c2',
  value: '7b 22 74 79 70 65 22 3a 22 6f 74 61 22 2c 22 73 74 61 74 75 73 22 3a 22 70 72 6f 67 72 65 73 73 22 2c 22 72 65 63 65 69 76 65 64 22 3a 34 31 32 32 30 30 2c 22 74 6f 74 61 6c 22 3a 35 37 30 34 38 30 2c 22 70 65 72 63 65 6e 74 22 3a 37 32 7d'
}
Notification received: 7b 22 74 79 70 65 22 3a 22 6f 74 61 22 2c 22 73 74 61 74 75 73 22 3a 22 70 72 6f 67 72 65 73 73 22 2c 22 72 65 63 65 69 76 65 64 22 3a 34 31 32 35 36 30 2c 22 74 6f 74 61 6c 22 3a 35 37 30 34 38 30 2c 22 70 65 72 63 65 6e 74 22 3a 37 32 7d
[Main -> Renderer] ble:characteristicValueChanged: {
  deviceId: '10b41dcd238d',
  serviceUuid: '4fafc201-1fb5-459e-8fcc-c5c9c331914d',
  characteristicUuid: 'beb5483e-36e1-4688-b7f5-ea07361b26c2',
  value: '7b 22 74 79 70 65 22 3a 22 6f 74 61 22 2c 22 73 74 61 74 75 73 22 3a 22 70 72 6f 67 72 65 73 73 22 2c 22 72 65 63 65 69 76 65 64 22 3a 34 31 32 35 36 30 2c 22 74 6f 74 61 6c 22 3a 35 37 30 34 38 30 2c 22 70 65 72 63 65 6e 74 22 3a 37 32 7d'
}
Notification received: 7b 22 74 79 70 65 22 3a 22 6f 74 61 22 2c 22 73 74 61 74 75 73 22 3a 22 70 72 6f 67 72 65 73 73 22 2c 22 72 65 63 65 69 76 65 64 22 3a 34 31 33 31 30 30 2c 22 74 6f 74 61 6c 22 3a 35 37 30 34 38 30 2c 22 70 65 72 63 65 6e 74 22 3a 37 32 7d
[Main -> Renderer] ble:characteristicValueChanged: {
  deviceId: '10b41dcd238d',
  serviceUuid: '4fafc201-1fb5-459e-8fcc-c5c9c331914d',
  characteristicUuid: 'beb5483e-36e1-4688-b7f5-ea07361b26c2',
  value: '7b 22 74 79 70 65 22 3a 22 6f 74 61 22 2c 22 73 74 61 74 75 73 22 3a 22 70 72 6f 67 72 65 73 73 22 2c 22 72 65 63 65 69 76 65 64 22 3a 34 31 33 31 30 30 2c 22 74 6f 74 61 6c 22 3a 35 37 30 34 38 30 2c 22 70 65 72 63 65 6e 74 22 3a 37 32 7d'
}
Notification received: 7b 22 74 79 70 65 22 3a 22 6f 74 61 22 2c 22 73 74 61 74 75 73 22 3a 22 70 72 6f 67 72 65 73 73 22 2c 22 72 65 63 65 69 76 65 64 22 3a 34 31 33 36 34 30 2c 22 74 6f 74 61 6c 22 3a 35 37 30 34 38 30 2c 22 70 65 72 63 65 6e 74 22 3a 37 32 7d
[Main -> Renderer] ble:characteristicValueChanged: {
  deviceId: '10b41dcd238d',
  serviceUuid: '4fafc201-1fb5-459e-8fcc-c5c9c331914d',
  characteristicUuid: 'beb5483e-36e1-4688-b7f5-ea07361b26c2',
  value: '7b 22 74 79 70 65 22 3a 22 6f 74 61 22 2c 22 73 74 61 74 75 73 22 3a 22 70 72 6f 67 72 65 73 73 22 2c 22 72 65 63 65 69 76 65 64 22 3a 34 31 33 36 34 30 2c 22 74 6f 74 61 6c 22 3a 35 37 30 34 38 30 2c 22 70 65 72 63 65 6e 74 22 3a 37 32 7d'
}
Notification received: 7b 22 74 79 70 65 22 3a 22 6f 74 61 22 2c 22 73 74 61 74 75 73 22 3a 22 70 72 6f 67 72 65 73 73 22 2c 22 72 65 63 65 69 76 65 64 22 3a 34 31 34 30 30 30 2c 22 74 6f 74 61 6c 22 3a 35 37 30 34 38 30 2c 22 70 65 72 63 65 6e 74 22 3a 37 32 7d
[Main -> Renderer] ble:characteristicValueChanged: {
  deviceId: '10b41dcd238d',
  serviceUuid: '4fafc201-1fb5-459e-8fcc-c5c9c331914d',
  characteristicUuid: 'beb5483e-36e1-4688-b7f5-ea07361b26c2',
  value: '7b 22 74 79 70 65 22 3a 22 6f 74 61 22 2c 22 73 74 61 74 75 73 22 3a 22 70 72 6f 67 72 65 73 73 22 2c 22 72 65 63 65 69 76 65 64 22 3a 34 31 34 30 30 30 2c 22 74 6f 74 61 6c 22 3a 35 37 30 34 38 30 2c 22 70 65 72 63 65 6e 74 22 3a 37 32 7d'
}
Notification received: 7b 22 74 79 70 65 22 3a 22 6f 74 61 22 2c 22 73 74 61 74 75 73 22 3a 22 70 72 6f 67 72 65 73 73 22 2c 22 72 65 63 65 69 76 65 64 22 3a 34 31 34 33 36 30 2c 22 74 6f 74 61 6c 22 3a 35 37 30 34 38 30 2c 22 70 65 72 63 65 6e 74 22 3a 37 32 7d
[Main -> Renderer] ble:characteristicValueChanged: {
  deviceId: '10b41dcd238d',
  serviceUuid: '4fafc201-1fb5-459e-8fcc-c5c9c331914d',
  characteristicUuid: 'beb5483e-36e1-4688-b7f5-ea07361b26c2',
  value: '7b 22 74 79 70 65 22 3a 22 6f 74 61 22 2c 22 73 74 61 74 75 73 22 3a 22 70 72 6f 67 72 65 73 73 22 2c 22 72 65 63 65 69 76 65 64 22 3a 34 31 34 33 36 30 2c 22 74 6f 74 61 6c 22 3a 35 37 30 34 38 30 2c 22 70 65 72 63 65 6e 74 22 3a 37 32 7d'
}
Notification received: 7b 22 74 79 70 65 22 3a 22 6f 74 61 22 2c 22 73 74 61 74 75 73 22 3a 22 70 72 6f 67 72 65 73 73 22 2c 22 72 65 63 65 69 76 65 64 22 3a 34 31 34 39 30 30 2c 22 74 6f 74 61 6c 22 3a 35 37 30 34 38 30 2c 22 70 65 72 63 65 6e 74 22 3a 37 32 7d
[Main -> Renderer] ble:characteristicValueChanged: {
  deviceId: '10b41dcd238d',
  serviceUuid: '4fafc201-1fb5-459e-8fcc-c5c9c331914d',
  characteristicUuid: 'beb5483e-36e1-4688-b7f5-ea07361b26c2',
  value: '7b 22 74 79 70 65 22 3a 22 6f 74 61 22 2c 22 73 74 61 74 75 73 22 3a 22 70 72 6f 67 72 65 73 73 22 2c 22 72 65 63 65 69 76 65 64 22 3a 34 31 34 39 30 30 2c 22 74 6f 74 61 6c 22 3a 35 37 30 34 38 30 2c 22 70 65 72 63 65 6e 74 22 3a 37 32 7d'
}
Notification received: 7b 22 74 79 70 65 22 3a 22 6f 74 61 22 2c 22 73 74 61 74 75 73 22 3a 22 70 72 6f 67 72 65 73 73 22 2c 22 72 65 63 65 69 76 65 64 22 3a 34 31 35 34 34 30 2c 22 74 6f 74 61 6c 22 3a 35 37 30 34 38 30 2c 22 70 65 72 63 65 6e 74 22 3a 37 32 7d
[Main -> Renderer] ble:characteristicValueChanged: {
  deviceId: '10b41dcd238d',
  serviceUuid: '4fafc201-1fb5-459e-8fcc-c5c9c331914d',
  characteristicUuid: 'beb5483e-36e1-4688-b7f5-ea07361b26c2',
  value: '7b 22 74 79 70 65 22 3a 22 6f 74 61 22 2c 22 73 74 61 74 75 73 22 3a 22 70 72 6f 67 72 65 73 73 22 2c 22 72 65 63 65 69 76 65 64 22 3a 34 31 35 34 34 30 2c 22 74 6f 74 61 6c 22 3a 35 37 30 34 38 30 2c 22 70 65 72 63 65 6e 74 22 3a 37 32 7d'
}
Notification received: 7b 22 74 79 70 65 22 3a 22 6f 74 61 22 2c 22 73 74 61 74 75 73 22 3a 22 70 72 6f 67 72 65 73 73 22 2c 22 72 65 63 65 69 76 65 64 22 3a 34 31 35 38 30 30 2c 22 74 6f 74 61 6c 22 3a 35 37 30 34 38 30 2c 22 70 65 72 63 65 6e 74 22 3a 37 32 7d
[Main -> Renderer] ble:characteristicValueChanged: {
  deviceId: '10b41dcd238d',
  serviceUuid: '4fafc201-1fb5-459e-8fcc-c5c9c331914d',
  characteristicUuid: 'beb5483e-36e1-4688-b7f5-ea07361b26c2',
  value: '7b 22 74 79 70 65 22 3a 22 6f 74 61 22 2c 22 73 74 61 74 75 73 22 3a 22 70 72 6f 67 72 65 73 73 22 2c 22 72 65 63 65 69 76 65 64 22 3a 34 31 35 38 30 30 2c 22 74 6f 74 61 6c 22 3a 35 37 30 34 38 30 2c 22 70 65 72 63 65 6e 74 22 3a 37 32 7d'
}
Notification received: 7b 22 74 79 70 65 22 3a 22 6f 74 61 22 2c 22 73 74 61 74 75 73 22 3a 22 70 72 6f 67 72 65 73 73 22 2c 22 72 65 63 65 69 76 65 64 22 3a 34 31 36 33 34 30 2c 22 74 6f 74 61 6c 22 3a 35 37 30 34 38 30 2c 22 70 65 72 63 65 6e 74 22 3a 37 32 7d
[Main -> Renderer] ble:characteristicValueChanged: {
  deviceId: '10b41dcd238d',
  serviceUuid: '4fafc201-1fb5-459e-8fcc-c5c9c331914d',
  characteristicUuid: 'beb5483e-36e1-4688-b7f5-ea07361b26c2',
  value: '7b 22 74 79 70 65 22 3a 22 6f 74 61 22 2c 22 73 74 61 74 75 73 22 3a 22 70 72 6f 67 72 65 73 73 22 2c 22 72 65 63 65 69 76 65 64 22 3a 34 31 36 33 34 30 2c 22 74 6f 74 61 6c 22 3a 35 37 30 34 38 30 2c 22 70 65 72 63 65 6e 74 22 3a 37 32 7d'
}
Notification received: 7b 22 74 79 70 65 22 3a 22 6f 74 61 22 2c 22 73 74 61 74 75 73 22 3a 22 70 72 6f 67 72 65 73 73 22 2c 22 72 65 63 65 69 76 65 64 22 3a 34 31 36 38 38 30 2c 22 74 6f 74 61 6c 22 3a 35 37 30 34 38 30 2c 22 70 65 72 63 65 6e 74 22 3a 37 33 7d
[Main -> Renderer] ble:characteristicValueChanged: {
  deviceId: '10b41dcd238d',
  serviceUuid: '4fafc201-1fb5-459e-8fcc-c5c9c331914d',
  characteristicUuid: 'beb5483e-36e1-4688-b7f5-ea07361b26c2',
  value: '7b 22 74 79 70 65 22 3a 22 6f 74 61 22 2c 22 73 74 61 74 75 73 22 3a 22 70 72 6f 67 72 65 73 73 22 2c 22 72 65 63 65 69 76 65 64 22 3a 34 31 36 38 38 30 2c 22 74 6f 74 61 6c 22 3a 35 37 30 34 38 30 2c 22 70 65 72 63 65 6e 74 22 3a 37 33 7d'
}
Notification received: 7b 22 74 79 70 65 22 3a 22 6f 74 61 22 2c 22 73 74 61 74 75 73 22 3a 22 70 72 6f 67 72 65 73 73 22 2c 22 72 65 63 65 69 76 65 64 22 3a 34 31 37 34 32 30 2c 22 74 6f 74 61 6c 22 3a 35 37 30 34 38 30 2c 22 70 65 72 63 65 6e 74 22 3a 37 33 7d
[Main -> Renderer] ble:characteristicValueChanged: {
  deviceId: '10b41dcd238d',
  serviceUuid: '4fafc201-1fb5-459e-8fcc-c5c9c331914d',
  characteristicUuid: 'beb5483e-36e1-4688-b7f5-ea07361b26c2',
  value: '7b 22 74 79 70 65 22 3a 22 6f 74 61 22 2c 22 73 74 61 74 75 73 22 3a 22 70 72 6f 67 72 65 73 73 22 2c 22 72 65 63 65 69 76 65 64 22 3a 34 31 37 34 32 30 2c 22 74 6f 74 61 6c 22 3a 35 37 30 34 38 30 2c 22 70 65 72 63 65 6e 74 22 3a 37 33 7d'
}
Notification received: 7b 22 74 79 70 65 22 3a 22 6f 74 61 22 2c 22 73 74 61 74 75 73 22 3a 22 70 72 6f 67 72 65 73 73 22 2c 22 72 65 63 65 69 76 65 64 22 3a 34 31 37 37 38 30 2c 22 74 6f 74 61 6c 22 3a 35 37 30 34 38 30 2c 22 70 65 72 63 65 6e 74 22 3a 37 33 7d
[Main -> Renderer] ble:characteristicValueChanged: {
  deviceId: '10b41dcd238d',
  serviceUuid: '4fafc201-1fb5-459e-8fcc-c5c9c331914d',
  characteristicUuid: 'beb5483e-36e1-4688-b7f5-ea07361b26c2',
  value: '7b 22 74 79 70 65 22 3a 22 6f 74 61 22 2c 22 73 74 61 74 75 73 22 3a 22 70 72 6f 67 72 65 73 73 22 2c 22 72 65 63 65 69 76 65 64 22 3a 34 31 37 37 38 30 2c 22 74 6f 74 61 6c 22 3a 35 37 30 34 38 30 2c 22 70 65 72 63 65 6e 74 22 3a 37 33 7d'
}
Notification received: 7b 22 74 79 70 65 22 3a 22 6f 74 61 22 2c 22 73 74 61 74 75 73 22 3a 22 70 72 6f 67 72 65 73 73 22 2c 22 72 65 63 65 69 76 65 64 22 3a 34 31 38 31 34 30 2c 22 74 6f 74 61 6c 22 3a 35 37 30 34 38 30 2c 22 70 65 72 63 65 6e 74 22 3a 37 33 7d
[Main -> Renderer] ble:characteristicValueChanged: {
  deviceId: '10b41dcd238d',
  serviceUuid: '4fafc201-1fb5-459e-8fcc-c5c9c331914d',
  characteristicUuid: 'beb5483e-36e1-4688-b7f5-ea07361b26c2',
  value: '7b 22 74 79 70 65 22 3a 22 6f 74 61 22 2c 22 73 74 61 74 75 73 22 3a 22 70 72 6f 67 72 65 73 73 22 2c 22 72 65 63 65 69 76 65 64 22 3a 34 31 38 31 34 30 2c 22 74 6f 74 61 6c 22 3a 35 37 30 34 38 30 2c 22 70 65 72 63 65 6e 74 22 3a 37 33 7d'
}
Notification received: 7b 22 74 79 70 65 22 3a 22 6f 74 61 22 2c 22 73 74 61 74 75 73 22 3a 22 70 72 6f 67 72 65 73 73 22 2c 22 72 65 63 65 69 76 65 64 22 3a 34 31 38 36 38 30 2c 22 74 6f 74 61 6c 22 3a 35 37 30 34 38 30 2c 22 70 65 72 63 65 6e 74 22 3a 37 33 7d
[Main -> Renderer] ble:characteristicValueChanged: {
  deviceId: '10b41dcd238d',
  serviceUuid: '4fafc201-1fb5-459e-8fcc-c5c9c331914d',
  characteristicUuid: 'beb5483e-36e1-4688-b7f5-ea07361b26c2',
  value: '7b 22 74 79 70 65 22 3a 22 6f 74 61 22 2c 22 73 74 61 74 75 73 22 3a 22 70 72 6f 67 72 65 73 73 22 2c 22 72 65 63 65 69 76 65 64 22 3a 34 31 38 36 38 30 2c 22 74 6f 74 61 6c 22 3a 35 37 30 34 38 30 2c 22 70 65 72 63 65 6e 74 22 3a 37 33 7d'
}
Notification received: 7b 22 74 79 70 65 22 3a 22 6f 74 61 22 2c 22 73 74 61 74 75 73 22 3a 22 70 72 6f 67 72 65 73 73 22 2c 22 72 65 63 65 69 76 65 64 22 3a 34 31 39 32 32 30 2c 22 74 6f 74 61 6c 22 3a 35 37 30 34 38 30 2c 22 70 65 72 63 65 6e 74 22 3a 37 33 7d
[Main -> Renderer] ble:characteristicValueChanged: {
  deviceId: '10b41dcd238d',
  serviceUuid: '4fafc201-1fb5-459e-8fcc-c5c9c331914d',
  characteristicUuid: 'beb5483e-36e1-4688-b7f5-ea07361b26c2',
  value: '7b 22 74 79 70 65 22 3a 22 6f 74 61 22 2c 22 73 74 61 74 75 73 22 3a 22 70 72 6f 67 72 65 73 73 22 2c 22 72 65 63 65 69 76 65 64 22 3a 34 31 39 32 32 30 2c 22 74 6f 74 61 6c 22 3a 35 37 30 34 38 30 2c 22 70 65 72 63 65 6e 74 22 3a 37 33 7d'
}
Notification received: 7b 22 74 79 70 65 22 3a 22 6f 74 61 22 2c 22 73 74 61 74 75 73 22 3a 22 70 72 6f 67 72 65 73 73 22 2c 22 72 65 63 65 69 76 65 64 22 3a 34 31 39 35 38 30 2c 22 74 6f 74 61 6c 22 3a 35 37 30 34 38 30 2c 22 70 65 72 63 65 6e 74 22 3a 37 33 7d
[Main -> Renderer] ble:characteristicValueChanged: {
  deviceId: '10b41dcd238d',
  serviceUuid: '4fafc201-1fb5-459e-8fcc-c5c9c331914d',
  characteristicUuid: 'beb5483e-36e1-4688-b7f5-ea07361b26c2',
  value: '7b 22 74 79 70 65 22 3a 22 6f 74 61 22 2c 22 73 74 61 74 75 73 22 3a 22 70 72 6f 67 72 65 73 73 22 2c 22 72 65 63 65 69 76 65 64 22 3a 34 31 39 35 38 30 2c 22 74 6f 74 61 6c 22 3a 35 37 30 34 38 30 2c 22 70 65 72 63 65 6e 74 22 3a 37 33 7d'
}
Notification received: 7b 22 74 79 70 65 22 3a 22 6f 74 61 22 2c 22 73 74 61 74 75 73 22 3a 22 70 72 6f 67 72 65 73 73 22 2c 22 72 65 63 65 69 76 65 64 22 3a 34 31 39 39 34 30 2c 22 74 6f 74 61 6c 22 3a 35 37 30 34 38 30 2c 22 70 65 72 63 65 6e 74 22 3a 37 33 7d
[Main -> Renderer] ble:characteristicValueChanged: {
  deviceId: '10b41dcd238d',
  serviceUuid: '4fafc201-1fb5-459e-8fcc-c5c9c331914d',
  characteristicUuid: 'beb5483e-36e1-4688-b7f5-ea07361b26c2',
  value: '7b 22 74 79 70 65 22 3a 22 6f 74 61 22 2c 22 73 74 61 74 75 73 22 3a 22 70 72 6f 67 72 65 73 73 22 2c 22 72 65 63 65 69 76 65 64 22 3a 34 31 39 39 34 30 2c 22 74 6f 74 61 6c 22 3a 35 37 30 34 38 30 2c 22 70 65 72 63 65 6e 74 22 3a 37 33 7d'
}
Notification received: 7b 22 74 79 70 65 22 3a 22 6f 74 61 22 2c 22 73 74 61 74 75 73 22 3a 22 70 72 6f 67 72 65 73 73 22 2c 22 72 65 63 65 69 76 65 64 22 3a 34 32 30 34 38 30 2c 22 74 6f 74 61 6c 22 3a 35 37 30 34 38 30 2c 22 70 65 72 63 65 6e 74 22 3a 37 33 7d
[Main -> Renderer] ble:characteristicValueChanged: {
  deviceId: '10b41dcd238d',
  serviceUuid: '4fafc201-1fb5-459e-8fcc-c5c9c331914d',
  characteristicUuid: 'beb5483e-36e1-4688-b7f5-ea07361b26c2',
  value: '7b 22 74 79 70 65 22 3a 22 6f 74 61 22 2c 22 73 74 61 74 75 73 22 3a 22 70 72 6f 67 72 65 73 73 22 2c 22 72 65 63 65 69 76 65 64 22 3a 34 32 30 34 38 30 2c 22 74 6f 74 61 6c 22 3a 35 37 30 34 38 30 2c 22 70 65 72 63 65 6e 74 22 3a 37 33 7d'
}
Notification received: 7b 22 74 79 70 65 22 3a 22 6f 74 61 22 2c 22 73 74 61 74 75 73 22 3a 22 70 72 6f 67 72 65 73 73 22 2c 22 72 65 63 65 69 76 65 64 22 3a 34 32 30 38 34 30 2c 22 74 6f 74 61 6c 22 3a 35 37 30 34 38 30 2c 22 70 65 72 63 65 6e 74 22 3a 37 33 7d
[Main -> Renderer] ble:characteristicValueChanged: {
  deviceId: '10b41dcd238d',
  serviceUuid: '4fafc201-1fb5-459e-8fcc-c5c9c331914d',
  characteristicUuid: 'beb5483e-36e1-4688-b7f5-ea07361b26c2',
  value: '7b 22 74 79 70 65 22 3a 22 6f 74 61 22 2c 22 73 74 61 74 75 73 22 3a 22 70 72 6f 67 72 65 73 73 22 2c 22 72 65 63 65 69 76 65 64 22 3a 34 32 30 38 34 30 2c 22 74 6f 74 61 6c 22 3a 35 37 30 34 38 30 2c 22 70 65 72 63 65 6e 74 22 3a 37 33 7d'
}
Notification received: 7b 22 74 79 70 65 22 3a 22 6f 74 61 22 2c 22 73 74 61 74 75 73 22 3a 22 70 72 6f 67 72 65 73 73 22 2c 22 72 65 63 65 69 76 65 64 22 3a 34 32 31 33 38 30 2c 22 74 6f 74 61 6c 22 3a 35 37 30 34 38 30 2c 22 70 65 72 63 65 6e 74 22 3a 37 33 7d
[Main -> Renderer] ble:characteristicValueChanged: {
  deviceId: '10b41dcd238d',
  serviceUuid: '4fafc201-1fb5-459e-8fcc-c5c9c331914d',
  characteristicUuid: 'beb5483e-36e1-4688-b7f5-ea07361b26c2',
  value: '7b 22 74 79 70 65 22 3a 22 6f 74 61 22 2c 22 73 74 61 74 75 73 22 3a 22 70 72 6f 67 72 65 73 73 22 2c 22 72 65 63 65 69 76 65 64 22 3a 34 32 31 33 38 30 2c 22 74 6f 74 61 6c 22 3a 35 37 30 34 38 30 2c 22 70 65 72 63 65 6e 74 22 3a 37 33 7d'
}
Notification received: 7b 22 74 79 70 65 22 3a 22 6f 74 61 22 2c 22 73 74 61 74 75 73 22 3a 22 70 72 6f 67 72 65 73 73 22 2c 22 72 65 63 65 69 76 65 64 22 3a 34 32 31 39 32 30 2c 22 74 6f 74 61 6c 22 3a 35 37 30 34 38 30 2c 22 70 65 72 63 65 6e 74 22 3a 37 33 7d
[Main -> Renderer] ble:characteristicValueChanged: {
  deviceId: '10b41dcd238d',
  serviceUuid: '4fafc201-1fb5-459e-8fcc-c5c9c331914d',
  characteristicUuid: 'beb5483e-36e1-4688-b7f5-ea07361b26c2',
  value: '7b 22 74 79 70 65 22 3a 22 6f 74 61 22 2c 22 73 74 61 74 75 73 22 3a 22 70 72 6f 67 72 65 73 73 22 2c 22 72 65 63 65 69 76 65 64 22 3a 34 32 31 39 32 30 2c 22 74 6f 74 61 6c 22 3a 35 37 30 34 38 30 2c 22 70 65 72 63 65 6e 74 22 3a 37 33 7d'
}
Notification received: 7b 22 74 79 70 65 22 3a 22 6f 74 61 22 2c 22 73 74 61 74 75 73 22 3a 22 70 72 6f 67 72 65 73 73 22 2c 22 72 65 63 65 69 76 65 64 22 3a 34 32 32 34 36 30 2c 22 74 6f 74 61 6c 22 3a 35 37 30 34 38 30 2c 22 70 65 72 63 65 6e 74 22 3a 37 34 7d
[Main -> Renderer] ble:characteristicValueChanged: {
  deviceId: '10b41dcd238d',
  serviceUuid: '4fafc201-1fb5-459e-8fcc-c5c9c331914d',
  characteristicUuid: 'beb5483e-36e1-4688-b7f5-ea07361b26c2',
  value: '7b 22 74 79 70 65 22 3a 22 6f 74 61 22 2c 22 73 74 61 74 75 73 22 3a 22 70 72 6f 67 72 65 73 73 22 2c 22 72 65 63 65 69 76 65 64 22 3a 34 32 32 34 36 30 2c 22 74 6f 74 61 6c 22 3a 35 37 30 34 38 30 2c 22 70 65 72 63 65 6e 74 22 3a 37 34 7d'
}
Notification received: 7b 22 74 79 70 65 22 3a 22 6f 74 61 22 2c 22 73 74 61 74 75 73 22 3a 22 70 72 6f 67 72 65 73 73 22 2c 22 72 65 63 65 69 76 65 64 22 3a 34 32 32 38 32 30 2c 22 74 6f 74 61 6c 22 3a 35 37 30 34 38 30 2c 22 70 65 72 63 65 6e 74 22 3a 37 34 7d
[Main -> Renderer] ble:characteristicValueChanged: {
  deviceId: '10b41dcd238d',
  serviceUuid: '4fafc201-1fb5-459e-8fcc-c5c9c331914d',
  characteristicUuid: 'beb5483e-36e1-4688-b7f5-ea07361b26c2',
  value: '7b 22 74 79 70 65 22 3a 22 6f 74 61 22 2c 22 73 74 61 74 75 73 22 3a 22 70 72 6f 67 72 65 73 73 22 2c 22 72 65 63 65 69 76 65 64 22 3a 34 32 32 38 32 30 2c 22 74 6f 74 61 6c 22 3a 35 37 30 34 38 30 2c 22 70 65 72 63 65 6e 74 22 3a 37 34 7d'
}
Notification received: 7b 22 74 79 70 65 22 3a 22 6f 74 61 22 2c 22 73 74 61 74 75 73 22 3a 22 70 72 6f 67 72 65 73 73 22 2c 22 72 65 63 65 69 76 65 64 22 3a 34 32 33 31 38 30 2c 22 74 6f 74 61 6c 22 3a 35 37 30 34 38 30 2c 22 70 65 72 63 65 6e 74 22 3a 37 34 7d
[Main -> Renderer] ble:characteristicValueChanged: {
  deviceId: '10b41dcd238d',
  serviceUuid: '4fafc201-1fb5-459e-8fcc-c5c9c331914d',
  characteristicUuid: 'beb5483e-36e1-4688-b7f5-ea07361b26c2',
  value: '7b 22 74 79 70 65 22 3a 22 6f 74 61 22 2c 22 73 74 61 74 75 73 22 3a 22 70 72 6f 67 72 65 73 73 22 2c 22 72 65 63 65 69 76 65 64 22 3a 34 32 33 31 38 30 2c 22 74 6f 74 61 6c 22 3a 35 37 30 34 38 30 2c 22 70 65 72 63 65 6e 74 22 3a 37 34 7d'
}
Notification received: 7b 22 74 79 70 65 22 3a 22 6f 74 61 22 2c 22 73 74 61 74 75 73 22 3a 22 70 72 6f 67 72 65 73 73 22 2c 22 72 65 63 65 69 76 65 64 22 3a 34 32 33 35 34 30 2c 22 74 6f 74 61 6c 22 3a 35 37 30 34 38 30 2c 22 70 65 72 63 65 6e 74 22 3a 37 34 7d
[Main -> Renderer] ble:characteristicValueChanged: {
  deviceId: '10b41dcd238d',
  serviceUuid: '4fafc201-1fb5-459e-8fcc-c5c9c331914d',
  characteristicUuid: 'beb5483e-36e1-4688-b7f5-ea07361b26c2',
  value: '7b 22 74 79 70 65 22 3a 22 6f 74 61 22 2c 22 73 74 61 74 75 73 22 3a 22 70 72 6f 67 72 65 73 73 22 2c 22 72 65 63 65 69 76 65 64 22 3a 34 32 33 35 34 30 2c 22 74 6f 74 61 6c 22 3a 35 37 30 34 38 30 2c 22 70 65 72 63 65 6e 74 22 3a 37 34 7d'
}
Notification received: 7b 22 74 79 70 65 22 3a 22 6f 74 61 22 2c 22 73 74 61 74 75 73 22 3a 22 70 72 6f 67 72 65 73 73 22 2c 22 72 65 63 65 69 76 65 64 22 3a 34 32 33 39 30 30 2c 22 74 6f 74 61 6c 22 3a 35 37 30 34 38 30 2c 22 70 65 72 63 65 6e 74 22 3a 37 34 7d
[Main -> Renderer] ble:characteristicValueChanged: {
  deviceId: '10b41dcd238d',
  serviceUuid: '4fafc201-1fb5-459e-8fcc-c5c9c331914d',
  characteristicUuid: 'beb5483e-36e1-4688-b7f5-ea07361b26c2',
  value: '7b 22 74 79 70 65 22 3a 22 6f 74 61 22 2c 22 73 74 61 74 75 73 22 3a 22 70 72 6f 67 72 65 73 73 22 2c 22 72 65 63 65 69 76 65 64 22 3a 34 32 33 39 30 30 2c 22 74 6f 74 61 6c 22 3a 35 37 30 34 38 30 2c 22 70 65 72 63 65 6e 74 22 3a 37 34 7d'
}
Notification received: 7b 22 74 79 70 65 22 3a 22 6f 74 61 22 2c 22 73 74 61 74 75 73 22 3a 22 70 72 6f 67 72 65 73 73 22 2c 22 72 65 63 65 69 76 65 64 22 3a 34 32 34 34 34 30 2c 22 74 6f 74 61 6c 22 3a 35 37 30 34 38 30 2c 22 70 65 72 63 65 6e 74 22 3a 37 34 7d
[Main -> Renderer] ble:characteristicValueChanged: {
  deviceId: '10b41dcd238d',
  serviceUuid: '4fafc201-1fb5-459e-8fcc-c5c9c331914d',
  characteristicUuid: 'beb5483e-36e1-4688-b7f5-ea07361b26c2',
  value: '7b 22 74 79 70 65 22 3a 22 6f 74 61 22 2c 22 73 74 61 74 75 73 22 3a 22 70 72 6f 67 72 65 73 73 22 2c 22 72 65 63 65 69 76 65 64 22 3a 34 32 34 34 34 30 2c 22 74 6f 74 61 6c 22 3a 35 37 30 34 38 30 2c 22 70 65 72 63 65 6e 74 22 3a 37 34 7d'
}
Notification received: 7b 22 74 79 70 65 22 3a 22 6f 74 61 22 2c 22 73 74 61 74 75 73 22 3a 22 70 72 6f 67 72 65 73 73 22 2c 22 72 65 63 65 69 76 65 64 22 3a 34 32 34 39 38 30 2c 22 74 6f 74 61 6c 22 3a 35 37 30 34 38 30 2c 22 70 65 72 63 65 6e 74 22 3a 37 34 7d
[Main -> Renderer] ble:characteristicValueChanged: {
  deviceId: '10b41dcd238d',
  serviceUuid: '4fafc201-1fb5-459e-8fcc-c5c9c331914d',
  characteristicUuid: 'beb5483e-36e1-4688-b7f5-ea07361b26c2',
  value: '7b 22 74 79 70 65 22 3a 22 6f 74 61 22 2c 22 73 74 61 74 75 73 22 3a 22 70 72 6f 67 72 65 73 73 22 2c 22 72 65 63 65 69 76 65 64 22 3a 34 32 34 39 38 30 2c 22 74 6f 74 61 6c 22 3a 35 37 30 34 38 30 2c 22 70 65 72 63 65 6e 74 22 3a 37 34 7d'
}
Notification received: 7b 22 74 79 70 65 22 3a 22 6f 74 61 22 2c 22 73 74 61 74 75 73 22 3a 22 70 72 6f 67 72 65 73 73 22 2c 22 72 65 63 65 69 76 65 64 22 3a 34 32 35 33 34 30 2c 22 74 6f 74 61 6c 22 3a 35 37 30 34 38 30 2c 22 70 65 72 63 65 6e 74 22 3a 37 34 7d
[Main -> Renderer] ble:characteristicValueChanged: {
  deviceId: '10b41dcd238d',
  serviceUuid: '4fafc201-1fb5-459e-8fcc-c5c9c331914d',
  characteristicUuid: 'beb5483e-36e1-4688-b7f5-ea07361b26c2',
  value: '7b 22 74 79 70 65 22 3a 22 6f 74 61 22 2c 22 73 74 61 74 75 73 22 3a 22 70 72 6f 67 72 65 73 73 22 2c 22 72 65 63 65 69 76 65 64 22 3a 34 32 35 33 34 30 2c 22 74 6f 74 61 6c 22 3a 35 37 30 34 38 30 2c 22 70 65 72 63 65 6e 74 22 3a 37 34 7d'
}
Notification received: 7b 22 74 79 70 65 22 3a 22 6f 74 61 22 2c 22 73 74 61 74 75 73 22 3a 22 70 72 6f 67 72 65 73 73 22 2c 22 72 65 63 65 69 76 65 64 22 3a 34 32 35 38 38 30 2c 22 74 6f 74 61 6c 22 3a 35 37 30 34 38 30 2c 22 70 65 72 63 65 6e 74 22 3a 37 34 7d
[Main -> Renderer] ble:characteristicValueChanged: {
  deviceId: '10b41dcd238d',
  serviceUuid: '4fafc201-1fb5-459e-8fcc-c5c9c331914d',
  characteristicUuid: 'beb5483e-36e1-4688-b7f5-ea07361b26c2',
  value: '7b 22 74 79 70 65 22 3a 22 6f 74 61 22 2c 22 73 74 61 74 75 73 22 3a 22 70 72 6f 67 72 65 73 73 22 2c 22 72 65 63 65 69 76 65 64 22 3a 34 32 35 38 38 30 2c 22 74 6f 74 61 6c 22 3a 35 37 30 34 38 30 2c 22 70 65 72 63 65 6e 74 22 3a 37 34 7d'
}
Notification received: 7b 22 74 79 70 65 22 3a 22 6f 74 61 22 2c 22 73 74 61 74 75 73 22 3a 22 70 72 6f 67 72 65 73 73 22 2c 22 72 65 63 65 69 76 65 64 22 3a 34 32 36 34 32 30 2c 22 74 6f 74 61 6c 22 3a 35 37 30 34 38 30 2c 22 70 65 72 63 65 6e 74 22 3a 37 34 7d
[Main -> Renderer] ble:characteristicValueChanged: {
  deviceId: '10b41dcd238d',
  serviceUuid: '4fafc201-1fb5-459e-8fcc-c5c9c331914d',
  characteristicUuid: 'beb5483e-36e1-4688-b7f5-ea07361b26c2',
  value: '7b 22 74 79 70 65 22 3a 22 6f 74 61 22 2c 22 73 74 61 74 75 73 22 3a 22 70 72 6f 67 72 65 73 73 22 2c 22 72 65 63 65 69 76 65 64 22 3a 34 32 36 34 32 30 2c 22 74 6f 74 61 6c 22 3a 35 37 30 34 38 30 2c 22 70 65 72 63 65 6e 74 22 3a 37 34 7d'
}
Notification received: 7b 22 74 79 70 65 22 3a 22 6f 74 61 22 2c 22 73 74 61 74 75 73 22 3a 22 70 72 6f 67 72 65 73 73 22 2c 22 72 65 63 65 69 76 65 64 22 3a 34 32 36 39 36 30 2c 22 74 6f 74 61 6c 22 3a 35 37 30 34 38 30 2c 22 70 65 72 63 65 6e 74 22 3a 37 34 7d
[Main -> Renderer] ble:characteristicValueChanged: {
  deviceId: '10b41dcd238d',
  serviceUuid: '4fafc201-1fb5-459e-8fcc-c5c9c331914d',
  characteristicUuid: 'beb5483e-36e1-4688-b7f5-ea07361b26c2',
  value: '7b 22 74 79 70 65 22 3a 22 6f 74 61 22 2c 22 73 74 61 74 75 73 22 3a 22 70 72 6f 67 72 65 73 73 22 2c 22 72 65 63 65 69 76 65 64 22 3a 34 32 36 39 36 30 2c 22 74 6f 74 61 6c 22 3a 35 37 30 34 38 30 2c 22 70 65 72 63 65 6e 74 22 3a 37 34 7d'
}
Notification received: 7b 22 74 79 70 65 22 3a 22 6f 74 61 22 2c 22 73 74 61 74 75 73 22 3a 22 70 72 6f 67 72 65 73 73 22 2c 22 72 65 63 65 69 76 65 64 22 3a 34 32 37 35 30 30 2c 22 74 6f 74 61 6c 22 3a 35 37 30 34 38 30 2c 22 70 65 72 63 65 6e 74 22 3a 37 34 7d
[Main -> Renderer] ble:characteristicValueChanged: {
  deviceId: '10b41dcd238d',
  serviceUuid: '4fafc201-1fb5-459e-8fcc-c5c9c331914d',
  characteristicUuid: 'beb5483e-36e1-4688-b7f5-ea07361b26c2',
  value: '7b 22 74 79 70 65 22 3a 22 6f 74 61 22 2c 22 73 74 61 74 75 73 22 3a 22 70 72 6f 67 72 65 73 73 22 2c 22 72 65 63 65 69 76 65 64 22 3a 34 32 37 35 30 30 2c 22 74 6f 74 61 6c 22 3a 35 37 30 34 38 30 2c 22 70 65 72 63 65 6e 74 22 3a 37 34 7d'
}
Notification received: 7b 22 74 79 70 65 22 3a 22 6f 74 61 22 2c 22 73 74 61 74 75 73 22 3a 22 70 72 6f 67 72 65 73 73 22 2c 22 72 65 63 65 69 76 65 64 22 3a 34 32 38 30 34 30 2c 22 74 6f 74 61 6c 22 3a 35 37 30 34 38 30 2c 22 70 65 72 63 65 6e 74 22 3a 37 35 7d
[Main -> Renderer] ble:characteristicValueChanged: {
  deviceId: '10b41dcd238d',
  serviceUuid: '4fafc201-1fb5-459e-8fcc-c5c9c331914d',
  characteristicUuid: 'beb5483e-36e1-4688-b7f5-ea07361b26c2',
  value: '7b 22 74 79 70 65 22 3a 22 6f 74 61 22 2c 22 73 74 61 74 75 73 22 3a 22 70 72 6f 67 72 65 73 73 22 2c 22 72 65 63 65 69 76 65 64 22 3a 34 32 38 30 34 30 2c 22 74 6f 74 61 6c 22 3a 35 37 30 34 38 30 2c 22 70 65 72 63 65 6e 74 22 3a 37 35 7d'
}
Notification received: 7b 22 74 79 70 65 22 3a 22 6f 74 61 22 2c 22 73 74 61 74 75 73 22 3a 22 70 72 6f 67 72 65 73 73 22 2c 22 72 65 63 65 69 76 65 64 22 3a 34 32 38 34 30 30 2c 22 74 6f 74 61 6c 22 3a 35 37 30 34 38 30 2c 22 70 65 72 63 65 6e 74 22 3a 37 35 7d
[Main -> Renderer] ble:characteristicValueChanged: {
  deviceId: '10b41dcd238d',
  serviceUuid: '4fafc201-1fb5-459e-8fcc-c5c9c331914d',
  characteristicUuid: 'beb5483e-36e1-4688-b7f5-ea07361b26c2',
  value: '7b 22 74 79 70 65 22 3a 22 6f 74 61 22 2c 22 73 74 61 74 75 73 22 3a 22 70 72 6f 67 72 65 73 73 22 2c 22 72 65 63 65 69 76 65 64 22 3a 34 32 38 34 30 30 2c 22 74 6f 74 61 6c 22 3a 35 37 30 34 38 30 2c 22 70 65 72 63 65 6e 74 22 3a 37 35 7d'
}
Notification received: 7b 22 74 79 70 65 22 3a 22 6f 74 61 22 2c 22 73 74 61 74 75 73 22 3a 22 70 72 6f 67 72 65 73 73 22 2c 22 72 65 63 65 69 76 65 64 22 3a 34 32 38 39 34 30 2c 22 74 6f 74 61 6c 22 3a 35 37 30 34 38 30 2c 22 70 65 72 63 65 6e 74 22 3a 37 35 7d
[Main -> Renderer] ble:characteristicValueChanged: {
  deviceId: '10b41dcd238d',
  serviceUuid: '4fafc201-1fb5-459e-8fcc-c5c9c331914d',
  characteristicUuid: 'beb5483e-36e1-4688-b7f5-ea07361b26c2',
  value: '7b 22 74 79 70 65 22 3a 22 6f 74 61 22 2c 22 73 74 61 74 75 73 22 3a 22 70 72 6f 67 72 65 73 73 22 2c 22 72 65 63 65 69 76 65 64 22 3a 34 32 38 39 34 30 2c 22 74 6f 74 61 6c 22 3a 35 37 30 34 38 30 2c 22 70 65 72 63 65 6e 74 22 3a 37 35 7d'
}
Notification received: 7b 22 74 79 70 65 22 3a 22 6f 74 61 22 2c 22 73 74 61 74 75 73 22 3a 22 70 72 6f 67 72 65 73 73 22 2c 22 72 65 63 65 69 76 65 64 22 3a 34 32 39 33 30 30 2c 22 74 6f 74 61 6c 22 3a 35 37 30 34 38 30 2c 22 70 65 72 63 65 6e 74 22 3a 37 35 7d
[Main -> Renderer] ble:characteristicValueChanged: {
  deviceId: '10b41dcd238d',
  serviceUuid: '4fafc201-1fb5-459e-8fcc-c5c9c331914d',
  characteristicUuid: 'beb5483e-36e1-4688-b7f5-ea07361b26c2',
  value: '7b 22 74 79 70 65 22 3a 22 6f 74 61 22 2c 22 73 74 61 74 75 73 22 3a 22 70 72 6f 67 72 65 73 73 22 2c 22 72 65 63 65 69 76 65 64 22 3a 34 32 39 33 30 30 2c 22 74 6f 74 61 6c 22 3a 35 37 30 34 38 30 2c 22 70 65 72 63 65 6e 74 22 3a 37 35 7d'
}
Notification received: 7b 22 74 79 70 65 22 3a 22 6f 74 61 22 2c 22 73 74 61 74 75 73 22 3a 22 70 72 6f 67 72 65 73 73 22 2c 22 72 65 63 65 69 76 65 64 22 3a 34 32 39 38 34 30 2c 22 74 6f 74 61 6c 22 3a 35 37 30 34 38 30 2c 22 70 65 72 63 65 6e 74 22 3a 37 35 7d
[Main -> Renderer] ble:characteristicValueChanged: {
  deviceId: '10b41dcd238d',
  serviceUuid: '4fafc201-1fb5-459e-8fcc-c5c9c331914d',
  characteristicUuid: 'beb5483e-36e1-4688-b7f5-ea07361b26c2',
  value: '7b 22 74 79 70 65 22 3a 22 6f 74 61 22 2c 22 73 74 61 74 75 73 22 3a 22 70 72 6f 67 72 65 73 73 22 2c 22 72 65 63 65 69 76 65 64 22 3a 34 32 39 38 34 30 2c 22 74 6f 74 61 6c 22 3a 35 37 30 34 38 30 2c 22 70 65 72 63 65 6e 74 22 3a 37 35 7d'
}
Notification received: 7b 22 74 79 70 65 22 3a 22 6f 74 61 22 2c 22 73 74 61 74 75 73 22 3a 22 70 72 6f 67 72 65 73 73 22 2c 22 72 65 63 65 69 76 65 64 22 3a 34 33 30 32 30 30 2c 22 74 6f 74 61 6c 22 3a 35 37 30 34 38 30 2c 22 70 65 72 63 65 6e 74 22 3a 37 35 7d
[Main -> Renderer] ble:characteristicValueChanged: {
  deviceId: '10b41dcd238d',
  serviceUuid: '4fafc201-1fb5-459e-8fcc-c5c9c331914d',
  characteristicUuid: 'beb5483e-36e1-4688-b7f5-ea07361b26c2',
  value: '7b 22 74 79 70 65 22 3a 22 6f 74 61 22 2c 22 73 74 61 74 75 73 22 3a 22 70 72 6f 67 72 65 73 73 22 2c 22 72 65 63 65 69 76 65 64 22 3a 34 33 30 32 30 30 2c 22 74 6f 74 61 6c 22 3a 35 37 30 34 38 30 2c 22 70 65 72 63 65 6e 74 22 3a 37 35 7d'
}
Notification received: 7b 22 74 79 70 65 22 3a 22 6f 74 61 22 2c 22 73 74 61 74 75 73 22 3a 22 70 72 6f 67 72 65 73 73 22 2c 22 72 65 63 65 69 76 65 64 22 3a 34 33 30 35 36 30 2c 22 74 6f 74 61 6c 22 3a 35 37 30 34 38 30 2c 22 70 65 72 63 65 6e 74 22 3a 37 35 7d
[Main -> Renderer] ble:characteristicValueChanged: {
  deviceId: '10b41dcd238d',
  serviceUuid: '4fafc201-1fb5-459e-8fcc-c5c9c331914d',
  characteristicUuid: 'beb5483e-36e1-4688-b7f5-ea07361b26c2',
  value: '7b 22 74 79 70 65 22 3a 22 6f 74 61 22 2c 22 73 74 61 74 75 73 22 3a 22 70 72 6f 67 72 65 73 73 22 2c 22 72 65 63 65 69 76 65 64 22 3a 34 33 30 35 36 30 2c 22 74 6f 74 61 6c 22 3a 35 37 30 34 38 30 2c 22 70 65 72 63 65 6e 74 22 3a 37 35 7d'
}
Notification received: 7b 22 74 79 70 65 22 3a 22 6f 74 61 22 2c 22 73 74 61 74 75 73 22 3a 22 70 72 6f 67 72 65 73 73 22 2c 22 72 65 63 65 69 76 65 64 22 3a 34 33 30 39 32 30 2c 22 74 6f 74 61 6c 22 3a 35 37 30 34 38 30 2c 22 70 65 72 63 65 6e 74 22 3a 37 35 7d
[Main -> Renderer] ble:characteristicValueChanged: {
  deviceId: '10b41dcd238d',
  serviceUuid: '4fafc201-1fb5-459e-8fcc-c5c9c331914d',
  characteristicUuid: 'beb5483e-36e1-4688-b7f5-ea07361b26c2',
  value: '7b 22 74 79 70 65 22 3a 22 6f 74 61 22 2c 22 73 74 61 74 75 73 22 3a 22 70 72 6f 67 72 65 73 73 22 2c 22 72 65 63 65 69 76 65 64 22 3a 34 33 30 39 32 30 2c 22 74 6f 74 61 6c 22 3a 35 37 30 34 38 30 2c 22 70 65 72 63 65 6e 74 22 3a 37 35 7d'
}
Notification received: 7b 22 74 79 70 65 22 3a 22 6f 74 61 22 2c 22 73 74 61 74 75 73 22 3a 22 70 72 6f 67 72 65 73 73 22 2c 22 72 65 63 65 69 76 65 64 22 3a 34 33 31 34 36 30 2c 22 74 6f 74 61 6c 22 3a 35 37 30 34 38 30 2c 22 70 65 72 63 65 6e 74 22 3a 37 35 7d
[Main -> Renderer] ble:characteristicValueChanged: {
  deviceId: '10b41dcd238d',
  serviceUuid: '4fafc201-1fb5-459e-8fcc-c5c9c331914d',
  characteristicUuid: 'beb5483e-36e1-4688-b7f5-ea07361b26c2',
  value: '7b 22 74 79 70 65 22 3a 22 6f 74 61 22 2c 22 73 74 61 74 75 73 22 3a 22 70 72 6f 67 72 65 73 73 22 2c 22 72 65 63 65 69 76 65 64 22 3a 34 33 31 34 36 30 2c 22 74 6f 74 61 6c 22 3a 35 37 30 34 38 30 2c 22 70 65 72 63 65 6e 74 22 3a 37 35 7d'
}
Notification received: 7b 22 74 79 70 65 22 3a 22 6f 74 61 22 2c 22 73 74 61 74 75 73 22 3a 22 70 72 6f 67 72 65 73 73 22 2c 22 72 65 63 65 69 76 65 64 22 3a 34 33 32 30 30 30 2c 22 74 6f 74 61 6c 22 3a 35 37 30 34 38 30 2c 22 70 65 72 63 65 6e 74 22 3a 37 35 7d
[Main -> Renderer] ble:characteristicValueChanged: {
  deviceId: '10b41dcd238d',
  serviceUuid: '4fafc201-1fb5-459e-8fcc-c5c9c331914d',
  characteristicUuid: 'beb5483e-36e1-4688-b7f5-ea07361b26c2',
  value: '7b 22 74 79 70 65 22 3a 22 6f 74 61 22 2c 22 73 74 61 74 75 73 22 3a 22 70 72 6f 67 72 65 73 73 22 2c 22 72 65 63 65 69 76 65 64 22 3a 34 33 32 30 30 30 2c 22 74 6f 74 61 6c 22 3a 35 37 30 34 38 30 2c 22 70 65 72 63 65 6e 74 22 3a 37 35 7d'
}
Notification received: 7b 22 74 79 70 65 22 3a 22 6f 74 61 22 2c 22 73 74 61 74 75 73 22 3a 22 70 72 6f 67 72 65 73 73 22 2c 22 72 65 63 65 69 76 65 64 22 3a 34 33 32 35 34 30 2c 22 74 6f 74 61 6c 22 3a 35 37 30 34 38 30 2c 22 70 65 72 63 65 6e 74 22 3a 37 35 7d
[Main -> Renderer] ble:characteristicValueChanged: {
  deviceId: '10b41dcd238d',
  serviceUuid: '4fafc201-1fb5-459e-8fcc-c5c9c331914d',
  characteristicUuid: 'beb5483e-36e1-4688-b7f5-ea07361b26c2',
  value: '7b 22 74 79 70 65 22 3a 22 6f 74 61 22 2c 22 73 74 61 74 75 73 22 3a 22 70 72 6f 67 72 65 73 73 22 2c 22 72 65 63 65 69 76 65 64 22 3a 34 33 32 35 34 30 2c 22 74 6f 74 61 6c 22 3a 35 37 30 34 38 30 2c 22 70 65 72 63 65 6e 74 22 3a 37 35 7d'
}
Notification received: 7b 22 74 79 70 65 22 3a 22 6f 74 61 22 2c 22 73 74 61 74 75 73 22 3a 22 70 72 6f 67 72 65 73 73 22 2c 22 72 65 63 65 69 76 65 64 22 3a 34 33 32 39 30 30 2c 22 74 6f 74 61 6c 22 3a 35 37 30 34 38 30 2c 22 70 65 72 63 65 6e 74 22 3a 37 35 7d
[Main -> Renderer] ble:characteristicValueChanged: {
  deviceId: '10b41dcd238d',
  serviceUuid: '4fafc201-1fb5-459e-8fcc-c5c9c331914d',
  characteristicUuid: 'beb5483e-36e1-4688-b7f5-ea07361b26c2',
  value: '7b 22 74 79 70 65 22 3a 22 6f 74 61 22 2c 22 73 74 61 74 75 73 22 3a 22 70 72 6f 67 72 65 73 73 22 2c 22 72 65 63 65 69 76 65 64 22 3a 34 33 32 39 30 30 2c 22 74 6f 74 61 6c 22 3a 35 37 30 34 38 30 2c 22 70 65 72 63 65 6e 74 22 3a 37 35 7d'
}
Notification received: 7b 22 74 79 70 65 22 3a 22 6f 74 61 22 2c 22 73 74 61 74 75 73 22 3a 22 70 72 6f 67 72 65 73 73 22 2c 22 72 65 63 65 69 76 65 64 22 3a 34 33 33 32 36 30 2c 22 74 6f 74 61 6c 22 3a 35 37 30 34 38 30 2c 22 70 65 72 63 65 6e 74 22 3a 37 35 7d
[Main -> Renderer] ble:characteristicValueChanged: {
  deviceId: '10b41dcd238d',
  serviceUuid: '4fafc201-1fb5-459e-8fcc-c5c9c331914d',
  characteristicUuid: 'beb5483e-36e1-4688-b7f5-ea07361b26c2',
  value: '7b 22 74 79 70 65 22 3a 22 6f 74 61 22 2c 22 73 74 61 74 75 73 22 3a 22 70 72 6f 67 72 65 73 73 22 2c 22 72 65 63 65 69 76 65 64 22 3a 34 33 33 32 36 30 2c 22 74 6f 74 61 6c 22 3a 35 37 30 34 38 30 2c 22 70 65 72 63 65 6e 74 22 3a 37 35 7d'
}
Notification received: 7b 22 74 79 70 65 22 3a 22 6f 74 61 22 2c 22 73 74 61 74 75 73 22 3a 22 70 72 6f 67 72 65 73 73 22 2c 22 72 65 63 65 69 76 65 64 22 3a 34 33 33 36 32 30 2c 22 74 6f 74 61 6c 22 3a 35 37 30 34 38 30 2c 22 70 65 72 63 65 6e 74 22 3a 37 36 7d
[Main -> Renderer] ble:characteristicValueChanged: {
  deviceId: '10b41dcd238d',
  serviceUuid: '4fafc201-1fb5-459e-8fcc-c5c9c331914d',
  characteristicUuid: 'beb5483e-36e1-4688-b7f5-ea07361b26c2',
  value: '7b 22 74 79 70 65 22 3a 22 6f 74 61 22 2c 22 73 74 61 74 75 73 22 3a 22 70 72 6f 67 72 65 73 73 22 2c 22 72 65 63 65 69 76 65 64 22 3a 34 33 33 36 32 30 2c 22 74 6f 74 61 6c 22 3a 35 37 30 34 38 30 2c 22 70 65 72 63 65 6e 74 22 3a 37 36 7d'
}
Notification received: 7b 22 74 79 70 65 22 3a 22 6f 74 61 22 2c 22 73 74 61 74 75 73 22 3a 22 70 72 6f 67 72 65 73 73 22 2c 22 72 65 63 65 69 76 65 64 22 3a 34 33 33 39 38 30 2c 22 74 6f 74 61 6c 22 3a 35 37 30 34 38 30 2c 22 70 65 72 63 65 6e 74 22 3a 37 36 7d
[Main -> Renderer] ble:characteristicValueChanged: {
  deviceId: '10b41dcd238d',
  serviceUuid: '4fafc201-1fb5-459e-8fcc-c5c9c331914d',
  characteristicUuid: 'beb5483e-36e1-4688-b7f5-ea07361b26c2',
  value: '7b 22 74 79 70 65 22 3a 22 6f 74 61 22 2c 22 73 74 61 74 75 73 22 3a 22 70 72 6f 67 72 65 73 73 22 2c 22 72 65 63 65 69 76 65 64 22 3a 34 33 33 39 38 30 2c 22 74 6f 74 61 6c 22 3a 35 37 30 34 38 30 2c 22 70 65 72 63 65 6e 74 22 3a 37 36 7d'
}
Notification received: 7b 22 74 79 70 65 22 3a 22 6f 74 61 22 2c 22 73 74 61 74 75 73 22 3a 22 70 72 6f 67 72 65 73 73 22 2c 22 72 65 63 65 69 76 65 64 22 3a 34 33 34 33 34 30 2c 22 74 6f 74 61 6c 22 3a 35 37 30 34 38 30 2c 22 70 65 72 63 65 6e 74 22 3a 37 36 7d
[Main -> Renderer] ble:characteristicValueChanged: {
  deviceId: '10b41dcd238d',
  serviceUuid: '4fafc201-1fb5-459e-8fcc-c5c9c331914d',
  characteristicUuid: 'beb5483e-36e1-4688-b7f5-ea07361b26c2',
  value: '7b 22 74 79 70 65 22 3a 22 6f 74 61 22 2c 22 73 74 61 74 75 73 22 3a 22 70 72 6f 67 72 65 73 73 22 2c 22 72 65 63 65 69 76 65 64 22 3a 34 33 34 33 34 30 2c 22 74 6f 74 61 6c 22 3a 35 37 30 34 38 30 2c 22 70 65 72 63 65 6e 74 22 3a 37 36 7d'
}
Notification received: 7b 22 74 79 70 65 22 3a 22 6f 74 61 22 2c 22 73 74 61 74 75 73 22 3a 22 70 72 6f 67 72 65 73 73 22 2c 22 72 65 63 65 69 76 65 64 22 3a 34 33 34 37 30 30 2c 22 74 6f 74 61 6c 22 3a 35 37 30 34 38 30 2c 22 70 65 72 63 65 6e 74 22 3a 37 36 7d
[Main -> Renderer] ble:characteristicValueChanged: {
  deviceId: '10b41dcd238d',
  serviceUuid: '4fafc201-1fb5-459e-8fcc-c5c9c331914d',
  characteristicUuid: 'beb5483e-36e1-4688-b7f5-ea07361b26c2',
  value: '7b 22 74 79 70 65 22 3a 22 6f 74 61 22 2c 22 73 74 61 74 75 73 22 3a 22 70 72 6f 67 72 65 73 73 22 2c 22 72 65 63 65 69 76 65 64 22 3a 34 33 34 37 30 30 2c 22 74 6f 74 61 6c 22 3a 35 37 30 34 38 30 2c 22 70 65 72 63 65 6e 74 22 3a 37 36 7d'
}
Notification received: 7b 22 74 79 70 65 22 3a 22 6f 74 61 22 2c 22 73 74 61 74 75 73 22 3a 22 70 72 6f 67 72 65 73 73 22 2c 22 72 65 63 65 69 76 65 64 22 3a 34 33 35 32 34 30 2c 22 74 6f 74 61 6c 22 3a 35 37 30 34 38 30 2c 22 70 65 72 63 65 6e 74 22 3a 37 36 7d
[Main -> Renderer] ble:characteristicValueChanged: {
  deviceId: '10b41dcd238d',
  serviceUuid: '4fafc201-1fb5-459e-8fcc-c5c9c331914d',
  characteristicUuid: 'beb5483e-36e1-4688-b7f5-ea07361b26c2',
  value: '7b 22 74 79 70 65 22 3a 22 6f 74 61 22 2c 22 73 74 61 74 75 73 22 3a 22 70 72 6f 67 72 65 73 73 22 2c 22 72 65 63 65 69 76 65 64 22 3a 34 33 35 32 34 30 2c 22 74 6f 74 61 6c 22 3a 35 37 30 34 38 30 2c 22 70 65 72 63 65 6e 74 22 3a 37 36 7d'
}
Notification received: 7b 22 74 79 70 65 22 3a 22 6f 74 61 22 2c 22 73 74 61 74 75 73 22 3a 22 70 72 6f 67 72 65 73 73 22 2c 22 72 65 63 65 69 76 65 64 22 3a 34 33 35 36 30 30 2c 22 74 6f 74 61 6c 22 3a 35 37 30 34 38 30 2c 22 70 65 72 63 65 6e 74 22 3a 37 36 7d
[Main -> Renderer] ble:characteristicValueChanged: {
  deviceId: '10b41dcd238d',
  serviceUuid: '4fafc201-1fb5-459e-8fcc-c5c9c331914d',
  characteristicUuid: 'beb5483e-36e1-4688-b7f5-ea07361b26c2',
  value: '7b 22 74 79 70 65 22 3a 22 6f 74 61 22 2c 22 73 74 61 74 75 73 22 3a 22 70 72 6f 67 72 65 73 73 22 2c 22 72 65 63 65 69 76 65 64 22 3a 34 33 35 36 30 30 2c 22 74 6f 74 61 6c 22 3a 35 37 30 34 38 30 2c 22 70 65 72 63 65 6e 74 22 3a 37 36 7d'
}
Notification received: 7b 22 74 79 70 65 22 3a 22 6f 74 61 22 2c 22 73 74 61 74 75 73 22 3a 22 70 72 6f 67 72 65 73 73 22 2c 22 72 65 63 65 69 76 65 64 22 3a 34 33 36 31 34 30 2c 22 74 6f 74 61 6c 22 3a 35 37 30 34 38 30 2c 22 70 65 72 63 65 6e 74 22 3a 37 36 7d
[Main -> Renderer] ble:characteristicValueChanged: {
  deviceId: '10b41dcd238d',
  serviceUuid: '4fafc201-1fb5-459e-8fcc-c5c9c331914d',
  characteristicUuid: 'beb5483e-36e1-4688-b7f5-ea07361b26c2',
  value: '7b 22 74 79 70 65 22 3a 22 6f 74 61 22 2c 22 73 74 61 74 75 73 22 3a 22 70 72 6f 67 72 65 73 73 22 2c 22 72 65 63 65 69 76 65 64 22 3a 34 33 36 31 34 30 2c 22 74 6f 74 61 6c 22 3a 35 37 30 34 38 30 2c 22 70 65 72 63 65 6e 74 22 3a 37 36 7d'
}
Notification received: 7b 22 74 79 70 65 22 3a 22 6f 74 61 22 2c 22 73 74 61 74 75 73 22 3a 22 70 72 6f 67 72 65 73 73 22 2c 22 72 65 63 65 69 76 65 64 22 3a 34 33 36 36 38 30 2c 22 74 6f 74 61 6c 22 3a 35 37 30 34 38 30 2c 22 70 65 72 63 65 6e 74 22 3a 37 36 7d
[Main -> Renderer] ble:characteristicValueChanged: {
  deviceId: '10b41dcd238d',
  serviceUuid: '4fafc201-1fb5-459e-8fcc-c5c9c331914d',
  characteristicUuid: 'beb5483e-36e1-4688-b7f5-ea07361b26c2',
  value: '7b 22 74 79 70 65 22 3a 22 6f 74 61 22 2c 22 73 74 61 74 75 73 22 3a 22 70 72 6f 67 72 65 73 73 22 2c 22 72 65 63 65 69 76 65 64 22 3a 34 33 36 36 38 30 2c 22 74 6f 74 61 6c 22 3a 35 37 30 34 38 30 2c 22 70 65 72 63 65 6e 74 22 3a 37 36 7d'
}
Notification received: 7b 22 74 79 70 65 22 3a 22 6f 74 61 22 2c 22 73 74 61 74 75 73 22 3a 22 70 72 6f 67 72 65 73 73 22 2c 22 72 65 63 65 69 76 65 64 22 3a 34 33 37 32 32 30 2c 22 74 6f 74 61 6c 22 3a 35 37 30 34 38 30 2c 22 70 65 72 63 65 6e 74 22 3a 37 36 7d
[Main -> Renderer] ble:characteristicValueChanged: {
  deviceId: '10b41dcd238d',
  serviceUuid: '4fafc201-1fb5-459e-8fcc-c5c9c331914d',
  characteristicUuid: 'beb5483e-36e1-4688-b7f5-ea07361b26c2',
  value: '7b 22 74 79 70 65 22 3a 22 6f 74 61 22 2c 22 73 74 61 74 75 73 22 3a 22 70 72 6f 67 72 65 73 73 22 2c 22 72 65 63 65 69 76 65 64 22 3a 34 33 37 32 32 30 2c 22 74 6f 74 61 6c 22 3a 35 37 30 34 38 30 2c 22 70 65 72 63 65 6e 74 22 3a 37 36 7d'
}
Notification received: 7b 22 74 79 70 65 22 3a 22 6f 74 61 22 2c 22 73 74 61 74 75 73 22 3a 22 70 72 6f 67 72 65 73 73 22 2c 22 72 65 63 65 69 76 65 64 22 3a 34 33 37 37 36 30 2c 22 74 6f 74 61 6c 22 3a 35 37 30 34 38 30 2c 22 70 65 72 63 65 6e 74 22 3a 37 36 7d
[Main -> Renderer] ble:characteristicValueChanged: {
  deviceId: '10b41dcd238d',
  serviceUuid: '4fafc201-1fb5-459e-8fcc-c5c9c331914d',
  characteristicUuid: 'beb5483e-36e1-4688-b7f5-ea07361b26c2',
  value: '7b 22 74 79 70 65 22 3a 22 6f 74 61 22 2c 22 73 74 61 74 75 73 22 3a 22 70 72 6f 67 72 65 73 73 22 2c 22 72 65 63 65 69 76 65 64 22 3a 34 33 37 37 36 30 2c 22 74 6f 74 61 6c 22 3a 35 37 30 34 38 30 2c 22 70 65 72 63 65 6e 74 22 3a 37 36 7d'
}
Notification received: 7b 22 74 79 70 65 22 3a 22 6f 74 61 22 2c 22 73 74 61 74 75 73 22 3a 22 70 72 6f 67 72 65 73 73 22 2c 22 72 65 63 65 69 76 65 64 22 3a 34 33 38 33 30 30 2c 22 74 6f 74 61 6c 22 3a 35 37 30 34 38 30 2c 22 70 65 72 63 65 6e 74 22 3a 37 36 7d
[Main -> Renderer] ble:characteristicValueChanged: {
  deviceId: '10b41dcd238d',
  serviceUuid: '4fafc201-1fb5-459e-8fcc-c5c9c331914d',
  characteristicUuid: 'beb5483e-36e1-4688-b7f5-ea07361b26c2',
  value: '7b 22 74 79 70 65 22 3a 22 6f 74 61 22 2c 22 73 74 61 74 75 73 22 3a 22 70 72 6f 67 72 65 73 73 22 2c 22 72 65 63 65 69 76 65 64 22 3a 34 33 38 33 30 30 2c 22 74 6f 74 61 6c 22 3a 35 37 30 34 38 30 2c 22 70 65 72 63 65 6e 74 22 3a 37 36 7d'
}
Notification received: 7b 22 74 79 70 65 22 3a 22 6f 74 61 22 2c 22 73 74 61 74 75 73 22 3a 22 70 72 6f 67 72 65 73 73 22 2c 22 72 65 63 65 69 76 65 64 22 3a 34 33 38 38 34 30 2c 22 74 6f 74 61 6c 22 3a 35 37 30 34 38 30 2c 22 70 65 72 63 65 6e 74 22 3a 37 36 7d
[Main -> Renderer] ble:characteristicValueChanged: {
  deviceId: '10b41dcd238d',
  serviceUuid: '4fafc201-1fb5-459e-8fcc-c5c9c331914d',
  characteristicUuid: 'beb5483e-36e1-4688-b7f5-ea07361b26c2',
  value: '7b 22 74 79 70 65 22 3a 22 6f 74 61 22 2c 22 73 74 61 74 75 73 22 3a 22 70 72 6f 67 72 65 73 73 22 2c 22 72 65 63 65 69 76 65 64 22 3a 34 33 38 38 34 30 2c 22 74 6f 74 61 6c 22 3a 35 37 30 34 38 30 2c 22 70 65 72 63 65 6e 74 22 3a 37 36 7d'
}
Notification received: 7b 22 74 79 70 65 22 3a 22 6f 74 61 22 2c 22 73 74 61 74 75 73 22 3a 22 70 72 6f 67 72 65 73 73 22 2c 22 72 65 63 65 69 76 65 64 22 3a 34 33 39 33 38 30 2c 22 74 6f 74 61 6c 22 3a 35 37 30 34 38 30 2c 22 70 65 72 63 65 6e 74 22 3a 37 37 7d
[Main -> Renderer] ble:characteristicValueChanged: {
  deviceId: '10b41dcd238d',
  serviceUuid: '4fafc201-1fb5-459e-8fcc-c5c9c331914d',
  characteristicUuid: 'beb5483e-36e1-4688-b7f5-ea07361b26c2',
  value: '7b 22 74 79 70 65 22 3a 22 6f 74 61 22 2c 22 73 74 61 74 75 73 22 3a 22 70 72 6f 67 72 65 73 73 22 2c 22 72 65 63 65 69 76 65 64 22 3a 34 33 39 33 38 30 2c 22 74 6f 74 61 6c 22 3a 35 37 30 34 38 30 2c 22 70 65 72 63 65 6e 74 22 3a 37 37 7d'
}
Notification received: 7b 22 74 79 70 65 22 3a 22 6f 74 61 22 2c 22 73 74 61 74 75 73 22 3a 22 70 72 6f 67 72 65 73 73 22 2c 22 72 65 63 65 69 76 65 64 22 3a 34 33 39 37 34 30 2c 22 74 6f 74 61 6c 22 3a 35 37 30 34 38 30 2c 22 70 65 72 63 65 6e 74 22 3a 37 37 7d
[Main -> Renderer] ble:characteristicValueChanged: {
  deviceId: '10b41dcd238d',
  serviceUuid: '4fafc201-1fb5-459e-8fcc-c5c9c331914d',
  characteristicUuid: 'beb5483e-36e1-4688-b7f5-ea07361b26c2',
  value: '7b 22 74 79 70 65 22 3a 22 6f 74 61 22 2c 22 73 74 61 74 75 73 22 3a 22 70 72 6f 67 72 65 73 73 22 2c 22 72 65 63 65 69 76 65 64 22 3a 34 33 39 37 34 30 2c 22 74 6f 74 61 6c 22 3a 35 37 30 34 38 30 2c 22 70 65 72 63 65 6e 74 22 3a 37 37 7d'
}
Notification received: 7b 22 74 79 70 65 22 3a 22 6f 74 61 22 2c 22 73 74 61 74 75 73 22 3a 22 70 72 6f 67 72 65 73 73 22 2c 22 72 65 63 65 69 76 65 64 22 3a 34 34 30 32 38 30 2c 22 74 6f 74 61 6c 22 3a 35 37 30 34 38 30 2c 22 70 65 72 63 65 6e 74 22 3a 37 37 7d
[Main -> Renderer] ble:characteristicValueChanged: {
  deviceId: '10b41dcd238d',
  serviceUuid: '4fafc201-1fb5-459e-8fcc-c5c9c331914d',
  characteristicUuid: 'beb5483e-36e1-4688-b7f5-ea07361b26c2',
  value: '7b 22 74 79 70 65 22 3a 22 6f 74 61 22 2c 22 73 74 61 74 75 73 22 3a 22 70 72 6f 67 72 65 73 73 22 2c 22 72 65 63 65 69 76 65 64 22 3a 34 34 30 32 38 30 2c 22 74 6f 74 61 6c 22 3a 35 37 30 34 38 30 2c 22 70 65 72 63 65 6e 74 22 3a 37 37 7d'
}
Notification received: 7b 22 74 79 70 65 22 3a 22 6f 74 61 22 2c 22 73 74 61 74 75 73 22 3a 22 70 72 6f 67 72 65 73 73 22 2c 22 72 65 63 65 69 76 65 64 22 3a 34 34 30 38 32 30 2c 22 74 6f 74 61 6c 22 3a 35 37 30 34 38 30 2c 22 70 65 72 63 65 6e 74 22 3a 37 37 7d
[Main -> Renderer] ble:characteristicValueChanged: {
  deviceId: '10b41dcd238d',
  serviceUuid: '4fafc201-1fb5-459e-8fcc-c5c9c331914d',
  characteristicUuid: 'beb5483e-36e1-4688-b7f5-ea07361b26c2',
  value: '7b 22 74 79 70 65 22 3a 22 6f 74 61 22 2c 22 73 74 61 74 75 73 22 3a 22 70 72 6f 67 72 65 73 73 22 2c 22 72 65 63 65 69 76 65 64 22 3a 34 34 30 38 32 30 2c 22 74 6f 74 61 6c 22 3a 35 37 30 34 38 30 2c 22 70 65 72 63 65 6e 74 22 3a 37 37 7d'
}
Notification received: 7b 22 74 79 70 65 22 3a 22 6f 74 61 22 2c 22 73 74 61 74 75 73 22 3a 22 70 72 6f 67 72 65 73 73 22 2c 22 72 65 63 65 69 76 65 64 22 3a 34 34 31 31 38 30 2c 22 74 6f 74 61 6c 22 3a 35 37 30 34 38 30 2c 22 70 65 72 63 65 6e 74 22 3a 37 37 7d
[Main -> Renderer] ble:characteristicValueChanged: {
  deviceId: '10b41dcd238d',
  serviceUuid: '4fafc201-1fb5-459e-8fcc-c5c9c331914d',
  characteristicUuid: 'beb5483e-36e1-4688-b7f5-ea07361b26c2',
  value: '7b 22 74 79 70 65 22 3a 22 6f 74 61 22 2c 22 73 74 61 74 75 73 22 3a 22 70 72 6f 67 72 65 73 73 22 2c 22 72 65 63 65 69 76 65 64 22 3a 34 34 31 31 38 30 2c 22 74 6f 74 61 6c 22 3a 35 37 30 34 38 30 2c 22 70 65 72 63 65 6e 74 22 3a 37 37 7d'
}
Notification received: 7b 22 74 79 70 65 22 3a 22 6f 74 61 22 2c 22 73 74 61 74 75 73 22 3a 22 70 72 6f 67 72 65 73 73 22 2c 22 72 65 63 65 69 76 65 64 22 3a 34 34 31 35 34 30 2c 22 74 6f 74 61 6c 22 3a 35 37 30 34 38 30 2c 22 70 65 72 63 65 6e 74 22 3a 37 37 7d
[Main -> Renderer] ble:characteristicValueChanged: {
  deviceId: '10b41dcd238d',
  serviceUuid: '4fafc201-1fb5-459e-8fcc-c5c9c331914d',
  characteristicUuid: 'beb5483e-36e1-4688-b7f5-ea07361b26c2',
  value: '7b 22 74 79 70 65 22 3a 22 6f 74 61 22 2c 22 73 74 61 74 75 73 22 3a 22 70 72 6f 67 72 65 73 73 22 2c 22 72 65 63 65 69 76 65 64 22 3a 34 34 31 35 34 30 2c 22 74 6f 74 61 6c 22 3a 35 37 30 34 38 30 2c 22 70 65 72 63 65 6e 74 22 3a 37 37 7d'
}
Notification received: 7b 22 74 79 70 65 22 3a 22 6f 74 61 22 2c 22 73 74 61 74 75 73 22 3a 22 70 72 6f 67 72 65 73 73 22 2c 22 72 65 63 65 69 76 65 64 22 3a 34 34 32 30 38 30 2c 22 74 6f 74 61 6c 22 3a 35 37 30 34 38 30 2c 22 70 65 72 63 65 6e 74 22 3a 37 37 7d
[Main -> Renderer] ble:characteristicValueChanged: {
  deviceId: '10b41dcd238d',
  serviceUuid: '4fafc201-1fb5-459e-8fcc-c5c9c331914d',
  characteristicUuid: 'beb5483e-36e1-4688-b7f5-ea07361b26c2',
  value: '7b 22 74 79 70 65 22 3a 22 6f 74 61 22 2c 22 73 74 61 74 75 73 22 3a 22 70 72 6f 67 72 65 73 73 22 2c 22 72 65 63 65 69 76 65 64 22 3a 34 34 32 30 38 30 2c 22 74 6f 74 61 6c 22 3a 35 37 30 34 38 30 2c 22 70 65 72 63 65 6e 74 22 3a 37 37 7d'
}
Notification received: 7b 22 74 79 70 65 22 3a 22 6f 74 61 22 2c 22 73 74 61 74 75 73 22 3a 22 70 72 6f 67 72 65 73 73 22 2c 22 72 65 63 65 69 76 65 64 22 3a 34 34 32 36 32 30 2c 22 74 6f 74 61 6c 22 3a 35 37 30 34 38 30 2c 22 70 65 72 63 65 6e 74 22 3a 37 37 7d
[Main -> Renderer] ble:characteristicValueChanged: {
  deviceId: '10b41dcd238d',
  serviceUuid: '4fafc201-1fb5-459e-8fcc-c5c9c331914d',
  characteristicUuid: 'beb5483e-36e1-4688-b7f5-ea07361b26c2',
  value: '7b 22 74 79 70 65 22 3a 22 6f 74 61 22 2c 22 73 74 61 74 75 73 22 3a 22 70 72 6f 67 72 65 73 73 22 2c 22 72 65 63 65 69 76 65 64 22 3a 34 34 32 36 32 30 2c 22 74 6f 74 61 6c 22 3a 35 37 30 34 38 30 2c 22 70 65 72 63 65 6e 74 22 3a 37 37 7d'
}
Notification received: 7b 22 74 79 70 65 22 3a 22 6f 74 61 22 2c 22 73 74 61 74 75 73 22 3a 22 70 72 6f 67 72 65 73 73 22 2c 22 72 65 63 65 69 76 65 64 22 3a 34 34 33 31 36 30 2c 22 74 6f 74 61 6c 22 3a 35 37 30 34 38 30 2c 22 70 65 72 63 65 6e 74 22 3a 37 37 7d
[Main -> Renderer] ble:characteristicValueChanged: {
  deviceId: '10b41dcd238d',
  serviceUuid: '4fafc201-1fb5-459e-8fcc-c5c9c331914d',
  characteristicUuid: 'beb5483e-36e1-4688-b7f5-ea07361b26c2',
  value: '7b 22 74 79 70 65 22 3a 22 6f 74 61 22 2c 22 73 74 61 74 75 73 22 3a 22 70 72 6f 67 72 65 73 73 22 2c 22 72 65 63 65 69 76 65 64 22 3a 34 34 33 31 36 30 2c 22 74 6f 74 61 6c 22 3a 35 37 30 34 38 30 2c 22 70 65 72 63 65 6e 74 22 3a 37 37 7d'
}
Notification received: 7b 22 74 79 70 65 22 3a 22 6f 74 61 22 2c 22 73 74 61 74 75 73 22 3a 22 70 72 6f 67 72 65 73 73 22 2c 22 72 65 63 65 69 76 65 64 22 3a 34 34 33 37 30 30 2c 22 74 6f 74 61 6c 22 3a 35 37 30 34 38 30 2c 22 70 65 72 63 65 6e 74 22 3a 37 37 7d
[Main -> Renderer] ble:characteristicValueChanged: {
  deviceId: '10b41dcd238d',
  serviceUuid: '4fafc201-1fb5-459e-8fcc-c5c9c331914d',
  characteristicUuid: 'beb5483e-36e1-4688-b7f5-ea07361b26c2',
  value: '7b 22 74 79 70 65 22 3a 22 6f 74 61 22 2c 22 73 74 61 74 75 73 22 3a 22 70 72 6f 67 72 65 73 73 22 2c 22 72 65 63 65 69 76 65 64 22 3a 34 34 33 37 30 30 2c 22 74 6f 74 61 6c 22 3a 35 37 30 34 38 30 2c 22 70 65 72 63 65 6e 74 22 3a 37 37 7d'
}
Notification received: 7b 22 74 79 70 65 22 3a 22 6f 74 61 22 2c 22 73 74 61 74 75 73 22 3a 22 70 72 6f 67 72 65 73 73 22 2c 22 72 65 63 65 69 76 65 64 22 3a 34 34 34 32 34 30 2c 22 74 6f 74 61 6c 22 3a 35 37 30 34 38 30 2c 22 70 65 72 63 65 6e 74 22 3a 37 37 7d
[Main -> Renderer] ble:characteristicValueChanged: {
  deviceId: '10b41dcd238d',
  serviceUuid: '4fafc201-1fb5-459e-8fcc-c5c9c331914d',
  characteristicUuid: 'beb5483e-36e1-4688-b7f5-ea07361b26c2',
  value: '7b 22 74 79 70 65 22 3a 22 6f 74 61 22 2c 22 73 74 61 74 75 73 22 3a 22 70 72 6f 67 72 65 73 73 22 2c 22 72 65 63 65 69 76 65 64 22 3a 34 34 34 32 34 30 2c 22 74 6f 74 61 6c 22 3a 35 37 30 34 38 30 2c 22 70 65 72 63 65 6e 74 22 3a 37 37 7d'
}
Notification received: 7b 22 74 79 70 65 22 3a 22 6f 74 61 22 2c 22 73 74 61 74 75 73 22 3a 22 70 72 6f 67 72 65 73 73 22 2c 22 72 65 63 65 69 76 65 64 22 3a 34 34 34 36 30 30 2c 22 74 6f 74 61 6c 22 3a 35 37 30 34 38 30 2c 22 70 65 72 63 65 6e 74 22 3a 37 37 7d
[Main -> Renderer] ble:characteristicValueChanged: {
  deviceId: '10b41dcd238d',
  serviceUuid: '4fafc201-1fb5-459e-8fcc-c5c9c331914d',
  characteristicUuid: 'beb5483e-36e1-4688-b7f5-ea07361b26c2',
  value: '7b 22 74 79 70 65 22 3a 22 6f 74 61 22 2c 22 73 74 61 74 75 73 22 3a 22 70 72 6f 67 72 65 73 73 22 2c 22 72 65 63 65 69 76 65 64 22 3a 34 34 34 36 30 30 2c 22 74 6f 74 61 6c 22 3a 35 37 30 34 38 30 2c 22 70 65 72 63 65 6e 74 22 3a 37 37 7d'
}
Notification received: 7b 22 74 79 70 65 22 3a 22 6f 74 61 22 2c 22 73 74 61 74 75 73 22 3a 22 70 72 6f 67 72 65 73 73 22 2c 22 72 65 63 65 69 76 65 64 22 3a 34 34 34 39 36 30 2c 22 74 6f 74 61 6c 22 3a 35 37 30 34 38 30 2c 22 70 65 72 63 65 6e 74 22 3a 37 37 7d
[Main -> Renderer] ble:characteristicValueChanged: {
  deviceId: '10b41dcd238d',
  serviceUuid: '4fafc201-1fb5-459e-8fcc-c5c9c331914d',
  characteristicUuid: 'beb5483e-36e1-4688-b7f5-ea07361b26c2',
  value: '7b 22 74 79 70 65 22 3a 22 6f 74 61 22 2c 22 73 74 61 74 75 73 22 3a 22 70 72 6f 67 72 65 73 73 22 2c 22 72 65 63 65 69 76 65 64 22 3a 34 34 34 39 36 30 2c 22 74 6f 74 61 6c 22 3a 35 37 30 34 38 30 2c 22 70 65 72 63 65 6e 74 22 3a 37 37 7d'
}
Notification received: 7b 22 74 79 70 65 22 3a 22 6f 74 61 22 2c 22 73 74 61 74 75 73 22 3a 22 70 72 6f 67 72 65 73 73 22 2c 22 72 65 63 65 69 76 65 64 22 3a 34 34 35 35 30 30 2c 22 74 6f 74 61 6c 22 3a 35 37 30 34 38 30 2c 22 70 65 72 63 65 6e 74 22 3a 37 38 7d
[Main -> Renderer] ble:characteristicValueChanged: {
  deviceId: '10b41dcd238d',
  serviceUuid: '4fafc201-1fb5-459e-8fcc-c5c9c331914d',
  characteristicUuid: 'beb5483e-36e1-4688-b7f5-ea07361b26c2',
  value: '7b 22 74 79 70 65 22 3a 22 6f 74 61 22 2c 22 73 74 61 74 75 73 22 3a 22 70 72 6f 67 72 65 73 73 22 2c 22 72 65 63 65 69 76 65 64 22 3a 34 34 35 35 30 30 2c 22 74 6f 74 61 6c 22 3a 35 37 30 34 38 30 2c 22 70 65 72 63 65 6e 74 22 3a 37 38 7d'
}
Notification received: 7b 22 74 79 70 65 22 3a 22 6f 74 61 22 2c 22 73 74 61 74 75 73 22 3a 22 70 72 6f 67 72 65 73 73 22 2c 22 72 65 63 65 69 76 65 64 22 3a 34 34 35 38 36 30 2c 22 74 6f 74 61 6c 22 3a 35 37 30 34 38 30 2c 22 70 65 72 63 65 6e 74 22 3a 37 38 7d
[Main -> Renderer] ble:characteristicValueChanged: {
  deviceId: '10b41dcd238d',
  serviceUuid: '4fafc201-1fb5-459e-8fcc-c5c9c331914d',
  characteristicUuid: 'beb5483e-36e1-4688-b7f5-ea07361b26c2',
  value: '7b 22 74 79 70 65 22 3a 22 6f 74 61 22 2c 22 73 74 61 74 75 73 22 3a 22 70 72 6f 67 72 65 73 73 22 2c 22 72 65 63 65 69 76 65 64 22 3a 34 34 35 38 36 30 2c 22 74 6f 74 61 6c 22 3a 35 37 30 34 38 30 2c 22 70 65 72 63 65 6e 74 22 3a 37 38 7d'
}
Notification received: 7b 22 74 79 70 65 22 3a 22 6f 74 61 22 2c 22 73 74 61 74 75 73 22 3a 22 70 72 6f 67 72 65 73 73 22 2c 22 72 65 63 65 69 76 65 64 22 3a 34 34 36 32 32 30 2c 22 74 6f 74 61 6c 22 3a 35 37 30 34 38 30 2c 22 70 65 72 63 65 6e 74 22 3a 37 38 7d
[Main -> Renderer] ble:characteristicValueChanged: {
  deviceId: '10b41dcd238d',
  serviceUuid: '4fafc201-1fb5-459e-8fcc-c5c9c331914d',
  characteristicUuid: 'beb5483e-36e1-4688-b7f5-ea07361b26c2',
  value: '7b 22 74 79 70 65 22 3a 22 6f 74 61 22 2c 22 73 74 61 74 75 73 22 3a 22 70 72 6f 67 72 65 73 73 22 2c 22 72 65 63 65 69 76 65 64 22 3a 34 34 36 32 32 30 2c 22 74 6f 74 61 6c 22 3a 35 37 30 34 38 30 2c 22 70 65 72 63 65 6e 74 22 3a 37 38 7d'
}
Notification received: 7b 22 74 79 70 65 22 3a 22 6f 74 61 22 2c 22 73 74 61 74 75 73 22 3a 22 70 72 6f 67 72 65 73 73 22 2c 22 72 65 63 65 69 76 65 64 22 3a 34 34 36 35 38 30 2c 22 74 6f 74 61 6c 22 3a 35 37 30 34 38 30 2c 22 70 65 72 63 65 6e 74 22 3a 37 38 7d
[Main -> Renderer] ble:characteristicValueChanged: {
  deviceId: '10b41dcd238d',
  serviceUuid: '4fafc201-1fb5-459e-8fcc-c5c9c331914d',
  characteristicUuid: 'beb5483e-36e1-4688-b7f5-ea07361b26c2',
  value: '7b 22 74 79 70 65 22 3a 22 6f 74 61 22 2c 22 73 74 61 74 75 73 22 3a 22 70 72 6f 67 72 65 73 73 22 2c 22 72 65 63 65 69 76 65 64 22 3a 34 34 36 35 38 30 2c 22 74 6f 74 61 6c 22 3a 35 37 30 34 38 30 2c 22 70 65 72 63 65 6e 74 22 3a 37 38 7d'
}
Notification received: 7b 22 74 79 70 65 22 3a 22 6f 74 61 22 2c 22 73 74 61 74 75 73 22 3a 22 70 72 6f 67 72 65 73 73 22 2c 22 72 65 63 65 69 76 65 64 22 3a 34 34 36 39 34 30 2c 22 74 6f 74 61 6c 22 3a 35 37 30 34 38 30 2c 22 70 65 72 63 65 6e 74 22 3a 37 38 7d
[Main -> Renderer] ble:characteristicValueChanged: {
  deviceId: '10b41dcd238d',
  serviceUuid: '4fafc201-1fb5-459e-8fcc-c5c9c331914d',
  characteristicUuid: 'beb5483e-36e1-4688-b7f5-ea07361b26c2',
  value: '7b 22 74 79 70 65 22 3a 22 6f 74 61 22 2c 22 73 74 61 74 75 73 22 3a 22 70 72 6f 67 72 65 73 73 22 2c 22 72 65 63 65 69 76 65 64 22 3a 34 34 36 39 34 30 2c 22 74 6f 74 61 6c 22 3a 35 37 30 34 38 30 2c 22 70 65 72 63 65 6e 74 22 3a 37 38 7d'
}
Notification received: 7b 22 74 79 70 65 22 3a 22 6f 74 61 22 2c 22 73 74 61 74 75 73 22 3a 22 70 72 6f 67 72 65 73 73 22 2c 22 72 65 63 65 69 76 65 64 22 3a 34 34 37 34 38 30 2c 22 74 6f 74 61 6c 22 3a 35 37 30 34 38 30 2c 22 70 65 72 63 65 6e 74 22 3a 37 38 7d
[Main -> Renderer] ble:characteristicValueChanged: {
  deviceId: '10b41dcd238d',
  serviceUuid: '4fafc201-1fb5-459e-8fcc-c5c9c331914d',
  characteristicUuid: 'beb5483e-36e1-4688-b7f5-ea07361b26c2',
  value: '7b 22 74 79 70 65 22 3a 22 6f 74 61 22 2c 22 73 74 61 74 75 73 22 3a 22 70 72 6f 67 72 65 73 73 22 2c 22 72 65 63 65 69 76 65 64 22 3a 34 34 37 34 38 30 2c 22 74 6f 74 61 6c 22 3a 35 37 30 34 38 30 2c 22 70 65 72 63 65 6e 74 22 3a 37 38 7d'
}
Notification received: 7b 22 74 79 70 65 22 3a 22 6f 74 61 22 2c 22 73 74 61 74 75 73 22 3a 22 70 72 6f 67 72 65 73 73 22 2c 22 72 65 63 65 69 76 65 64 22 3a 34 34 37 38 34 30 2c 22 74 6f 74 61 6c 22 3a 35 37 30 34 38 30 2c 22 70 65 72 63 65 6e 74 22 3a 37 38 7d
[Main -> Renderer] ble:characteristicValueChanged: {
  deviceId: '10b41dcd238d',
  serviceUuid: '4fafc201-1fb5-459e-8fcc-c5c9c331914d',
  characteristicUuid: 'beb5483e-36e1-4688-b7f5-ea07361b26c2',
  value: '7b 22 74 79 70 65 22 3a 22 6f 74 61 22 2c 22 73 74 61 74 75 73 22 3a 22 70 72 6f 67 72 65 73 73 22 2c 22 72 65 63 65 69 76 65 64 22 3a 34 34 37 38 34 30 2c 22 74 6f 74 61 6c 22 3a 35 37 30 34 38 30 2c 22 70 65 72 63 65 6e 74 22 3a 37 38 7d'
}
Notification received: 7b 22 74 79 70 65 22 3a 22 6f 74 61 22 2c 22 73 74 61 74 75 73 22 3a 22 70 72 6f 67 72 65 73 73 22 2c 22 72 65 63 65 69 76 65 64 22 3a 34 34 38 33 38 30 2c 22 74 6f 74 61 6c 22 3a 35 37 30 34 38 30 2c 22 70 65 72 63 65 6e 74 22 3a 37 38 7d
[Main -> Renderer] ble:characteristicValueChanged: {
  deviceId: '10b41dcd238d',
  serviceUuid: '4fafc201-1fb5-459e-8fcc-c5c9c331914d',
  characteristicUuid: 'beb5483e-36e1-4688-b7f5-ea07361b26c2',
  value: '7b 22 74 79 70 65 22 3a 22 6f 74 61 22 2c 22 73 74 61 74 75 73 22 3a 22 70 72 6f 67 72 65 73 73 22 2c 22 72 65 63 65 69 76 65 64 22 3a 34 34 38 33 38 30 2c 22 74 6f 74 61 6c 22 3a 35 37 30 34 38 30 2c 22 70 65 72 63 65 6e 74 22 3a 37 38 7d'
}
Notification received: 7b 22 74 79 70 65 22 3a 22 6f 74 61 22 2c 22 73 74 61 74 75 73 22 3a 22 70 72 6f 67 72 65 73 73 22 2c 22 72 65 63 65 69 76 65 64 22 3a 34 34 38 39 32 30 2c 22 74 6f 74 61 6c 22 3a 35 37 30 34 38 30 2c 22 70 65 72 63 65 6e 74 22 3a 37 38 7d
[Main -> Renderer] ble:characteristicValueChanged: {
  deviceId: '10b41dcd238d',
  serviceUuid: '4fafc201-1fb5-459e-8fcc-c5c9c331914d',
  characteristicUuid: 'beb5483e-36e1-4688-b7f5-ea07361b26c2',
  value: '7b 22 74 79 70 65 22 3a 22 6f 74 61 22 2c 22 73 74 61 74 75 73 22 3a 22 70 72 6f 67 72 65 73 73 22 2c 22 72 65 63 65 69 76 65 64 22 3a 34 34 38 39 32 30 2c 22 74 6f 74 61 6c 22 3a 35 37 30 34 38 30 2c 22 70 65 72 63 65 6e 74 22 3a 37 38 7d'
}
Notification received: 7b 22 74 79 70 65 22 3a 22 6f 74 61 22 2c 22 73 74 61 74 75 73 22 3a 22 70 72 6f 67 72 65 73 73 22 2c 22 72 65 63 65 69 76 65 64 22 3a 34 34 39 34 36 30 2c 22 74 6f 74 61 6c 22 3a 35 37 30 34 38 30 2c 22 70 65 72 63 65 6e 74 22 3a 37 38 7d
[Main -> Renderer] ble:characteristicValueChanged: {
  deviceId: '10b41dcd238d',
  serviceUuid: '4fafc201-1fb5-459e-8fcc-c5c9c331914d',
  characteristicUuid: 'beb5483e-36e1-4688-b7f5-ea07361b26c2',
  value: '7b 22 74 79 70 65 22 3a 22 6f 74 61 22 2c 22 73 74 61 74 75 73 22 3a 22 70 72 6f 67 72 65 73 73 22 2c 22 72 65 63 65 69 76 65 64 22 3a 34 34 39 34 36 30 2c 22 74 6f 74 61 6c 22 3a 35 37 30 34 38 30 2c 22 70 65 72 63 65 6e 74 22 3a 37 38 7d'
}
Notification received: 7b 22 74 79 70 65 22 3a 22 6f 74 61 22 2c 22 73 74 61 74 75 73 22 3a 22 70 72 6f 67 72 65 73 73 22 2c 22 72 65 63 65 69 76 65 64 22 3a 34 35 30 30 30 30 2c 22 74 6f 74 61 6c 22 3a 35 37 30 34 38 30 2c 22 70 65 72 63 65 6e 74 22 3a 37 38 7d
[Main -> Renderer] ble:characteristicValueChanged: {
  deviceId: '10b41dcd238d',
  serviceUuid: '4fafc201-1fb5-459e-8fcc-c5c9c331914d',
  characteristicUuid: 'beb5483e-36e1-4688-b7f5-ea07361b26c2',
  value: '7b 22 74 79 70 65 22 3a 22 6f 74 61 22 2c 22 73 74 61 74 75 73 22 3a 22 70 72 6f 67 72 65 73 73 22 2c 22 72 65 63 65 69 76 65 64 22 3a 34 35 30 30 30 30 2c 22 74 6f 74 61 6c 22 3a 35 37 30 34 38 30 2c 22 70 65 72 63 65 6e 74 22 3a 37 38 7d'
}
Notification received: 7b 22 74 79 70 65 22 3a 22 6f 74 61 22 2c 22 73 74 61 74 75 73 22 3a 22 70 72 6f 67 72 65 73 73 22 2c 22 72 65 63 65 69 76 65 64 22 3a 34 35 30 35 34 30 2c 22 74 6f 74 61 6c 22 3a 35 37 30 34 38 30 2c 22 70 65 72 63 65 6e 74 22 3a 37 38 7d
[Main -> Renderer] ble:characteristicValueChanged: {
  deviceId: '10b41dcd238d',
  serviceUuid: '4fafc201-1fb5-459e-8fcc-c5c9c331914d',
  characteristicUuid: 'beb5483e-36e1-4688-b7f5-ea07361b26c2',
  value: '7b 22 74 79 70 65 22 3a 22 6f 74 61 22 2c 22 73 74 61 74 75 73 22 3a 22 70 72 6f 67 72 65 73 73 22 2c 22 72 65 63 65 69 76 65 64 22 3a 34 35 30 35 34 30 2c 22 74 6f 74 61 6c 22 3a 35 37 30 34 38 30 2c 22 70 65 72 63 65 6e 74 22 3a 37 38 7d'
}
Notification received: 7b 22 74 79 70 65 22 3a 22 6f 74 61 22 2c 22 73 74 61 74 75 73 22 3a 22 70 72 6f 67 72 65 73 73 22 2c 22 72 65 63 65 69 76 65 64 22 3a 34 35 30 39 30 30 2c 22 74 6f 74 61 6c 22 3a 35 37 30 34 38 30 2c 22 70 65 72 63 65 6e 74 22 3a 37 39 7d
[Main -> Renderer] ble:characteristicValueChanged: {
  deviceId: '10b41dcd238d',
  serviceUuid: '4fafc201-1fb5-459e-8fcc-c5c9c331914d',
  characteristicUuid: 'beb5483e-36e1-4688-b7f5-ea07361b26c2',
  value: '7b 22 74 79 70 65 22 3a 22 6f 74 61 22 2c 22 73 74 61 74 75 73 22 3a 22 70 72 6f 67 72 65 73 73 22 2c 22 72 65 63 65 69 76 65 64 22 3a 34 35 30 39 30 30 2c 22 74 6f 74 61 6c 22 3a 35 37 30 34 38 30 2c 22 70 65 72 63 65 6e 74 22 3a 37 39 7d'
}
Notification received: 7b 22 74 79 70 65 22 3a 22 6f 74 61 22 2c 22 73 74 61 74 75 73 22 3a 22 70 72 6f 67 72 65 73 73 22 2c 22 72 65 63 65 69 76 65 64 22 3a 34 35 31 32 36 30 2c 22 74 6f 74 61 6c 22 3a 35 37 30 34 38 30 2c 22 70 65 72 63 65 6e 74 22 3a 37 39 7d
[Main -> Renderer] ble:characteristicValueChanged: {
  deviceId: '10b41dcd238d',
  serviceUuid: '4fafc201-1fb5-459e-8fcc-c5c9c331914d',
  characteristicUuid: 'beb5483e-36e1-4688-b7f5-ea07361b26c2',
  value: '7b 22 74 79 70 65 22 3a 22 6f 74 61 22 2c 22 73 74 61 74 75 73 22 3a 22 70 72 6f 67 72 65 73 73 22 2c 22 72 65 63 65 69 76 65 64 22 3a 34 35 31 32 36 30 2c 22 74 6f 74 61 6c 22 3a 35 37 30 34 38 30 2c 22 70 65 72 63 65 6e 74 22 3a 37 39 7d'
}
Notification received: 7b 22 74 79 70 65 22 3a 22 6f 74 61 22 2c 22 73 74 61 74 75 73 22 3a 22 70 72 6f 67 72 65 73 73 22 2c 22 72 65 63 65 69 76 65 64 22 3a 34 35 31 36 32 30 2c 22 74 6f 74 61 6c 22 3a 35 37 30 34 38 30 2c 22 70 65 72 63 65 6e 74 22 3a 37 39 7d
[Main -> Renderer] ble:characteristicValueChanged: {
  deviceId: '10b41dcd238d',
  serviceUuid: '4fafc201-1fb5-459e-8fcc-c5c9c331914d',
  characteristicUuid: 'beb5483e-36e1-4688-b7f5-ea07361b26c2',
  value: '7b 22 74 79 70 65 22 3a 22 6f 74 61 22 2c 22 73 74 61 74 75 73 22 3a 22 70 72 6f 67 72 65 73 73 22 2c 22 72 65 63 65 69 76 65 64 22 3a 34 35 31 36 32 30 2c 22 74 6f 74 61 6c 22 3a 35 37 30 34 38 30 2c 22 70 65 72 63 65 6e 74 22 3a 37 39 7d'
}
Notification received: 7b 22 74 79 70 65 22 3a 22 6f 74 61 22 2c 22 73 74 61 74 75 73 22 3a 22 70 72 6f 67 72 65 73 73 22 2c 22 72 65 63 65 69 76 65 64 22 3a 34 35 31 39 38 30 2c 22 74 6f 74 61 6c 22 3a 35 37 30 34 38 30 2c 22 70 65 72 63 65 6e 74 22 3a 37 39 7d
[Main -> Renderer] ble:characteristicValueChanged: {
  deviceId: '10b41dcd238d',
  serviceUuid: '4fafc201-1fb5-459e-8fcc-c5c9c331914d',
  characteristicUuid: 'beb5483e-36e1-4688-b7f5-ea07361b26c2',
  value: '7b 22 74 79 70 65 22 3a 22 6f 74 61 22 2c 22 73 74 61 74 75 73 22 3a 22 70 72 6f 67 72 65 73 73 22 2c 22 72 65 63 65 69 76 65 64 22 3a 34 35 31 39 38 30 2c 22 74 6f 74 61 6c 22 3a 35 37 30 34 38 30 2c 22 70 65 72 63 65 6e 74 22 3a 37 39 7d'
}
Notification received: 7b 22 74 79 70 65 22 3a 22 6f 74 61 22 2c 22 73 74 61 74 75 73 22 3a 22 70 72 6f 67 72 65 73 73 22 2c 22 72 65 63 65 69 76 65 64 22 3a 34 35 32 33 34 30 2c 22 74 6f 74 61 6c 22 3a 35 37 30 34 38 30 2c 22 70 65 72 63 65 6e 74 22 3a 37 39 7d
[Main -> Renderer] ble:characteristicValueChanged: {
  deviceId: '10b41dcd238d',
  serviceUuid: '4fafc201-1fb5-459e-8fcc-c5c9c331914d',
  characteristicUuid: 'beb5483e-36e1-4688-b7f5-ea07361b26c2',
  value: '7b 22 74 79 70 65 22 3a 22 6f 74 61 22 2c 22 73 74 61 74 75 73 22 3a 22 70 72 6f 67 72 65 73 73 22 2c 22 72 65 63 65 69 76 65 64 22 3a 34 35 32 33 34 30 2c 22 74 6f 74 61 6c 22 3a 35 37 30 34 38 30 2c 22 70 65 72 63 65 6e 74 22 3a 37 39 7d'
}
Notification received: 7b 22 74 79 70 65 22 3a 22 6f 74 61 22 2c 22 73 74 61 74 75 73 22 3a 22 70 72 6f 67 72 65 73 73 22 2c 22 72 65 63 65 69 76 65 64 22 3a 34 35 32 37 30 30 2c 22 74 6f 74 61 6c 22 3a 35 37 30 34 38 30 2c 22 70 65 72 63 65 6e 74 22 3a 37 39 7d
[Main -> Renderer] ble:characteristicValueChanged: {
  deviceId: '10b41dcd238d',
  serviceUuid: '4fafc201-1fb5-459e-8fcc-c5c9c331914d',
  characteristicUuid: 'beb5483e-36e1-4688-b7f5-ea07361b26c2',
  value: '7b 22 74 79 70 65 22 3a 22 6f 74 61 22 2c 22 73 74 61 74 75 73 22 3a 22 70 72 6f 67 72 65 73 73 22 2c 22 72 65 63 65 69 76 65 64 22 3a 34 35 32 37 30 30 2c 22 74 6f 74 61 6c 22 3a 35 37 30 34 38 30 2c 22 70 65 72 63 65 6e 74 22 3a 37 39 7d'
}
Notification received: 7b 22 74 79 70 65 22 3a 22 6f 74 61 22 2c 22 73 74 61 74 75 73 22 3a 22 70 72 6f 67 72 65 73 73 22 2c 22 72 65 63 65 69 76 65 64 22 3a 34 35 33 30 36 30 2c 22 74 6f 74 61 6c 22 3a 35 37 30 34 38 30 2c 22 70 65 72 63 65 6e 74 22 3a 37 39 7d
[Main -> Renderer] ble:characteristicValueChanged: {
  deviceId: '10b41dcd238d',
  serviceUuid: '4fafc201-1fb5-459e-8fcc-c5c9c331914d',
  characteristicUuid: 'beb5483e-36e1-4688-b7f5-ea07361b26c2',
  value: '7b 22 74 79 70 65 22 3a 22 6f 74 61 22 2c 22 73 74 61 74 75 73 22 3a 22 70 72 6f 67 72 65 73 73 22 2c 22 72 65 63 65 69 76 65 64 22 3a 34 35 33 30 36 30 2c 22 74 6f 74 61 6c 22 3a 35 37 30 34 38 30 2c 22 70 65 72 63 65 6e 74 22 3a 37 39 7d'
}
Notification received: 7b 22 74 79 70 65 22 3a 22 6f 74 61 22 2c 22 73 74 61 74 75 73 22 3a 22 70 72 6f 67 72 65 73 73 22 2c 22 72 65 63 65 69 76 65 64 22 3a 34 35 33 34 32 30 2c 22 74 6f 74 61 6c 22 3a 35 37 30 34 38 30 2c 22 70 65 72 63 65 6e 74 22 3a 37 39 7d
[Main -> Renderer] ble:characteristicValueChanged: {
  deviceId: '10b41dcd238d',
  serviceUuid: '4fafc201-1fb5-459e-8fcc-c5c9c331914d',
  characteristicUuid: 'beb5483e-36e1-4688-b7f5-ea07361b26c2',
  value: '7b 22 74 79 70 65 22 3a 22 6f 74 61 22 2c 22 73 74 61 74 75 73 22 3a 22 70 72 6f 67 72 65 73 73 22 2c 22 72 65 63 65 69 76 65 64 22 3a 34 35 33 34 32 30 2c 22 74 6f 74 61 6c 22 3a 35 37 30 34 38 30 2c 22 70 65 72 63 65 6e 74 22 3a 37 39 7d'
}
Notification received: 7b 22 74 79 70 65 22 3a 22 6f 74 61 22 2c 22 73 74 61 74 75 73 22 3a 22 70 72 6f 67 72 65 73 73 22 2c 22 72 65 63 65 69 76 65 64 22 3a 34 35 33 39 36 30 2c 22 74 6f 74 61 6c 22 3a 35 37 30 34 38 30 2c 22 70 65 72 63 65 6e 74 22 3a 37 39 7d
[Main -> Renderer] ble:characteristicValueChanged: {
  deviceId: '10b41dcd238d',
  serviceUuid: '4fafc201-1fb5-459e-8fcc-c5c9c331914d',
  characteristicUuid: 'beb5483e-36e1-4688-b7f5-ea07361b26c2',
  value: '7b 22 74 79 70 65 22 3a 22 6f 74 61 22 2c 22 73 74 61 74 75 73 22 3a 22 70 72 6f 67 72 65 73 73 22 2c 22 72 65 63 65 69 76 65 64 22 3a 34 35 33 39 36 30 2c 22 74 6f 74 61 6c 22 3a 35 37 30 34 38 30 2c 22 70 65 72 63 65 6e 74 22 3a 37 39 7d'
}
Notification received: 7b 22 74 79 70 65 22 3a 22 6f 74 61 22 2c 22 73 74 61 74 75 73 22 3a 22 70 72 6f 67 72 65 73 73 22 2c 22 72 65 63 65 69 76 65 64 22 3a 34 35 34 35 30 30 2c 22 74 6f 74 61 6c 22 3a 35 37 30 34 38 30 2c 22 70 65 72 63 65 6e 74 22 3a 37 39 7d
[Main -> Renderer] ble:characteristicValueChanged: {
  deviceId: '10b41dcd238d',
  serviceUuid: '4fafc201-1fb5-459e-8fcc-c5c9c331914d',
  characteristicUuid: 'beb5483e-36e1-4688-b7f5-ea07361b26c2',
  value: '7b 22 74 79 70 65 22 3a 22 6f 74 61 22 2c 22 73 74 61 74 75 73 22 3a 22 70 72 6f 67 72 65 73 73 22 2c 22 72 65 63 65 69 76 65 64 22 3a 34 35 34 35 30 30 2c 22 74 6f 74 61 6c 22 3a 35 37 30 34 38 30 2c 22 70 65 72 63 65 6e 74 22 3a 37 39 7d'
}
Notification received: 7b 22 74 79 70 65 22 3a 22 6f 74 61 22 2c 22 73 74 61 74 75 73 22 3a 22 70 72 6f 67 72 65 73 73 22 2c 22 72 65 63 65 69 76 65 64 22 3a 34 35 34 38 36 30 2c 22 74 6f 74 61 6c 22 3a 35 37 30 34 38 30 2c 22 70 65 72 63 65 6e 74 22 3a 37 39 7d
[Main -> Renderer] ble:characteristicValueChanged: {
  deviceId: '10b41dcd238d',
  serviceUuid: '4fafc201-1fb5-459e-8fcc-c5c9c331914d',
  characteristicUuid: 'beb5483e-36e1-4688-b7f5-ea07361b26c2',
  value: '7b 22 74 79 70 65 22 3a 22 6f 74 61 22 2c 22 73 74 61 74 75 73 22 3a 22 70 72 6f 67 72 65 73 73 22 2c 22 72 65 63 65 69 76 65 64 22 3a 34 35 34 38 36 30 2c 22 74 6f 74 61 6c 22 3a 35 37 30 34 38 30 2c 22 70 65 72 63 65 6e 74 22 3a 37 39 7d'
}
Notification received: 7b 22 74 79 70 65 22 3a 22 6f 74 61 22 2c 22 73 74 61 74 75 73 22 3a 22 70 72 6f 67 72 65 73 73 22 2c 22 72 65 63 65 69 76 65 64 22 3a 34 35 35 32 32 30 2c 22 74 6f 74 61 6c 22 3a 35 37 30 34 38 30 2c 22 70 65 72 63 65 6e 74 22 3a 37 39 7d
[Main -> Renderer] ble:characteristicValueChanged: {
  deviceId: '10b41dcd238d',
  serviceUuid: '4fafc201-1fb5-459e-8fcc-c5c9c331914d',
  characteristicUuid: 'beb5483e-36e1-4688-b7f5-ea07361b26c2',
  value: '7b 22 74 79 70 65 22 3a 22 6f 74 61 22 2c 22 73 74 61 74 75 73 22 3a 22 70 72 6f 67 72 65 73 73 22 2c 22 72 65 63 65 69 76 65 64 22 3a 34 35 35 32 32 30 2c 22 74 6f 74 61 6c 22 3a 35 37 30 34 38 30 2c 22 70 65 72 63 65 6e 74 22 3a 37 39 7d'
}
Notification received: 7b 22 74 79 70 65 22 3a 22 6f 74 61 22 2c 22 73 74 61 74 75 73 22 3a 22 70 72 6f 67 72 65 73 73 22 2c 22 72 65 63 65 69 76 65 64 22 3a 34 35 35 35 38 30 2c 22 74 6f 74 61 6c 22 3a 35 37 30 34 38 30 2c 22 70 65 72 63 65 6e 74 22 3a 37 39 7d
[Main -> Renderer] ble:characteristicValueChanged: {
  deviceId: '10b41dcd238d',
  serviceUuid: '4fafc201-1fb5-459e-8fcc-c5c9c331914d',
  characteristicUuid: 'beb5483e-36e1-4688-b7f5-ea07361b26c2',
  value: '7b 22 74 79 70 65 22 3a 22 6f 74 61 22 2c 22 73 74 61 74 75 73 22 3a 22 70 72 6f 67 72 65 73 73 22 2c 22 72 65 63 65 69 76 65 64 22 3a 34 35 35 35 38 30 2c 22 74 6f 74 61 6c 22 3a 35 37 30 34 38 30 2c 22 70 65 72 63 65 6e 74 22 3a 37 39 7d'
}
Notification received: 7b 22 74 79 70 65 22 3a 22 6f 74 61 22 2c 22 73 74 61 74 75 73 22 3a 22 70 72 6f 67 72 65 73 73 22 2c 22 72 65 63 65 69 76 65 64 22 3a 34 35 35 39 34 30 2c 22 74 6f 74 61 6c 22 3a 35 37 30 34 38 30 2c 22 70 65 72 63 65 6e 74 22 3a 37 39 7d
[Main -> Renderer] ble:characteristicValueChanged: {
  deviceId: '10b41dcd238d',
  serviceUuid: '4fafc201-1fb5-459e-8fcc-c5c9c331914d',
  characteristicUuid: 'beb5483e-36e1-4688-b7f5-ea07361b26c2',
  value: '7b 22 74 79 70 65 22 3a 22 6f 74 61 22 2c 22 73 74 61 74 75 73 22 3a 22 70 72 6f 67 72 65 73 73 22 2c 22 72 65 63 65 69 76 65 64 22 3a 34 35 35 39 34 30 2c 22 74 6f 74 61 6c 22 3a 35 37 30 34 38 30 2c 22 70 65 72 63 65 6e 74 22 3a 37 39 7d'
}
Notification received: 7b 22 74 79 70 65 22 3a 22 6f 74 61 22 2c 22 73 74 61 74 75 73 22 3a 22 70 72 6f 67 72 65 73 73 22 2c 22 72 65 63 65 69 76 65 64 22 3a 34 35 36 33 30 30 2c 22 74 6f 74 61 6c 22 3a 35 37 30 34 38 30 2c 22 70 65 72 63 65 6e 74 22 3a 37 39 7d
[Main -> Renderer] ble:characteristicValueChanged: {
  deviceId: '10b41dcd238d',
  serviceUuid: '4fafc201-1fb5-459e-8fcc-c5c9c331914d',
  characteristicUuid: 'beb5483e-36e1-4688-b7f5-ea07361b26c2',
  value: '7b 22 74 79 70 65 22 3a 22 6f 74 61 22 2c 22 73 74 61 74 75 73 22 3a 22 70 72 6f 67 72 65 73 73 22 2c 22 72 65 63 65 69 76 65 64 22 3a 34 35 36 33 30 30 2c 22 74 6f 74 61 6c 22 3a 35 37 30 34 38 30 2c 22 70 65 72 63 65 6e 74 22 3a 37 39 7d'
}
Notification received: 7b 22 74 79 70 65 22 3a 22 6f 74 61 22 2c 22 73 74 61 74 75 73 22 3a 22 70 72 6f 67 72 65 73 73 22 2c 22 72 65 63 65 69 76 65 64 22 3a 34 35 36 36 36 30 2c 22 74 6f 74 61 6c 22 3a 35 37 30 34 38 30 2c 22 70 65 72 63 65 6e 74 22 3a 38 30 7d
[Main -> Renderer] ble:characteristicValueChanged: {
  deviceId: '10b41dcd238d',
  serviceUuid: '4fafc201-1fb5-459e-8fcc-c5c9c331914d',
  characteristicUuid: 'beb5483e-36e1-4688-b7f5-ea07361b26c2',
  value: '7b 22 74 79 70 65 22 3a 22 6f 74 61 22 2c 22 73 74 61 74 75 73 22 3a 22 70 72 6f 67 72 65 73 73 22 2c 22 72 65 63 65 69 76 65 64 22 3a 34 35 36 36 36 30 2c 22 74 6f 74 61 6c 22 3a 35 37 30 34 38 30 2c 22 70 65 72 63 65 6e 74 22 3a 38 30 7d'
}
Notification received: 7b 22 74 79 70 65 22 3a 22 6f 74 61 22 2c 22 73 74 61 74 75 73 22 3a 22 70 72 6f 67 72 65 73 73 22 2c 22 72 65 63 65 69 76 65 64 22 3a 34 35 37 32 30 30 2c 22 74 6f 74 61 6c 22 3a 35 37 30 34 38 30 2c 22 70 65 72 63 65 6e 74 22 3a 38 30 7d
[Main -> Renderer] ble:characteristicValueChanged: {
  deviceId: '10b41dcd238d',
  serviceUuid: '4fafc201-1fb5-459e-8fcc-c5c9c331914d',
  characteristicUuid: 'beb5483e-36e1-4688-b7f5-ea07361b26c2',
  value: '7b 22 74 79 70 65 22 3a 22 6f 74 61 22 2c 22 73 74 61 74 75 73 22 3a 22 70 72 6f 67 72 65 73 73 22 2c 22 72 65 63 65 69 76 65 64 22 3a 34 35 37 32 30 30 2c 22 74 6f 74 61 6c 22 3a 35 37 30 34 38 30 2c 22 70 65 72 63 65 6e 74 22 3a 38 30 7d'
}
Notification received: 7b 22 74 79 70 65 22 3a 22 6f 74 61 22 2c 22 73 74 61 74 75 73 22 3a 22 70 72 6f 67 72 65 73 73 22 2c 22 72 65 63 65 69 76 65 64 22 3a 34 35 37 35 36 30 2c 22 74 6f 74 61 6c 22 3a 35 37 30 34 38 30 2c 22 70 65 72 63 65 6e 74 22 3a 38 30 7d
[Main -> Renderer] ble:characteristicValueChanged: {
  deviceId: '10b41dcd238d',
  serviceUuid: '4fafc201-1fb5-459e-8fcc-c5c9c331914d',
  characteristicUuid: 'beb5483e-36e1-4688-b7f5-ea07361b26c2',
  value: '7b 22 74 79 70 65 22 3a 22 6f 74 61 22 2c 22 73 74 61 74 75 73 22 3a 22 70 72 6f 67 72 65 73 73 22 2c 22 72 65 63 65 69 76 65 64 22 3a 34 35 37 35 36 30 2c 22 74 6f 74 61 6c 22 3a 35 37 30 34 38 30 2c 22 70 65 72 63 65 6e 74 22 3a 38 30 7d'
}
Notification received: 7b 22 74 79 70 65 22 3a 22 6f 74 61 22 2c 22 73 74 61 74 75 73 22 3a 22 70 72 6f 67 72 65 73 73 22 2c 22 72 65 63 65 69 76 65 64 22 3a 34 35 37 39 32 30 2c 22 74 6f 74 61 6c 22 3a 35 37 30 34 38 30 2c 22 70 65 72 63 65 6e 74 22 3a 38 30 7d
[Main -> Renderer] ble:characteristicValueChanged: {
  deviceId: '10b41dcd238d',
  serviceUuid: '4fafc201-1fb5-459e-8fcc-c5c9c331914d',
  characteristicUuid: 'beb5483e-36e1-4688-b7f5-ea07361b26c2',
  value: '7b 22 74 79 70 65 22 3a 22 6f 74 61 22 2c 22 73 74 61 74 75 73 22 3a 22 70 72 6f 67 72 65 73 73 22 2c 22 72 65 63 65 69 76 65 64 22 3a 34 35 37 39 32 30 2c 22 74 6f 74 61 6c 22 3a 35 37 30 34 38 30 2c 22 70 65 72 63 65 6e 74 22 3a 38 30 7d'
}
Notification received: 7b 22 74 79 70 65 22 3a 22 6f 74 61 22 2c 22 73 74 61 74 75 73 22 3a 22 70 72 6f 67 72 65 73 73 22 2c 22 72 65 63 65 69 76 65 64 22 3a 34 35 38 32 38 30 2c 22 74 6f 74 61 6c 22 3a 35 37 30 34 38 30 2c 22 70 65 72 63 65 6e 74 22 3a 38 30 7d
[Main -> Renderer] ble:characteristicValueChanged: {
  deviceId: '10b41dcd238d',
  serviceUuid: '4fafc201-1fb5-459e-8fcc-c5c9c331914d',
  characteristicUuid: 'beb5483e-36e1-4688-b7f5-ea07361b26c2',
  value: '7b 22 74 79 70 65 22 3a 22 6f 74 61 22 2c 22 73 74 61 74 75 73 22 3a 22 70 72 6f 67 72 65 73 73 22 2c 22 72 65 63 65 69 76 65 64 22 3a 34 35 38 32 38 30 2c 22 74 6f 74 61 6c 22 3a 35 37 30 34 38 30 2c 22 70 65 72 63 65 6e 74 22 3a 38 30 7d'
}
Notification received: 7b 22 74 79 70 65 22 3a 22 6f 74 61 22 2c 22 73 74 61 74 75 73 22 3a 22 70 72 6f 67 72 65 73 73 22 2c 22 72 65 63 65 69 76 65 64 22 3a 34 35 38 38 32 30 2c 22 74 6f 74 61 6c 22 3a 35 37 30 34 38 30 2c 22 70 65 72 63 65 6e 74 22 3a 38 30 7d
[Main -> Renderer] ble:characteristicValueChanged: {
  deviceId: '10b41dcd238d',
  serviceUuid: '4fafc201-1fb5-459e-8fcc-c5c9c331914d',
  characteristicUuid: 'beb5483e-36e1-4688-b7f5-ea07361b26c2',
  value: '7b 22 74 79 70 65 22 3a 22 6f 74 61 22 2c 22 73 74 61 74 75 73 22 3a 22 70 72 6f 67 72 65 73 73 22 2c 22 72 65 63 65 69 76 65 64 22 3a 34 35 38 38 32 30 2c 22 74 6f 74 61 6c 22 3a 35 37 30 34 38 30 2c 22 70 65 72 63 65 6e 74 22 3a 38 30 7d'
}
Notification received: 7b 22 74 79 70 65 22 3a 22 6f 74 61 22 2c 22 73 74 61 74 75 73 22 3a 22 70 72 6f 67 72 65 73 73 22 2c 22 72 65 63 65 69 76 65 64 22 3a 34 35 39 31 38 30 2c 22 74 6f 74 61 6c 22 3a 35 37 30 34 38 30 2c 22 70 65 72 63 65 6e 74 22 3a 38 30 7d
[Main -> Renderer] ble:characteristicValueChanged: {
  deviceId: '10b41dcd238d',
  serviceUuid: '4fafc201-1fb5-459e-8fcc-c5c9c331914d',
  characteristicUuid: 'beb5483e-36e1-4688-b7f5-ea07361b26c2',
  value: '7b 22 74 79 70 65 22 3a 22 6f 74 61 22 2c 22 73 74 61 74 75 73 22 3a 22 70 72 6f 67 72 65 73 73 22 2c 22 72 65 63 65 69 76 65 64 22 3a 34 35 39 31 38 30 2c 22 74 6f 74 61 6c 22 3a 35 37 30 34 38 30 2c 22 70 65 72 63 65 6e 74 22 3a 38 30 7d'
}
Notification received: 7b 22 74 79 70 65 22 3a 22 6f 74 61 22 2c 22 73 74 61 74 75 73 22 3a 22 70 72 6f 67 72 65 73 73 22 2c 22 72 65 63 65 69 76 65 64 22 3a 34 35 39 35 34 30 2c 22 74 6f 74 61 6c 22 3a 35 37 30 34 38 30 2c 22 70 65 72 63 65 6e 74 22 3a 38 30 7d
[Main -> Renderer] ble:characteristicValueChanged: {
  deviceId: '10b41dcd238d',
  serviceUuid: '4fafc201-1fb5-459e-8fcc-c5c9c331914d',
  characteristicUuid: 'beb5483e-36e1-4688-b7f5-ea07361b26c2',
  value: '7b 22 74 79 70 65 22 3a 22 6f 74 61 22 2c 22 73 74 61 74 75 73 22 3a 22 70 72 6f 67 72 65 73 73 22 2c 22 72 65 63 65 69 76 65 64 22 3a 34 35 39 35 34 30 2c 22 74 6f 74 61 6c 22 3a 35 37 30 34 38 30 2c 22 70 65 72 63 65 6e 74 22 3a 38 30 7d'
}
Notification received: 7b 22 74 79 70 65 22 3a 22 6f 74 61 22 2c 22 73 74 61 74 75 73 22 3a 22 70 72 6f 67 72 65 73 73 22 2c 22 72 65 63 65 69 76 65 64 22 3a 34 36 30 30 38 30 2c 22 74 6f 74 61 6c 22 3a 35 37 30 34 38 30 2c 22 70 65 72 63 65 6e 74 22 3a 38 30 7d
[Main -> Renderer] ble:characteristicValueChanged: {
  deviceId: '10b41dcd238d',
  serviceUuid: '4fafc201-1fb5-459e-8fcc-c5c9c331914d',
  characteristicUuid: 'beb5483e-36e1-4688-b7f5-ea07361b26c2',
  value: '7b 22 74 79 70 65 22 3a 22 6f 74 61 22 2c 22 73 74 61 74 75 73 22 3a 22 70 72 6f 67 72 65 73 73 22 2c 22 72 65 63 65 69 76 65 64 22 3a 34 36 30 30 38 30 2c 22 74 6f 74 61 6c 22 3a 35 37 30 34 38 30 2c 22 70 65 72 63 65 6e 74 22 3a 38 30 7d'
}
Notification received: 7b 22 74 79 70 65 22 3a 22 6f 74 61 22 2c 22 73 74 61 74 75 73 22 3a 22 70 72 6f 67 72 65 73 73 22 2c 22 72 65 63 65 69 76 65 64 22 3a 34 36 30 34 34 30 2c 22 74 6f 74 61 6c 22 3a 35 37 30 34 38 30 2c 22 70 65 72 63 65 6e 74 22 3a 38 30 7d
[Main -> Renderer] ble:characteristicValueChanged: {
  deviceId: '10b41dcd238d',
  serviceUuid: '4fafc201-1fb5-459e-8fcc-c5c9c331914d',
  characteristicUuid: 'beb5483e-36e1-4688-b7f5-ea07361b26c2',
  value: '7b 22 74 79 70 65 22 3a 22 6f 74 61 22 2c 22 73 74 61 74 75 73 22 3a 22 70 72 6f 67 72 65 73 73 22 2c 22 72 65 63 65 69 76 65 64 22 3a 34 36 30 34 34 30 2c 22 74 6f 74 61 6c 22 3a 35 37 30 34 38 30 2c 22 70 65 72 63 65 6e 74 22 3a 38 30 7d'
}
Notification received: 7b 22 74 79 70 65 22 3a 22 6f 74 61 22 2c 22 73 74 61 74 75 73 22 3a 22 70 72 6f 67 72 65 73 73 22 2c 22 72 65 63 65 69 76 65 64 22 3a 34 36 30 38 30 30 2c 22 74 6f 74 61 6c 22 3a 35 37 30 34 38 30 2c 22 70 65 72 63 65 6e 74 22 3a 38 30 7d
[Main -> Renderer] ble:characteristicValueChanged: {
  deviceId: '10b41dcd238d',
  serviceUuid: '4fafc201-1fb5-459e-8fcc-c5c9c331914d',
  characteristicUuid: 'beb5483e-36e1-4688-b7f5-ea07361b26c2',
  value: '7b 22 74 79 70 65 22 3a 22 6f 74 61 22 2c 22 73 74 61 74 75 73 22 3a 22 70 72 6f 67 72 65 73 73 22 2c 22 72 65 63 65 69 76 65 64 22 3a 34 36 30 38 30 30 2c 22 74 6f 74 61 6c 22 3a 35 37 30 34 38 30 2c 22 70 65 72 63 65 6e 74 22 3a 38 30 7d'
}
Notification received: 7b 22 74 79 70 65 22 3a 22 6f 74 61 22 2c 22 73 74 61 74 75 73 22 3a 22 70 72 6f 67 72 65 73 73 22 2c 22 72 65 63 65 69 76 65 64 22 3a 34 36 31 33 34 30 2c 22 74 6f 74 61 6c 22 3a 35 37 30 34 38 30 2c 22 70 65 72 63 65 6e 74 22 3a 38 30 7d
[Main -> Renderer] ble:characteristicValueChanged: {
  deviceId: '10b41dcd238d',
  serviceUuid: '4fafc201-1fb5-459e-8fcc-c5c9c331914d',
  characteristicUuid: 'beb5483e-36e1-4688-b7f5-ea07361b26c2',
  value: '7b 22 74 79 70 65 22 3a 22 6f 74 61 22 2c 22 73 74 61 74 75 73 22 3a 22 70 72 6f 67 72 65 73 73 22 2c 22 72 65 63 65 69 76 65 64 22 3a 34 36 31 33 34 30 2c 22 74 6f 74 61 6c 22 3a 35 37 30 34 38 30 2c 22 70 65 72 63 65 6e 74 22 3a 38 30 7d'
}
Notification received: 7b 22 74 79 70 65 22 3a 22 6f 74 61 22 2c 22 73 74 61 74 75 73 22 3a 22 70 72 6f 67 72 65 73 73 22 2c 22 72 65 63 65 69 76 65 64 22 3a 34 36 31 37 30 30 2c 22 74 6f 74 61 6c 22 3a 35 37 30 34 38 30 2c 22 70 65 72 63 65 6e 74 22 3a 38 30 7d
[Main -> Renderer] ble:characteristicValueChanged: {
  deviceId: '10b41dcd238d',
  serviceUuid: '4fafc201-1fb5-459e-8fcc-c5c9c331914d',
  characteristicUuid: 'beb5483e-36e1-4688-b7f5-ea07361b26c2',
  value: '7b 22 74 79 70 65 22 3a 22 6f 74 61 22 2c 22 73 74 61 74 75 73 22 3a 22 70 72 6f 67 72 65 73 73 22 2c 22 72 65 63 65 69 76 65 64 22 3a 34 36 31 37 30 30 2c 22 74 6f 74 61 6c 22 3a 35 37 30 34 38 30 2c 22 70 65 72 63 65 6e 74 22 3a 38 30 7d'
}
Notification received: 7b 22 74 79 70 65 22 3a 22 6f 74 61 22 2c 22 73 74 61 74 75 73 22 3a 22 70 72 6f 67 72 65 73 73 22 2c 22 72 65 63 65 69 76 65 64 22 3a 34 36 32 30 36 30 2c 22 74 6f 74 61 6c 22 3a 35 37 30 34 38 30 2c 22 70 65 72 63 65 6e 74 22 3a 38 30 7d
[Main -> Renderer] ble:characteristicValueChanged: {
  deviceId: '10b41dcd238d',
  serviceUuid: '4fafc201-1fb5-459e-8fcc-c5c9c331914d',
  characteristicUuid: 'beb5483e-36e1-4688-b7f5-ea07361b26c2',
  value: '7b 22 74 79 70 65 22 3a 22 6f 74 61 22 2c 22 73 74 61 74 75 73 22 3a 22 70 72 6f 67 72 65 73 73 22 2c 22 72 65 63 65 69 76 65 64 22 3a 34 36 32 30 36 30 2c 22 74 6f 74 61 6c 22 3a 35 37 30 34 38 30 2c 22 70 65 72 63 65 6e 74 22 3a 38 30 7d'
}
Notification received: 7b 22 74 79 70 65 22 3a 22 6f 74 61 22 2c 22 73 74 61 74 75 73 22 3a 22 70 72 6f 67 72 65 73 73 22 2c 22 72 65 63 65 69 76 65 64 22 3a 34 36 32 34 32 30 2c 22 74 6f 74 61 6c 22 3a 35 37 30 34 38 30 2c 22 70 65 72 63 65 6e 74 22 3a 38 31 7d
[Main -> Renderer] ble:characteristicValueChanged: {
  deviceId: '10b41dcd238d',
  serviceUuid: '4fafc201-1fb5-459e-8fcc-c5c9c331914d',
  characteristicUuid: 'beb5483e-36e1-4688-b7f5-ea07361b26c2',
  value: '7b 22 74 79 70 65 22 3a 22 6f 74 61 22 2c 22 73 74 61 74 75 73 22 3a 22 70 72 6f 67 72 65 73 73 22 2c 22 72 65 63 65 69 76 65 64 22 3a 34 36 32 34 32 30 2c 22 74 6f 74 61 6c 22 3a 35 37 30 34 38 30 2c 22 70 65 72 63 65 6e 74 22 3a 38 31 7d'
}
Notification received: 7b 22 74 79 70 65 22 3a 22 6f 74 61 22 2c 22 73 74 61 74 75 73 22 3a 22 70 72 6f 67 72 65 73 73 22 2c 22 72 65 63 65 69 76 65 64 22 3a 34 36 32 37 38 30 2c 22 74 6f 74 61 6c 22 3a 35 37 30 34 38 30 2c 22 70 65 72 63 65 6e 74 22 3a 38 31 7d
[Main -> Renderer] ble:characteristicValueChanged: {
  deviceId: '10b41dcd238d',
  serviceUuid: '4fafc201-1fb5-459e-8fcc-c5c9c331914d',
  characteristicUuid: 'beb5483e-36e1-4688-b7f5-ea07361b26c2',
  value: '7b 22 74 79 70 65 22 3a 22 6f 74 61 22 2c 22 73 74 61 74 75 73 22 3a 22 70 72 6f 67 72 65 73 73 22 2c 22 72 65 63 65 69 76 65 64 22 3a 34 36 32 37 38 30 2c 22 74 6f 74 61 6c 22 3a 35 37 30 34 38 30 2c 22 70 65 72 63 65 6e 74 22 3a 38 31 7d'
}
Notification received: 7b 22 74 79 70 65 22 3a 22 6f 74 61 22 2c 22 73 74 61 74 75 73 22 3a 22 70 72 6f 67 72 65 73 73 22 2c 22 72 65 63 65 69 76 65 64 22 3a 34 36 33 31 34 30 2c 22 74 6f 74 61 6c 22 3a 35 37 30 34 38 30 2c 22 70 65 72 63 65 6e 74 22 3a 38 31 7d
[Main -> Renderer] ble:characteristicValueChanged: {
  deviceId: '10b41dcd238d',
  serviceUuid: '4fafc201-1fb5-459e-8fcc-c5c9c331914d',
  characteristicUuid: 'beb5483e-36e1-4688-b7f5-ea07361b26c2',
  value: '7b 22 74 79 70 65 22 3a 22 6f 74 61 22 2c 22 73 74 61 74 75 73 22 3a 22 70 72 6f 67 72 65 73 73 22 2c 22 72 65 63 65 69 76 65 64 22 3a 34 36 33 31 34 30 2c 22 74 6f 74 61 6c 22 3a 35 37 30 34 38 30 2c 22 70 65 72 63 65 6e 74 22 3a 38 31 7d'
}
Notification received: 7b 22 74 79 70 65 22 3a 22 6f 74 61 22 2c 22 73 74 61 74 75 73 22 3a 22 70 72 6f 67 72 65 73 73 22 2c 22 72 65 63 65 69 76 65 64 22 3a 34 36 33 35 30 30 2c 22 74 6f 74 61 6c 22 3a 35 37 30 34 38 30 2c 22 70 65 72 63 65 6e 74 22 3a 38 31 7d
[Main -> Renderer] ble:characteristicValueChanged: {
  deviceId: '10b41dcd238d',
  serviceUuid: '4fafc201-1fb5-459e-8fcc-c5c9c331914d',
  characteristicUuid: 'beb5483e-36e1-4688-b7f5-ea07361b26c2',
  value: '7b 22 74 79 70 65 22 3a 22 6f 74 61 22 2c 22 73 74 61 74 75 73 22 3a 22 70 72 6f 67 72 65 73 73 22 2c 22 72 65 63 65 69 76 65 64 22 3a 34 36 33 35 30 30 2c 22 74 6f 74 61 6c 22 3a 35 37 30 34 38 30 2c 22 70 65 72 63 65 6e 74 22 3a 38 31 7d'
}
Notification received: 7b 22 74 79 70 65 22 3a 22 6f 74 61 22 2c 22 73 74 61 74 75 73 22 3a 22 70 72 6f 67 72 65 73 73 22 2c 22 72 65 63 65 69 76 65 64 22 3a 34 36 34 30 34 30 2c 22 74 6f 74 61 6c 22 3a 35 37 30 34 38 30 2c 22 70 65 72 63 65 6e 74 22 3a 38 31 7d
[Main -> Renderer] ble:characteristicValueChanged: {
  deviceId: '10b41dcd238d',
  serviceUuid: '4fafc201-1fb5-459e-8fcc-c5c9c331914d',
  characteristicUuid: 'beb5483e-36e1-4688-b7f5-ea07361b26c2',
  value: '7b 22 74 79 70 65 22 3a 22 6f 74 61 22 2c 22 73 74 61 74 75 73 22 3a 22 70 72 6f 67 72 65 73 73 22 2c 22 72 65 63 65 69 76 65 64 22 3a 34 36 34 30 34 30 2c 22 74 6f 74 61 6c 22 3a 35 37 30 34 38 30 2c 22 70 65 72 63 65 6e 74 22 3a 38 31 7d'
}
Notification received: 7b 22 74 79 70 65 22 3a 22 6f 74 61 22 2c 22 73 74 61 74 75 73 22 3a 22 70 72 6f 67 72 65 73 73 22 2c 22 72 65 63 65 69 76 65 64 22 3a 34 36 34 34 30 30 2c 22 74 6f 74 61 6c 22 3a 35 37 30 34 38 30 2c 22 70 65 72 63 65 6e 74 22 3a 38 31 7d
[Main -> Renderer] ble:characteristicValueChanged: {
  deviceId: '10b41dcd238d',
  serviceUuid: '4fafc201-1fb5-459e-8fcc-c5c9c331914d',
  characteristicUuid: 'beb5483e-36e1-4688-b7f5-ea07361b26c2',
  value: '7b 22 74 79 70 65 22 3a 22 6f 74 61 22 2c 22 73 74 61 74 75 73 22 3a 22 70 72 6f 67 72 65 73 73 22 2c 22 72 65 63 65 69 76 65 64 22 3a 34 36 34 34 30 30 2c 22 74 6f 74 61 6c 22 3a 35 37 30 34 38 30 2c 22 70 65 72 63 65 6e 74 22 3a 38 31 7d'
}
Notification received: 7b 22 74 79 70 65 22 3a 22 6f 74 61 22 2c 22 73 74 61 74 75 73 22 3a 22 70 72 6f 67 72 65 73 73 22 2c 22 72 65 63 65 69 76 65 64 22 3a 34 36 34 37 36 30 2c 22 74 6f 74 61 6c 22 3a 35 37 30 34 38 30 2c 22 70 65 72 63 65 6e 74 22 3a 38 31 7d
[Main -> Renderer] ble:characteristicValueChanged: {
  deviceId: '10b41dcd238d',
  serviceUuid: '4fafc201-1fb5-459e-8fcc-c5c9c331914d',
  characteristicUuid: 'beb5483e-36e1-4688-b7f5-ea07361b26c2',
  value: '7b 22 74 79 70 65 22 3a 22 6f 74 61 22 2c 22 73 74 61 74 75 73 22 3a 22 70 72 6f 67 72 65 73 73 22 2c 22 72 65 63 65 69 76 65 64 22 3a 34 36 34 37 36 30 2c 22 74 6f 74 61 6c 22 3a 35 37 30 34 38 30 2c 22 70 65 72 63 65 6e 74 22 3a 38 31 7d'
}
Notification received: 7b 22 74 79 70 65 22 3a 22 6f 74 61 22 2c 22 73 74 61 74 75 73 22 3a 22 70 72 6f 67 72 65 73 73 22 2c 22 72 65 63 65 69 76 65 64 22 3a 34 36 35 31 32 30 2c 22 74 6f 74 61 6c 22 3a 35 37 30 34 38 30 2c 22 70 65 72 63 65 6e 74 22 3a 38 31 7d
[Main -> Renderer] ble:characteristicValueChanged: {
  deviceId: '10b41dcd238d',
  serviceUuid: '4fafc201-1fb5-459e-8fcc-c5c9c331914d',
  characteristicUuid: 'beb5483e-36e1-4688-b7f5-ea07361b26c2',
  value: '7b 22 74 79 70 65 22 3a 22 6f 74 61 22 2c 22 73 74 61 74 75 73 22 3a 22 70 72 6f 67 72 65 73 73 22 2c 22 72 65 63 65 69 76 65 64 22 3a 34 36 35 31 32 30 2c 22 74 6f 74 61 6c 22 3a 35 37 30 34 38 30 2c 22 70 65 72 63 65 6e 74 22 3a 38 31 7d'
}
Notification received: 7b 22 74 79 70 65 22 3a 22 6f 74 61 22 2c 22 73 74 61 74 75 73 22 3a 22 70 72 6f 67 72 65 73 73 22 2c 22 72 65 63 65 69 76 65 64 22 3a 34 36 35 34 38 30 2c 22 74 6f 74 61 6c 22 3a 35 37 30 34 38 30 2c 22 70 65 72 63 65 6e 74 22 3a 38 31 7d
[Main -> Renderer] ble:characteristicValueChanged: {
  deviceId: '10b41dcd238d',
  serviceUuid: '4fafc201-1fb5-459e-8fcc-c5c9c331914d',
  characteristicUuid: 'beb5483e-36e1-4688-b7f5-ea07361b26c2',
  value: '7b 22 74 79 70 65 22 3a 22 6f 74 61 22 2c 22 73 74 61 74 75 73 22 3a 22 70 72 6f 67 72 65 73 73 22 2c 22 72 65 63 65 69 76 65 64 22 3a 34 36 35 34 38 30 2c 22 74 6f 74 61 6c 22 3a 35 37 30 34 38 30 2c 22 70 65 72 63 65 6e 74 22 3a 38 31 7d'
}
Notification received: 7b 22 74 79 70 65 22 3a 22 6f 74 61 22 2c 22 73 74 61 74 75 73 22 3a 22 70 72 6f 67 72 65 73 73 22 2c 22 72 65 63 65 69 76 65 64 22 3a 34 36 35 38 34 30 2c 22 74 6f 74 61 6c 22 3a 35 37 30 34 38 30 2c 22 70 65 72 63 65 6e 74 22 3a 38 31 7d
[Main -> Renderer] ble:characteristicValueChanged: {
  deviceId: '10b41dcd238d',
  serviceUuid: '4fafc201-1fb5-459e-8fcc-c5c9c331914d',
  characteristicUuid: 'beb5483e-36e1-4688-b7f5-ea07361b26c2',
  value: '7b 22 74 79 70 65 22 3a 22 6f 74 61 22 2c 22 73 74 61 74 75 73 22 3a 22 70 72 6f 67 72 65 73 73 22 2c 22 72 65 63 65 69 76 65 64 22 3a 34 36 35 38 34 30 2c 22 74 6f 74 61 6c 22 3a 35 37 30 34 38 30 2c 22 70 65 72 63 65 6e 74 22 3a 38 31 7d'
}
Notification received: 7b 22 74 79 70 65 22 3a 22 6f 74 61 22 2c 22 73 74 61 74 75 73 22 3a 22 70 72 6f 67 72 65 73 73 22 2c 22 72 65 63 65 69 76 65 64 22 3a 34 36 36 32 30 30 2c 22 74 6f 74 61 6c 22 3a 35 37 30 34 38 30 2c 22 70 65 72 63 65 6e 74 22 3a 38 31 7d
[Main -> Renderer] ble:characteristicValueChanged: {
  deviceId: '10b41dcd238d',
  serviceUuid: '4fafc201-1fb5-459e-8fcc-c5c9c331914d',
  characteristicUuid: 'beb5483e-36e1-4688-b7f5-ea07361b26c2',
  value: '7b 22 74 79 70 65 22 3a 22 6f 74 61 22 2c 22 73 74 61 74 75 73 22 3a 22 70 72 6f 67 72 65 73 73 22 2c 22 72 65 63 65 69 76 65 64 22 3a 34 36 36 32 30 30 2c 22 74 6f 74 61 6c 22 3a 35 37 30 34 38 30 2c 22 70 65 72 63 65 6e 74 22 3a 38 31 7d'
}
Notification received: 7b 22 74 79 70 65 22 3a 22 6f 74 61 22 2c 22 73 74 61 74 75 73 22 3a 22 70 72 6f 67 72 65 73 73 22 2c 22 72 65 63 65 69 76 65 64 22 3a 34 36 36 35 36 30 2c 22 74 6f 74 61 6c 22 3a 35 37 30 34 38 30 2c 22 70 65 72 63 65 6e 74 22 3a 38 31 7d
[Main -> Renderer] ble:characteristicValueChanged: {
  deviceId: '10b41dcd238d',
  serviceUuid: '4fafc201-1fb5-459e-8fcc-c5c9c331914d',
  characteristicUuid: 'beb5483e-36e1-4688-b7f5-ea07361b26c2',
  value: '7b 22 74 79 70 65 22 3a 22 6f 74 61 22 2c 22 73 74 61 74 75 73 22 3a 22 70 72 6f 67 72 65 73 73 22 2c 22 72 65 63 65 69 76 65 64 22 3a 34 36 36 35 36 30 2c 22 74 6f 74 61 6c 22 3a 35 37 30 34 38 30 2c 22 70 65 72 63 65 6e 74 22 3a 38 31 7d'
}
Notification received: 7b 22 74 79 70 65 22 3a 22 6f 74 61 22 2c 22 73 74 61 74 75 73 22 3a 22 70 72 6f 67 72 65 73 73 22 2c 22 72 65 63 65 69 76 65 64 22 3a 34 36 37 31 30 30 2c 22 74 6f 74 61 6c 22 3a 35 37 30 34 38 30 2c 22 70 65 72 63 65 6e 74 22 3a 38 31 7d
[Main -> Renderer] ble:characteristicValueChanged: {
  deviceId: '10b41dcd238d',
  serviceUuid: '4fafc201-1fb5-459e-8fcc-c5c9c331914d',
  characteristicUuid: 'beb5483e-36e1-4688-b7f5-ea07361b26c2',
  value: '7b 22 74 79 70 65 22 3a 22 6f 74 61 22 2c 22 73 74 61 74 75 73 22 3a 22 70 72 6f 67 72 65 73 73 22 2c 22 72 65 63 65 69 76 65 64 22 3a 34 36 37 31 30 30 2c 22 74 6f 74 61 6c 22 3a 35 37 30 34 38 30 2c 22 70 65 72 63 65 6e 74 22 3a 38 31 7d'
}
Notification received: 7b 22 74 79 70 65 22 3a 22 6f 74 61 22 2c 22 73 74 61 74 75 73 22 3a 22 70 72 6f 67 72 65 73 73 22 2c 22 72 65 63 65 69 76 65 64 22 3a 34 36 37 34 36 30 2c 22 74 6f 74 61 6c 22 3a 35 37 30 34 38 30 2c 22 70 65 72 63 65 6e 74 22 3a 38 31 7d
[Main -> Renderer] ble:characteristicValueChanged: {
  deviceId: '10b41dcd238d',
  serviceUuid: '4fafc201-1fb5-459e-8fcc-c5c9c331914d',
  characteristicUuid: 'beb5483e-36e1-4688-b7f5-ea07361b26c2',
  value: '7b 22 74 79 70 65 22 3a 22 6f 74 61 22 2c 22 73 74 61 74 75 73 22 3a 22 70 72 6f 67 72 65 73 73 22 2c 22 72 65 63 65 69 76 65 64 22 3a 34 36 37 34 36 30 2c 22 74 6f 74 61 6c 22 3a 35 37 30 34 38 30 2c 22 70 65 72 63 65 6e 74 22 3a 38 31 7d'
}
Notification received: 7b 22 74 79 70 65 22 3a 22 6f 74 61 22 2c 22 73 74 61 74 75 73 22 3a 22 70 72 6f 67 72 65 73 73 22 2c 22 72 65 63 65 69 76 65 64 22 3a 34 36 38 30 30 30 2c 22 74 6f 74 61 6c 22 3a 35 37 30 34 38 30 2c 22 70 65 72 63 65 6e 74 22 3a 38 32 7d
[Main -> Renderer] ble:characteristicValueChanged: {
  deviceId: '10b41dcd238d',
  serviceUuid: '4fafc201-1fb5-459e-8fcc-c5c9c331914d',
  characteristicUuid: 'beb5483e-36e1-4688-b7f5-ea07361b26c2',
  value: '7b 22 74 79 70 65 22 3a 22 6f 74 61 22 2c 22 73 74 61 74 75 73 22 3a 22 70 72 6f 67 72 65 73 73 22 2c 22 72 65 63 65 69 76 65 64 22 3a 34 36 38 30 30 30 2c 22 74 6f 74 61 6c 22 3a 35 37 30 34 38 30 2c 22 70 65 72 63 65 6e 74 22 3a 38 32 7d'
}
Notification received: 7b 22 74 79 70 65 22 3a 22 6f 74 61 22 2c 22 73 74 61 74 75 73 22 3a 22 70 72 6f 67 72 65 73 73 22 2c 22 72 65 63 65 69 76 65 64 22 3a 34 36 38 35 34 30 2c 22 74 6f 74 61 6c 22 3a 35 37 30 34 38 30 2c 22 70 65 72 63 65 6e 74 22 3a 38 32 7d
[Main -> Renderer] ble:characteristicValueChanged: {
  deviceId: '10b41dcd238d',
  serviceUuid: '4fafc201-1fb5-459e-8fcc-c5c9c331914d',
  characteristicUuid: 'beb5483e-36e1-4688-b7f5-ea07361b26c2',
  value: '7b 22 74 79 70 65 22 3a 22 6f 74 61 22 2c 22 73 74 61 74 75 73 22 3a 22 70 72 6f 67 72 65 73 73 22 2c 22 72 65 63 65 69 76 65 64 22 3a 34 36 38 35 34 30 2c 22 74 6f 74 61 6c 22 3a 35 37 30 34 38 30 2c 22 70 65 72 63 65 6e 74 22 3a 38 32 7d'
}
Notification received: 7b 22 74 79 70 65 22 3a 22 6f 74 61 22 2c 22 73 74 61 74 75 73 22 3a 22 70 72 6f 67 72 65 73 73 22 2c 22 72 65 63 65 69 76 65 64 22 3a 34 36 39 30 38 30 2c 22 74 6f 74 61 6c 22 3a 35 37 30 34 38 30 2c 22 70 65 72 63 65 6e 74 22 3a 38 32 7d
[Main -> Renderer] ble:characteristicValueChanged: {
  deviceId: '10b41dcd238d',
  serviceUuid: '4fafc201-1fb5-459e-8fcc-c5c9c331914d',
  characteristicUuid: 'beb5483e-36e1-4688-b7f5-ea07361b26c2',
  value: '7b 22 74 79 70 65 22 3a 22 6f 74 61 22 2c 22 73 74 61 74 75 73 22 3a 22 70 72 6f 67 72 65 73 73 22 2c 22 72 65 63 65 69 76 65 64 22 3a 34 36 39 30 38 30 2c 22 74 6f 74 61 6c 22 3a 35 37 30 34 38 30 2c 22 70 65 72 63 65 6e 74 22 3a 38 32 7d'
}
Notification received: 7b 22 74 79 70 65 22 3a 22 6f 74 61 22 2c 22 73 74 61 74 75 73 22 3a 22 70 72 6f 67 72 65 73 73 22 2c 22 72 65 63 65 69 76 65 64 22 3a 34 36 39 36 32 30 2c 22 74 6f 74 61 6c 22 3a 35 37 30 34 38 30 2c 22 70 65 72 63 65 6e 74 22 3a 38 32 7d
[Main -> Renderer] ble:characteristicValueChanged: {
  deviceId: '10b41dcd238d',
  serviceUuid: '4fafc201-1fb5-459e-8fcc-c5c9c331914d',
  characteristicUuid: 'beb5483e-36e1-4688-b7f5-ea07361b26c2',
  value: '7b 22 74 79 70 65 22 3a 22 6f 74 61 22 2c 22 73 74 61 74 75 73 22 3a 22 70 72 6f 67 72 65 73 73 22 2c 22 72 65 63 65 69 76 65 64 22 3a 34 36 39 36 32 30 2c 22 74 6f 74 61 6c 22 3a 35 37 30 34 38 30 2c 22 70 65 72 63 65 6e 74 22 3a 38 32 7d'
}
Notification received: 7b 22 74 79 70 65 22 3a 22 6f 74 61 22 2c 22 73 74 61 74 75 73 22 3a 22 70 72 6f 67 72 65 73 73 22 2c 22 72 65 63 65 69 76 65 64 22 3a 34 36 39 39 38 30 2c 22 74 6f 74 61 6c 22 3a 35 37 30 34 38 30 2c 22 70 65 72 63 65 6e 74 22 3a 38 32 7d
[Main -> Renderer] ble:characteristicValueChanged: {
  deviceId: '10b41dcd238d',
  serviceUuid: '4fafc201-1fb5-459e-8fcc-c5c9c331914d',
  characteristicUuid: 'beb5483e-36e1-4688-b7f5-ea07361b26c2',
  value: '7b 22 74 79 70 65 22 3a 22 6f 74 61 22 2c 22 73 74 61 74 75 73 22 3a 22 70 72 6f 67 72 65 73 73 22 2c 22 72 65 63 65 69 76 65 64 22 3a 34 36 39 39 38 30 2c 22 74 6f 74 61 6c 22 3a 35 37 30 34 38 30 2c 22 70 65 72 63 65 6e 74 22 3a 38 32 7d'
}
Notification received: 7b 22 74 79 70 65 22 3a 22 6f 74 61 22 2c 22 73 74 61 74 75 73 22 3a 22 70 72 6f 67 72 65 73 73 22 2c 22 72 65 63 65 69 76 65 64 22 3a 34 37 30 35 32 30 2c 22 74 6f 74 61 6c 22 3a 35 37 30 34 38 30 2c 22 70 65 72 63 65 6e 74 22 3a 38 32 7d
[Main -> Renderer] ble:characteristicValueChanged: {
  deviceId: '10b41dcd238d',
  serviceUuid: '4fafc201-1fb5-459e-8fcc-c5c9c331914d',
  characteristicUuid: 'beb5483e-36e1-4688-b7f5-ea07361b26c2',
  value: '7b 22 74 79 70 65 22 3a 22 6f 74 61 22 2c 22 73 74 61 74 75 73 22 3a 22 70 72 6f 67 72 65 73 73 22 2c 22 72 65 63 65 69 76 65 64 22 3a 34 37 30 35 32 30 2c 22 74 6f 74 61 6c 22 3a 35 37 30 34 38 30 2c 22 70 65 72 63 65 6e 74 22 3a 38 32 7d'
}
Notification received: 7b 22 74 79 70 65 22 3a 22 6f 74 61 22 2c 22 73 74 61 74 75 73 22 3a 22 70 72 6f 67 72 65 73 73 22 2c 22 72 65 63 65 69 76 65 64 22 3a 34 37 31 30 36 30 2c 22 74 6f 74 61 6c 22 3a 35 37 30 34 38 30 2c 22 70 65 72 63 65 6e 74 22 3a 38 32 7d
[Main -> Renderer] ble:characteristicValueChanged: {
  deviceId: '10b41dcd238d',
  serviceUuid: '4fafc201-1fb5-459e-8fcc-c5c9c331914d',
  characteristicUuid: 'beb5483e-36e1-4688-b7f5-ea07361b26c2',
  value: '7b 22 74 79 70 65 22 3a 22 6f 74 61 22 2c 22 73 74 61 74 75 73 22 3a 22 70 72 6f 67 72 65 73 73 22 2c 22 72 65 63 65 69 76 65 64 22 3a 34 37 31 30 36 30 2c 22 74 6f 74 61 6c 22 3a 35 37 30 34 38 30 2c 22 70 65 72 63 65 6e 74 22 3a 38 32 7d'
}
Notification received: 7b 22 74 79 70 65 22 3a 22 6f 74 61 22 2c 22 73 74 61 74 75 73 22 3a 22 70 72 6f 67 72 65 73 73 22 2c 22 72 65 63 65 69 76 65 64 22 3a 34 37 31 36 30 30 2c 22 74 6f 74 61 6c 22 3a 35 37 30 34 38 30 2c 22 70 65 72 63 65 6e 74 22 3a 38 32 7d
[Main -> Renderer] ble:characteristicValueChanged: {
  deviceId: '10b41dcd238d',
  serviceUuid: '4fafc201-1fb5-459e-8fcc-c5c9c331914d',
  characteristicUuid: 'beb5483e-36e1-4688-b7f5-ea07361b26c2',
  value: '7b 22 74 79 70 65 22 3a 22 6f 74 61 22 2c 22 73 74 61 74 75 73 22 3a 22 70 72 6f 67 72 65 73 73 22 2c 22 72 65 63 65 69 76 65 64 22 3a 34 37 31 36 30 30 2c 22 74 6f 74 61 6c 22 3a 35 37 30 34 38 30 2c 22 70 65 72 63 65 6e 74 22 3a 38 32 7d'
}
Notification received: 7b 22 74 79 70 65 22 3a 22 6f 74 61 22 2c 22 73 74 61 74 75 73 22 3a 22 70 72 6f 67 72 65 73 73 22 2c 22 72 65 63 65 69 76 65 64 22 3a 34 37 31 39 36 30 2c 22 74 6f 74 61 6c 22 3a 35 37 30 34 38 30 2c 22 70 65 72 63 65 6e 74 22 3a 38 32 7d
[Main -> Renderer] ble:characteristicValueChanged: {
  deviceId: '10b41dcd238d',
  serviceUuid: '4fafc201-1fb5-459e-8fcc-c5c9c331914d',
  characteristicUuid: 'beb5483e-36e1-4688-b7f5-ea07361b26c2',
  value: '7b 22 74 79 70 65 22 3a 22 6f 74 61 22 2c 22 73 74 61 74 75 73 22 3a 22 70 72 6f 67 72 65 73 73 22 2c 22 72 65 63 65 69 76 65 64 22 3a 34 37 31 39 36 30 2c 22 74 6f 74 61 6c 22 3a 35 37 30 34 38 30 2c 22 70 65 72 63 65 6e 74 22 3a 38 32 7d'
}
Notification received: 7b 22 74 79 70 65 22 3a 22 6f 74 61 22 2c 22 73 74 61 74 75 73 22 3a 22 70 72 6f 67 72 65 73 73 22 2c 22 72 65 63 65 69 76 65 64 22 3a 34 37 32 33 32 30 2c 22 74 6f 74 61 6c 22 3a 35 37 30 34 38 30 2c 22 70 65 72 63 65 6e 74 22 3a 38 32 7d
[Main -> Renderer] ble:characteristicValueChanged: {
  deviceId: '10b41dcd238d',
  serviceUuid: '4fafc201-1fb5-459e-8fcc-c5c9c331914d',
  characteristicUuid: 'beb5483e-36e1-4688-b7f5-ea07361b26c2',
  value: '7b 22 74 79 70 65 22 3a 22 6f 74 61 22 2c 22 73 74 61 74 75 73 22 3a 22 70 72 6f 67 72 65 73 73 22 2c 22 72 65 63 65 69 76 65 64 22 3a 34 37 32 33 32 30 2c 22 74 6f 74 61 6c 22 3a 35 37 30 34 38 30 2c 22 70 65 72 63 65 6e 74 22 3a 38 32 7d'
}
Notification received: 7b 22 74 79 70 65 22 3a 22 6f 74 61 22 2c 22 73 74 61 74 75 73 22 3a 22 70 72 6f 67 72 65 73 73 22 2c 22 72 65 63 65 69 76 65 64 22 3a 34 37 32 36 38 30 2c 22 74 6f 74 61 6c 22 3a 35 37 30 34 38 30 2c 22 70 65 72 63 65 6e 74 22 3a 38 32 7d
[Main -> Renderer] ble:characteristicValueChanged: {
  deviceId: '10b41dcd238d',
  serviceUuid: '4fafc201-1fb5-459e-8fcc-c5c9c331914d',
  characteristicUuid: 'beb5483e-36e1-4688-b7f5-ea07361b26c2',
  value: '7b 22 74 79 70 65 22 3a 22 6f 74 61 22 2c 22 73 74 61 74 75 73 22 3a 22 70 72 6f 67 72 65 73 73 22 2c 22 72 65 63 65 69 76 65 64 22 3a 34 37 32 36 38 30 2c 22 74 6f 74 61 6c 22 3a 35 37 30 34 38 30 2c 22 70 65 72 63 65 6e 74 22 3a 38 32 7d'
}
Notification received: 7b 22 74 79 70 65 22 3a 22 6f 74 61 22 2c 22 73 74 61 74 75 73 22 3a 22 70 72 6f 67 72 65 73 73 22 2c 22 72 65 63 65 69 76 65 64 22 3a 34 37 33 30 34 30 2c 22 74 6f 74 61 6c 22 3a 35 37 30 34 38 30 2c 22 70 65 72 63 65 6e 74 22 3a 38 32 7d
[Main -> Renderer] ble:characteristicValueChanged: {
  deviceId: '10b41dcd238d',
  serviceUuid: '4fafc201-1fb5-459e-8fcc-c5c9c331914d',
  characteristicUuid: 'beb5483e-36e1-4688-b7f5-ea07361b26c2',
  value: '7b 22 74 79 70 65 22 3a 22 6f 74 61 22 2c 22 73 74 61 74 75 73 22 3a 22 70 72 6f 67 72 65 73 73 22 2c 22 72 65 63 65 69 76 65 64 22 3a 34 37 33 30 34 30 2c 22 74 6f 74 61 6c 22 3a 35 37 30 34 38 30 2c 22 70 65 72 63 65 6e 74 22 3a 38 32 7d'
}
Notification received: 7b 22 74 79 70 65 22 3a 22 6f 74 61 22 2c 22 73 74 61 74 75 73 22 3a 22 70 72 6f 67 72 65 73 73 22 2c 22 72 65 63 65 69 76 65 64 22 3a 34 37 33 35 38 30 2c 22 74 6f 74 61 6c 22 3a 35 37 30 34 38 30 2c 22 70 65 72 63 65 6e 74 22 3a 38 33 7d
[Main -> Renderer] ble:characteristicValueChanged: {
  deviceId: '10b41dcd238d',
  serviceUuid: '4fafc201-1fb5-459e-8fcc-c5c9c331914d',
  characteristicUuid: 'beb5483e-36e1-4688-b7f5-ea07361b26c2',
  value: '7b 22 74 79 70 65 22 3a 22 6f 74 61 22 2c 22 73 74 61 74 75 73 22 3a 22 70 72 6f 67 72 65 73 73 22 2c 22 72 65 63 65 69 76 65 64 22 3a 34 37 33 35 38 30 2c 22 74 6f 74 61 6c 22 3a 35 37 30 34 38 30 2c 22 70 65 72 63 65 6e 74 22 3a 38 33 7d'
}
Notification received: 7b 22 74 79 70 65 22 3a 22 6f 74 61 22 2c 22 73 74 61 74 75 73 22 3a 22 70 72 6f 67 72 65 73 73 22 2c 22 72 65 63 65 69 76 65 64 22 3a 34 37 33 39 34 30 2c 22 74 6f 74 61 6c 22 3a 35 37 30 34 38 30 2c 22 70 65 72 63 65 6e 74 22 3a 38 33 7d
[Main -> Renderer] ble:characteristicValueChanged: {
  deviceId: '10b41dcd238d',
  serviceUuid: '4fafc201-1fb5-459e-8fcc-c5c9c331914d',
  characteristicUuid: 'beb5483e-36e1-4688-b7f5-ea07361b26c2',
  value: '7b 22 74 79 70 65 22 3a 22 6f 74 61 22 2c 22 73 74 61 74 75 73 22 3a 22 70 72 6f 67 72 65 73 73 22 2c 22 72 65 63 65 69 76 65 64 22 3a 34 37 33 39 34 30 2c 22 74 6f 74 61 6c 22 3a 35 37 30 34 38 30 2c 22 70 65 72 63 65 6e 74 22 3a 38 33 7d'
}
Notification received: 7b 22 74 79 70 65 22 3a 22 6f 74 61 22 2c 22 73 74 61 74 75 73 22 3a 22 70 72 6f 67 72 65 73 73 22 2c 22 72 65 63 65 69 76 65 64 22 3a 34 37 34 33 30 30 2c 22 74 6f 74 61 6c 22 3a 35 37 30 34 38 30 2c 22 70 65 72 63 65 6e 74 22 3a 38 33 7d
[Main -> Renderer] ble:characteristicValueChanged: {
  deviceId: '10b41dcd238d',
  serviceUuid: '4fafc201-1fb5-459e-8fcc-c5c9c331914d',
  characteristicUuid: 'beb5483e-36e1-4688-b7f5-ea07361b26c2',
  value: '7b 22 74 79 70 65 22 3a 22 6f 74 61 22 2c 22 73 74 61 74 75 73 22 3a 22 70 72 6f 67 72 65 73 73 22 2c 22 72 65 63 65 69 76 65 64 22 3a 34 37 34 33 30 30 2c 22 74 6f 74 61 6c 22 3a 35 37 30 34 38 30 2c 22 70 65 72 63 65 6e 74 22 3a 38 33 7d'
}
Notification received: 7b 22 74 79 70 65 22 3a 22 6f 74 61 22 2c 22 73 74 61 74 75 73 22 3a 22 70 72 6f 67 72 65 73 73 22 2c 22 72 65 63 65 69 76 65 64 22 3a 34 37 34 36 36 30 2c 22 74 6f 74 61 6c 22 3a 35 37 30 34 38 30 2c 22 70 65 72 63 65 6e 74 22 3a 38 33 7d
[Main -> Renderer] ble:characteristicValueChanged: {
  deviceId: '10b41dcd238d',
  serviceUuid: '4fafc201-1fb5-459e-8fcc-c5c9c331914d',
  characteristicUuid: 'beb5483e-36e1-4688-b7f5-ea07361b26c2',
  value: '7b 22 74 79 70 65 22 3a 22 6f 74 61 22 2c 22 73 74 61 74 75 73 22 3a 22 70 72 6f 67 72 65 73 73 22 2c 22 72 65 63 65 69 76 65 64 22 3a 34 37 34 36 36 30 2c 22 74 6f 74 61 6c 22 3a 35 37 30 34 38 30 2c 22 70 65 72 63 65 6e 74 22 3a 38 33 7d'
}
Notification received: 7b 22 74 79 70 65 22 3a 22 6f 74 61 22 2c 22 73 74 61 74 75 73 22 3a 22 70 72 6f 67 72 65 73 73 22 2c 22 72 65 63 65 69 76 65 64 22 3a 34 37 35 30 32 30 2c 22 74 6f 74 61 6c 22 3a 35 37 30 34 38 30 2c 22 70 65 72 63 65 6e 74 22 3a 38 33 7d
[Main -> Renderer] ble:characteristicValueChanged: {
  deviceId: '10b41dcd238d',
  serviceUuid: '4fafc201-1fb5-459e-8fcc-c5c9c331914d',
  characteristicUuid: 'beb5483e-36e1-4688-b7f5-ea07361b26c2',
  value: '7b 22 74 79 70 65 22 3a 22 6f 74 61 22 2c 22 73 74 61 74 75 73 22 3a 22 70 72 6f 67 72 65 73 73 22 2c 22 72 65 63 65 69 76 65 64 22 3a 34 37 35 30 32 30 2c 22 74 6f 74 61 6c 22 3a 35 37 30 34 38 30 2c 22 70 65 72 63 65 6e 74 22 3a 38 33 7d'
}
Notification received: 7b 22 74 79 70 65 22 3a 22 6f 74 61 22 2c 22 73 74 61 74 75 73 22 3a 22 70 72 6f 67 72 65 73 73 22 2c 22 72 65 63 65 69 76 65 64 22 3a 34 37 35 33 38 30 2c 22 74 6f 74 61 6c 22 3a 35 37 30 34 38 30 2c 22 70 65 72 63 65 6e 74 22 3a 38 33 7d
[Main -> Renderer] ble:characteristicValueChanged: {
  deviceId: '10b41dcd238d',
  serviceUuid: '4fafc201-1fb5-459e-8fcc-c5c9c331914d',
  characteristicUuid: 'beb5483e-36e1-4688-b7f5-ea07361b26c2',
  value: '7b 22 74 79 70 65 22 3a 22 6f 74 61 22 2c 22 73 74 61 74 75 73 22 3a 22 70 72 6f 67 72 65 73 73 22 2c 22 72 65 63 65 69 76 65 64 22 3a 34 37 35 33 38 30 2c 22 74 6f 74 61 6c 22 3a 35 37 30 34 38 30 2c 22 70 65 72 63 65 6e 74 22 3a 38 33 7d'
}
Notification received: 7b 22 74 79 70 65 22 3a 22 6f 74 61 22 2c 22 73 74 61 74 75 73 22 3a 22 70 72 6f 67 72 65 73 73 22 2c 22 72 65 63 65 69 76 65 64 22 3a 34 37 35 37 34 30 2c 22 74 6f 74 61 6c 22 3a 35 37 30 34 38 30 2c 22 70 65 72 63 65 6e 74 22 3a 38 33 7d
[Main -> Renderer] ble:characteristicValueChanged: {
  deviceId: '10b41dcd238d',
  serviceUuid: '4fafc201-1fb5-459e-8fcc-c5c9c331914d',
  characteristicUuid: 'beb5483e-36e1-4688-b7f5-ea07361b26c2',
  value: '7b 22 74 79 70 65 22 3a 22 6f 74 61 22 2c 22 73 74 61 74 75 73 22 3a 22 70 72 6f 67 72 65 73 73 22 2c 22 72 65 63 65 69 76 65 64 22 3a 34 37 35 37 34 30 2c 22 74 6f 74 61 6c 22 3a 35 37 30 34 38 30 2c 22 70 65 72 63 65 6e 74 22 3a 38 33 7d'
}
Notification received: 7b 22 74 79 70 65 22 3a 22 6f 74 61 22 2c 22 73 74 61 74 75 73 22 3a 22 70 72 6f 67 72 65 73 73 22 2c 22 72 65 63 65 69 76 65 64 22 3a 34 37 36 31 30 30 2c 22 74 6f 74 61 6c 22 3a 35 37 30 34 38 30 2c 22 70 65 72 63 65 6e 74 22 3a 38 33 7d
[Main -> Renderer] ble:characteristicValueChanged: {
  deviceId: '10b41dcd238d',
  serviceUuid: '4fafc201-1fb5-459e-8fcc-c5c9c331914d',
  characteristicUuid: 'beb5483e-36e1-4688-b7f5-ea07361b26c2',
  value: '7b 22 74 79 70 65 22 3a 22 6f 74 61 22 2c 22 73 74 61 74 75 73 22 3a 22 70 72 6f 67 72 65 73 73 22 2c 22 72 65 63 65 69 76 65 64 22 3a 34 37 36 31 30 30 2c 22 74 6f 74 61 6c 22 3a 35 37 30 34 38 30 2c 22 70 65 72 63 65 6e 74 22 3a 38 33 7d'
}
Notification received: 7b 22 74 79 70 65 22 3a 22 6f 74 61 22 2c 22 73 74 61 74 75 73 22 3a 22 70 72 6f 67 72 65 73 73 22 2c 22 72 65 63 65 69 76 65 64 22 3a 34 37 36 34 36 30 2c 22 74 6f 74 61 6c 22 3a 35 37 30 34 38 30 2c 22 70 65 72 63 65 6e 74 22 3a 38 33 7d
[Main -> Renderer] ble:characteristicValueChanged: {
  deviceId: '10b41dcd238d',
  serviceUuid: '4fafc201-1fb5-459e-8fcc-c5c9c331914d',
  characteristicUuid: 'beb5483e-36e1-4688-b7f5-ea07361b26c2',
  value: '7b 22 74 79 70 65 22 3a 22 6f 74 61 22 2c 22 73 74 61 74 75 73 22 3a 22 70 72 6f 67 72 65 73 73 22 2c 22 72 65 63 65 69 76 65 64 22 3a 34 37 36 34 36 30 2c 22 74 6f 74 61 6c 22 3a 35 37 30 34 38 30 2c 22 70 65 72 63 65 6e 74 22 3a 38 33 7d'
}
Notification received: 7b 22 74 79 70 65 22 3a 22 6f 74 61 22 2c 22 73 74 61 74 75 73 22 3a 22 70 72 6f 67 72 65 73 73 22 2c 22 72 65 63 65 69 76 65 64 22 3a 34 37 36 38 32 30 2c 22 74 6f 74 61 6c 22 3a 35 37 30 34 38 30 2c 22 70 65 72 63 65 6e 74 22 3a 38 33 7d
[Main -> Renderer] ble:characteristicValueChanged: {
  deviceId: '10b41dcd238d',
  serviceUuid: '4fafc201-1fb5-459e-8fcc-c5c9c331914d',
  characteristicUuid: 'beb5483e-36e1-4688-b7f5-ea07361b26c2',
  value: '7b 22 74 79 70 65 22 3a 22 6f 74 61 22 2c 22 73 74 61 74 75 73 22 3a 22 70 72 6f 67 72 65 73 73 22 2c 22 72 65 63 65 69 76 65 64 22 3a 34 37 36 38 32 30 2c 22 74 6f 74 61 6c 22 3a 35 37 30 34 38 30 2c 22 70 65 72 63 65 6e 74 22 3a 38 33 7d'
}
Notification received: 7b 22 74 79 70 65 22 3a 22 6f 74 61 22 2c 22 73 74 61 74 75 73 22 3a 22 70 72 6f 67 72 65 73 73 22 2c 22 72 65 63 65 69 76 65 64 22 3a 34 37 37 31 38 30 2c 22 74 6f 74 61 6c 22 3a 35 37 30 34 38 30 2c 22 70 65 72 63 65 6e 74 22 3a 38 33 7d
[Main -> Renderer] ble:characteristicValueChanged: {
  deviceId: '10b41dcd238d',
  serviceUuid: '4fafc201-1fb5-459e-8fcc-c5c9c331914d',
  characteristicUuid: 'beb5483e-36e1-4688-b7f5-ea07361b26c2',
  value: '7b 22 74 79 70 65 22 3a 22 6f 74 61 22 2c 22 73 74 61 74 75 73 22 3a 22 70 72 6f 67 72 65 73 73 22 2c 22 72 65 63 65 69 76 65 64 22 3a 34 37 37 31 38 30 2c 22 74 6f 74 61 6c 22 3a 35 37 30 34 38 30 2c 22 70 65 72 63 65 6e 74 22 3a 38 33 7d'
}
Notification received: 7b 22 74 79 70 65 22 3a 22 6f 74 61 22 2c 22 73 74 61 74 75 73 22 3a 22 70 72 6f 67 72 65 73 73 22 2c 22 72 65 63 65 69 76 65 64 22 3a 34 37 37 35 34 30 2c 22 74 6f 74 61 6c 22 3a 35 37 30 34 38 30 2c 22 70 65 72 63 65 6e 74 22 3a 38 33 7d
[Main -> Renderer] ble:characteristicValueChanged: {
  deviceId: '10b41dcd238d',
  serviceUuid: '4fafc201-1fb5-459e-8fcc-c5c9c331914d',
  characteristicUuid: 'beb5483e-36e1-4688-b7f5-ea07361b26c2',
  value: '7b 22 74 79 70 65 22 3a 22 6f 74 61 22 2c 22 73 74 61 74 75 73 22 3a 22 70 72 6f 67 72 65 73 73 22 2c 22 72 65 63 65 69 76 65 64 22 3a 34 37 37 35 34 30 2c 22 74 6f 74 61 6c 22 3a 35 37 30 34 38 30 2c 22 70 65 72 63 65 6e 74 22 3a 38 33 7d'
}
Notification received: 7b 22 74 79 70 65 22 3a 22 6f 74 61 22 2c 22 73 74 61 74 75 73 22 3a 22 70 72 6f 67 72 65 73 73 22 2c 22 72 65 63 65 69 76 65 64 22 3a 34 37 37 39 30 30 2c 22 74 6f 74 61 6c 22 3a 35 37 30 34 38 30 2c 22 70 65 72 63 65 6e 74 22 3a 38 33 7d
[Main -> Renderer] ble:characteristicValueChanged: {
  deviceId: '10b41dcd238d',
  serviceUuid: '4fafc201-1fb5-459e-8fcc-c5c9c331914d',
  characteristicUuid: 'beb5483e-36e1-4688-b7f5-ea07361b26c2',
  value: '7b 22 74 79 70 65 22 3a 22 6f 74 61 22 2c 22 73 74 61 74 75 73 22 3a 22 70 72 6f 67 72 65 73 73 22 2c 22 72 65 63 65 69 76 65 64 22 3a 34 37 37 39 30 30 2c 22 74 6f 74 61 6c 22 3a 35 37 30 34 38 30 2c 22 70 65 72 63 65 6e 74 22 3a 38 33 7d'
}
Notification received: 7b 22 74 79 70 65 22 3a 22 6f 74 61 22 2c 22 73 74 61 74 75 73 22 3a 22 70 72 6f 67 72 65 73 73 22 2c 22 72 65 63 65 69 76 65 64 22 3a 34 37 38 32 36 30 2c 22 74 6f 74 61 6c 22 3a 35 37 30 34 38 30 2c 22 70 65 72 63 65 6e 74 22 3a 38 33 7d
[Main -> Renderer] ble:characteristicValueChanged: {
  deviceId: '10b41dcd238d',
  serviceUuid: '4fafc201-1fb5-459e-8fcc-c5c9c331914d',
  characteristicUuid: 'beb5483e-36e1-4688-b7f5-ea07361b26c2',
  value: '7b 22 74 79 70 65 22 3a 22 6f 74 61 22 2c 22 73 74 61 74 75 73 22 3a 22 70 72 6f 67 72 65 73 73 22 2c 22 72 65 63 65 69 76 65 64 22 3a 34 37 38 32 36 30 2c 22 74 6f 74 61 6c 22 3a 35 37 30 34 38 30 2c 22 70 65 72 63 65 6e 74 22 3a 38 33 7d'
}
Notification received: 7b 22 74 79 70 65 22 3a 22 6f 74 61 22 2c 22 73 74 61 74 75 73 22 3a 22 70 72 6f 67 72 65 73 73 22 2c 22 72 65 63 65 69 76 65 64 22 3a 34 37 38 36 32 30 2c 22 74 6f 74 61 6c 22 3a 35 37 30 34 38 30 2c 22 70 65 72 63 65 6e 74 22 3a 38 33 7d
[Main -> Renderer] ble:characteristicValueChanged: {
  deviceId: '10b41dcd238d',
  serviceUuid: '4fafc201-1fb5-459e-8fcc-c5c9c331914d',
  characteristicUuid: 'beb5483e-36e1-4688-b7f5-ea07361b26c2',
  value: '7b 22 74 79 70 65 22 3a 22 6f 74 61 22 2c 22 73 74 61 74 75 73 22 3a 22 70 72 6f 67 72 65 73 73 22 2c 22 72 65 63 65 69 76 65 64 22 3a 34 37 38 36 32 30 2c 22 74 6f 74 61 6c 22 3a 35 37 30 34 38 30 2c 22 70 65 72 63 65 6e 74 22 3a 38 33 7d'
}
Notification received: 7b 22 74 79 70 65 22 3a 22 6f 74 61 22 2c 22 73 74 61 74 75 73 22 3a 22 70 72 6f 67 72 65 73 73 22 2c 22 72 65 63 65 69 76 65 64 22 3a 34 37 38 39 38 30 2c 22 74 6f 74 61 6c 22 3a 35 37 30 34 38 30 2c 22 70 65 72 63 65 6e 74 22 3a 38 33 7d
[Main -> Renderer] ble:characteristicValueChanged: {
  deviceId: '10b41dcd238d',
  serviceUuid: '4fafc201-1fb5-459e-8fcc-c5c9c331914d',
  characteristicUuid: 'beb5483e-36e1-4688-b7f5-ea07361b26c2',
  value: '7b 22 74 79 70 65 22 3a 22 6f 74 61 22 2c 22 73 74 61 74 75 73 22 3a 22 70 72 6f 67 72 65 73 73 22 2c 22 72 65 63 65 69 76 65 64 22 3a 34 37 38 39 38 30 2c 22 74 6f 74 61 6c 22 3a 35 37 30 34 38 30 2c 22 70 65 72 63 65 6e 74 22 3a 38 33 7d'
}
Notification received: 7b 22 74 79 70 65 22 3a 22 6f 74 61 22 2c 22 73 74 61 74 75 73 22 3a 22 70 72 6f 67 72 65 73 73 22 2c 22 72 65 63 65 69 76 65 64 22 3a 34 37 39 33 34 30 2c 22 74 6f 74 61 6c 22 3a 35 37 30 34 38 30 2c 22 70 65 72 63 65 6e 74 22 3a 38 34 7d
[Main -> Renderer] ble:characteristicValueChanged: {
  deviceId: '10b41dcd238d',
  serviceUuid: '4fafc201-1fb5-459e-8fcc-c5c9c331914d',
  characteristicUuid: 'beb5483e-36e1-4688-b7f5-ea07361b26c2',
  value: '7b 22 74 79 70 65 22 3a 22 6f 74 61 22 2c 22 73 74 61 74 75 73 22 3a 22 70 72 6f 67 72 65 73 73 22 2c 22 72 65 63 65 69 76 65 64 22 3a 34 37 39 33 34 30 2c 22 74 6f 74 61 6c 22 3a 35 37 30 34 38 30 2c 22 70 65 72 63 65 6e 74 22 3a 38 34 7d'
}
Notification received: 7b 22 74 79 70 65 22 3a 22 6f 74 61 22 2c 22 73 74 61 74 75 73 22 3a 22 70 72 6f 67 72 65 73 73 22 2c 22 72 65 63 65 69 76 65 64 22 3a 34 37 39 38 38 30 2c 22 74 6f 74 61 6c 22 3a 35 37 30 34 38 30 2c 22 70 65 72 63 65 6e 74 22 3a 38 34 7d
[Main -> Renderer] ble:characteristicValueChanged: {
  deviceId: '10b41dcd238d',
  serviceUuid: '4fafc201-1fb5-459e-8fcc-c5c9c331914d',
  characteristicUuid: 'beb5483e-36e1-4688-b7f5-ea07361b26c2',
  value: '7b 22 74 79 70 65 22 3a 22 6f 74 61 22 2c 22 73 74 61 74 75 73 22 3a 22 70 72 6f 67 72 65 73 73 22 2c 22 72 65 63 65 69 76 65 64 22 3a 34 37 39 38 38 30 2c 22 74 6f 74 61 6c 22 3a 35 37 30 34 38 30 2c 22 70 65 72 63 65 6e 74 22 3a 38 34 7d'
}
Notification received: 7b 22 74 79 70 65 22 3a 22 6f 74 61 22 2c 22 73 74 61 74 75 73 22 3a 22 70 72 6f 67 72 65 73 73 22 2c 22 72 65 63 65 69 76 65 64 22 3a 34 38 30 34 32 30 2c 22 74 6f 74 61 6c 22 3a 35 37 30 34 38 30 2c 22 70 65 72 63 65 6e 74 22 3a 38 34 7d
[Main -> Renderer] ble:characteristicValueChanged: {
  deviceId: '10b41dcd238d',
  serviceUuid: '4fafc201-1fb5-459e-8fcc-c5c9c331914d',
  characteristicUuid: 'beb5483e-36e1-4688-b7f5-ea07361b26c2',
  value: '7b 22 74 79 70 65 22 3a 22 6f 74 61 22 2c 22 73 74 61 74 75 73 22 3a 22 70 72 6f 67 72 65 73 73 22 2c 22 72 65 63 65 69 76 65 64 22 3a 34 38 30 34 32 30 2c 22 74 6f 74 61 6c 22 3a 35 37 30 34 38 30 2c 22 70 65 72 63 65 6e 74 22 3a 38 34 7d'
}
Notification received: 7b 22 74 79 70 65 22 3a 22 6f 74 61 22 2c 22 73 74 61 74 75 73 22 3a 22 70 72 6f 67 72 65 73 73 22 2c 22 72 65 63 65 69 76 65 64 22 3a 34 38 30 39 36 30 2c 22 74 6f 74 61 6c 22 3a 35 37 30 34 38 30 2c 22 70 65 72 63 65 6e 74 22 3a 38 34 7d
[Main -> Renderer] ble:characteristicValueChanged: {
  deviceId: '10b41dcd238d',
  serviceUuid: '4fafc201-1fb5-459e-8fcc-c5c9c331914d',
  characteristicUuid: 'beb5483e-36e1-4688-b7f5-ea07361b26c2',
  value: '7b 22 74 79 70 65 22 3a 22 6f 74 61 22 2c 22 73 74 61 74 75 73 22 3a 22 70 72 6f 67 72 65 73 73 22 2c 22 72 65 63 65 69 76 65 64 22 3a 34 38 30 39 36 30 2c 22 74 6f 74 61 6c 22 3a 35 37 30 34 38 30 2c 22 70 65 72 63 65 6e 74 22 3a 38 34 7d'
}
Notification received: 7b 22 74 79 70 65 22 3a 22 6f 74 61 22 2c 22 73 74 61 74 75 73 22 3a 22 70 72 6f 67 72 65 73 73 22 2c 22 72 65 63 65 69 76 65 64 22 3a 34 38 31 33 32 30 2c 22 74 6f 74 61 6c 22 3a 35 37 30 34 38 30 2c 22 70 65 72 63 65 6e 74 22 3a 38 34 7d
[Main -> Renderer] ble:characteristicValueChanged: {
  deviceId: '10b41dcd238d',
  serviceUuid: '4fafc201-1fb5-459e-8fcc-c5c9c331914d',
  characteristicUuid: 'beb5483e-36e1-4688-b7f5-ea07361b26c2',
  value: '7b 22 74 79 70 65 22 3a 22 6f 74 61 22 2c 22 73 74 61 74 75 73 22 3a 22 70 72 6f 67 72 65 73 73 22 2c 22 72 65 63 65 69 76 65 64 22 3a 34 38 31 33 32 30 2c 22 74 6f 74 61 6c 22 3a 35 37 30 34 38 30 2c 22 70 65 72 63 65 6e 74 22 3a 38 34 7d'
}
Notification received: 7b 22 74 79 70 65 22 3a 22 6f 74 61 22 2c 22 73 74 61 74 75 73 22 3a 22 70 72 6f 67 72 65 73 73 22 2c 22 72 65 63 65 69 76 65 64 22 3a 34 38 31 36 38 30 2c 22 74 6f 74 61 6c 22 3a 35 37 30 34 38 30 2c 22 70 65 72 63 65 6e 74 22 3a 38 34 7d
[Main -> Renderer] ble:characteristicValueChanged: {
  deviceId: '10b41dcd238d',
  serviceUuid: '4fafc201-1fb5-459e-8fcc-c5c9c331914d',
  characteristicUuid: 'beb5483e-36e1-4688-b7f5-ea07361b26c2',
  value: '7b 22 74 79 70 65 22 3a 22 6f 74 61 22 2c 22 73 74 61 74 75 73 22 3a 22 70 72 6f 67 72 65 73 73 22 2c 22 72 65 63 65 69 76 65 64 22 3a 34 38 31 36 38 30 2c 22 74 6f 74 61 6c 22 3a 35 37 30 34 38 30 2c 22 70 65 72 63 65 6e 74 22 3a 38 34 7d'
}
Notification received: 7b 22 74 79 70 65 22 3a 22 6f 74 61 22 2c 22 73 74 61 74 75 73 22 3a 22 70 72 6f 67 72 65 73 73 22 2c 22 72 65 63 65 69 76 65 64 22 3a 34 38 32 32 32 30 2c 22 74 6f 74 61 6c 22 3a 35 37 30 34 38 30 2c 22 70 65 72 63 65 6e 74 22 3a 38 34 7d
[Main -> Renderer] ble:characteristicValueChanged: {
  deviceId: '10b41dcd238d',
  serviceUuid: '4fafc201-1fb5-459e-8fcc-c5c9c331914d',
  characteristicUuid: 'beb5483e-36e1-4688-b7f5-ea07361b26c2',
  value: '7b 22 74 79 70 65 22 3a 22 6f 74 61 22 2c 22 73 74 61 74 75 73 22 3a 22 70 72 6f 67 72 65 73 73 22 2c 22 72 65 63 65 69 76 65 64 22 3a 34 38 32 32 32 30 2c 22 74 6f 74 61 6c 22 3a 35 37 30 34 38 30 2c 22 70 65 72 63 65 6e 74 22 3a 38 34 7d'
}
Notification received: 7b 22 74 79 70 65 22 3a 22 6f 74 61 22 2c 22 73 74 61 74 75 73 22 3a 22 70 72 6f 67 72 65 73 73 22 2c 22 72 65 63 65 69 76 65 64 22 3a 34 38 32 37 36 30 2c 22 74 6f 74 61 6c 22 3a 35 37 30 34 38 30 2c 22 70 65 72 63 65 6e 74 22 3a 38 34 7d
[Main -> Renderer] ble:characteristicValueChanged: {
  deviceId: '10b41dcd238d',
  serviceUuid: '4fafc201-1fb5-459e-8fcc-c5c9c331914d',
  characteristicUuid: 'beb5483e-36e1-4688-b7f5-ea07361b26c2',
  value: '7b 22 74 79 70 65 22 3a 22 6f 74 61 22 2c 22 73 74 61 74 75 73 22 3a 22 70 72 6f 67 72 65 73 73 22 2c 22 72 65 63 65 69 76 65 64 22 3a 34 38 32 37 36 30 2c 22 74 6f 74 61 6c 22 3a 35 37 30 34 38 30 2c 22 70 65 72 63 65 6e 74 22 3a 38 34 7d'
}
Notification received: 7b 22 74 79 70 65 22 3a 22 6f 74 61 22 2c 22 73 74 61 74 75 73 22 3a 22 70 72 6f 67 72 65 73 73 22 2c 22 72 65 63 65 69 76 65 64 22 3a 34 38 33 33 30 30 2c 22 74 6f 74 61 6c 22 3a 35 37 30 34 38 30 2c 22 70 65 72 63 65 6e 74 22 3a 38 34 7d
[Main -> Renderer] ble:characteristicValueChanged: {
  deviceId: '10b41dcd238d',
  serviceUuid: '4fafc201-1fb5-459e-8fcc-c5c9c331914d',
  characteristicUuid: 'beb5483e-36e1-4688-b7f5-ea07361b26c2',
  value: '7b 22 74 79 70 65 22 3a 22 6f 74 61 22 2c 22 73 74 61 74 75 73 22 3a 22 70 72 6f 67 72 65 73 73 22 2c 22 72 65 63 65 69 76 65 64 22 3a 34 38 33 33 30 30 2c 22 74 6f 74 61 6c 22 3a 35 37 30 34 38 30 2c 22 70 65 72 63 65 6e 74 22 3a 38 34 7d'
}
Notification received: 7b 22 74 79 70 65 22 3a 22 6f 74 61 22 2c 22 73 74 61 74 75 73 22 3a 22 70 72 6f 67 72 65 73 73 22 2c 22 72 65 63 65 69 76 65 64 22 3a 34 38 33 38 34 30 2c 22 74 6f 74 61 6c 22 3a 35 37 30 34 38 30 2c 22 70 65 72 63 65 6e 74 22 3a 38 34 7d
[Main -> Renderer] ble:characteristicValueChanged: {
  deviceId: '10b41dcd238d',
  serviceUuid: '4fafc201-1fb5-459e-8fcc-c5c9c331914d',
  characteristicUuid: 'beb5483e-36e1-4688-b7f5-ea07361b26c2',
  value: '7b 22 74 79 70 65 22 3a 22 6f 74 61 22 2c 22 73 74 61 74 75 73 22 3a 22 70 72 6f 67 72 65 73 73 22 2c 22 72 65 63 65 69 76 65 64 22 3a 34 38 33 38 34 30 2c 22 74 6f 74 61 6c 22 3a 35 37 30 34 38 30 2c 22 70 65 72 63 65 6e 74 22 3a 38 34 7d'
}
Notification received: 7b 22 74 79 70 65 22 3a 22 6f 74 61 22 2c 22 73 74 61 74 75 73 22 3a 22 70 72 6f 67 72 65 73 73 22 2c 22 72 65 63 65 69 76 65 64 22 3a 34 38 34 33 38 30 2c 22 74 6f 74 61 6c 22 3a 35 37 30 34 38 30 2c 22 70 65 72 63 65 6e 74 22 3a 38 34 7d
[Main -> Renderer] ble:characteristicValueChanged: {
  deviceId: '10b41dcd238d',
  serviceUuid: '4fafc201-1fb5-459e-8fcc-c5c9c331914d',
  characteristicUuid: 'beb5483e-36e1-4688-b7f5-ea07361b26c2',
  value: '7b 22 74 79 70 65 22 3a 22 6f 74 61 22 2c 22 73 74 61 74 75 73 22 3a 22 70 72 6f 67 72 65 73 73 22 2c 22 72 65 63 65 69 76 65 64 22 3a 34 38 34 33 38 30 2c 22 74 6f 74 61 6c 22 3a 35 37 30 34 38 30 2c 22 70 65 72 63 65 6e 74 22 3a 38 34 7d'
}
Notification received: 7b 22 74 79 70 65 22 3a 22 6f 74 61 22 2c 22 73 74 61 74 75 73 22 3a 22 70 72 6f 67 72 65 73 73 22 2c 22 72 65 63 65 69 76 65 64 22 3a 34 38 34 39 32 30 2c 22 74 6f 74 61 6c 22 3a 35 37 30 34 38 30 2c 22 70 65 72 63 65 6e 74 22 3a 38 35 7d
[Main -> Renderer] ble:characteristicValueChanged: {
  deviceId: '10b41dcd238d',
  serviceUuid: '4fafc201-1fb5-459e-8fcc-c5c9c331914d',
  characteristicUuid: 'beb5483e-36e1-4688-b7f5-ea07361b26c2',
  value: '7b 22 74 79 70 65 22 3a 22 6f 74 61 22 2c 22 73 74 61 74 75 73 22 3a 22 70 72 6f 67 72 65 73 73 22 2c 22 72 65 63 65 69 76 65 64 22 3a 34 38 34 39 32 30 2c 22 74 6f 74 61 6c 22 3a 35 37 30 34 38 30 2c 22 70 65 72 63 65 6e 74 22 3a 38 35 7d'
}
Notification received: 7b 22 74 79 70 65 22 3a 22 6f 74 61 22 2c 22 73 74 61 74 75 73 22 3a 22 70 72 6f 67 72 65 73 73 22 2c 22 72 65 63 65 69 76 65 64 22 3a 34 38 35 32 38 30 2c 22 74 6f 74 61 6c 22 3a 35 37 30 34 38 30 2c 22 70 65 72 63 65 6e 74 22 3a 38 35 7d
[Main -> Renderer] ble:characteristicValueChanged: {
  deviceId: '10b41dcd238d',
  serviceUuid: '4fafc201-1fb5-459e-8fcc-c5c9c331914d',
  characteristicUuid: 'beb5483e-36e1-4688-b7f5-ea07361b26c2',
  value: '7b 22 74 79 70 65 22 3a 22 6f 74 61 22 2c 22 73 74 61 74 75 73 22 3a 22 70 72 6f 67 72 65 73 73 22 2c 22 72 65 63 65 69 76 65 64 22 3a 34 38 35 32 38 30 2c 22 74 6f 74 61 6c 22 3a 35 37 30 34 38 30 2c 22 70 65 72 63 65 6e 74 22 3a 38 35 7d'
}
Notification received: 7b 22 74 79 70 65 22 3a 22 6f 74 61 22 2c 22 73 74 61 74 75 73 22 3a 22 70 72 6f 67 72 65 73 73 22 2c 22 72 65 63 65 69 76 65 64 22 3a 34 38 35 36 34 30 2c 22 74 6f 74 61 6c 22 3a 35 37 30 34 38 30 2c 22 70 65 72 63 65 6e 74 22 3a 38 35 7d
[Main -> Renderer] ble:characteristicValueChanged: {
  deviceId: '10b41dcd238d',
  serviceUuid: '4fafc201-1fb5-459e-8fcc-c5c9c331914d',
  characteristicUuid: 'beb5483e-36e1-4688-b7f5-ea07361b26c2',
  value: '7b 22 74 79 70 65 22 3a 22 6f 74 61 22 2c 22 73 74 61 74 75 73 22 3a 22 70 72 6f 67 72 65 73 73 22 2c 22 72 65 63 65 69 76 65 64 22 3a 34 38 35 36 34 30 2c 22 74 6f 74 61 6c 22 3a 35 37 30 34 38 30 2c 22 70 65 72 63 65 6e 74 22 3a 38 35 7d'
}
Notification received: 7b 22 74 79 70 65 22 3a 22 6f 74 61 22 2c 22 73 74 61 74 75 73 22 3a 22 70 72 6f 67 72 65 73 73 22 2c 22 72 65 63 65 69 76 65 64 22 3a 34 38 36 30 30 30 2c 22 74 6f 74 61 6c 22 3a 35 37 30 34 38 30 2c 22 70 65 72 63 65 6e 74 22 3a 38 35 7d
[Main -> Renderer] ble:characteristicValueChanged: {
  deviceId: '10b41dcd238d',
  serviceUuid: '4fafc201-1fb5-459e-8fcc-c5c9c331914d',
  characteristicUuid: 'beb5483e-36e1-4688-b7f5-ea07361b26c2',
  value: '7b 22 74 79 70 65 22 3a 22 6f 74 61 22 2c 22 73 74 61 74 75 73 22 3a 22 70 72 6f 67 72 65 73 73 22 2c 22 72 65 63 65 69 76 65 64 22 3a 34 38 36 30 30 30 2c 22 74 6f 74 61 6c 22 3a 35 37 30 34 38 30 2c 22 70 65 72 63 65 6e 74 22 3a 38 35 7d'
}
Notification received: 7b 22 74 79 70 65 22 3a 22 6f 74 61 22 2c 22 73 74 61 74 75 73 22 3a 22 70 72 6f 67 72 65 73 73 22 2c 22 72 65 63 65 69 76 65 64 22 3a 34 38 36 33 36 30 2c 22 74 6f 74 61 6c 22 3a 35 37 30 34 38 30 2c 22 70 65 72 63 65 6e 74 22 3a 38 35 7d
[Main -> Renderer] ble:characteristicValueChanged: {
  deviceId: '10b41dcd238d',
  serviceUuid: '4fafc201-1fb5-459e-8fcc-c5c9c331914d',
  characteristicUuid: 'beb5483e-36e1-4688-b7f5-ea07361b26c2',
  value: '7b 22 74 79 70 65 22 3a 22 6f 74 61 22 2c 22 73 74 61 74 75 73 22 3a 22 70 72 6f 67 72 65 73 73 22 2c 22 72 65 63 65 69 76 65 64 22 3a 34 38 36 33 36 30 2c 22 74 6f 74 61 6c 22 3a 35 37 30 34 38 30 2c 22 70 65 72 63 65 6e 74 22 3a 38 35 7d'
}
Notification received: 7b 22 74 79 70 65 22 3a 22 6f 74 61 22 2c 22 73 74 61 74 75 73 22 3a 22 70 72 6f 67 72 65 73 73 22 2c 22 72 65 63 65 69 76 65 64 22 3a 34 38 36 37 32 30 2c 22 74 6f 74 61 6c 22 3a 35 37 30 34 38 30 2c 22 70 65 72 63 65 6e 74 22 3a 38 35 7d
[Main -> Renderer] ble:characteristicValueChanged: {
  deviceId: '10b41dcd238d',
  serviceUuid: '4fafc201-1fb5-459e-8fcc-c5c9c331914d',
  characteristicUuid: 'beb5483e-36e1-4688-b7f5-ea07361b26c2',
  value: '7b 22 74 79 70 65 22 3a 22 6f 74 61 22 2c 22 73 74 61 74 75 73 22 3a 22 70 72 6f 67 72 65 73 73 22 2c 22 72 65 63 65 69 76 65 64 22 3a 34 38 36 37 32 30 2c 22 74 6f 74 61 6c 22 3a 35 37 30 34 38 30 2c 22 70 65 72 63 65 6e 74 22 3a 38 35 7d'
}
Notification received: 7b 22 74 79 70 65 22 3a 22 6f 74 61 22 2c 22 73 74 61 74 75 73 22 3a 22 70 72 6f 67 72 65 73 73 22 2c 22 72 65 63 65 69 76 65 64 22 3a 34 38 37 30 38 30 2c 22 74 6f 74 61 6c 22 3a 35 37 30 34 38 30 2c 22 70 65 72 63 65 6e 74 22 3a 38 35 7d
[Main -> Renderer] ble:characteristicValueChanged: {
  deviceId: '10b41dcd238d',
  serviceUuid: '4fafc201-1fb5-459e-8fcc-c5c9c331914d',
  characteristicUuid: 'beb5483e-36e1-4688-b7f5-ea07361b26c2',
  value: '7b 22 74 79 70 65 22 3a 22 6f 74 61 22 2c 22 73 74 61 74 75 73 22 3a 22 70 72 6f 67 72 65 73 73 22 2c 22 72 65 63 65 69 76 65 64 22 3a 34 38 37 30 38 30 2c 22 74 6f 74 61 6c 22 3a 35 37 30 34 38 30 2c 22 70 65 72 63 65 6e 74 22 3a 38 35 7d'
}
Notification received: 7b 22 74 79 70 65 22 3a 22 6f 74 61 22 2c 22 73 74 61 74 75 73 22 3a 22 70 72 6f 67 72 65 73 73 22 2c 22 72 65 63 65 69 76 65 64 22 3a 34 38 37 34 34 30 2c 22 74 6f 74 61 6c 22 3a 35 37 30 34 38 30 2c 22 70 65 72 63 65 6e 74 22 3a 38 35 7d
[Main -> Renderer] ble:characteristicValueChanged: {
  deviceId: '10b41dcd238d',
  serviceUuid: '4fafc201-1fb5-459e-8fcc-c5c9c331914d',
  characteristicUuid: 'beb5483e-36e1-4688-b7f5-ea07361b26c2',
  value: '7b 22 74 79 70 65 22 3a 22 6f 74 61 22 2c 22 73 74 61 74 75 73 22 3a 22 70 72 6f 67 72 65 73 73 22 2c 22 72 65 63 65 69 76 65 64 22 3a 34 38 37 34 34 30 2c 22 74 6f 74 61 6c 22 3a 35 37 30 34 38 30 2c 22 70 65 72 63 65 6e 74 22 3a 38 35 7d'
}
Notification received: 7b 22 74 79 70 65 22 3a 22 6f 74 61 22 2c 22 73 74 61 74 75 73 22 3a 22 70 72 6f 67 72 65 73 73 22 2c 22 72 65 63 65 69 76 65 64 22 3a 34 38 37 38 30 30 2c 22 74 6f 74 61 6c 22 3a 35 37 30 34 38 30 2c 22 70 65 72 63 65 6e 74 22 3a 38 35 7d
[Main -> Renderer] ble:characteristicValueChanged: {
  deviceId: '10b41dcd238d',
  serviceUuid: '4fafc201-1fb5-459e-8fcc-c5c9c331914d',
  characteristicUuid: 'beb5483e-36e1-4688-b7f5-ea07361b26c2',
  value: '7b 22 74 79 70 65 22 3a 22 6f 74 61 22 2c 22 73 74 61 74 75 73 22 3a 22 70 72 6f 67 72 65 73 73 22 2c 22 72 65 63 65 69 76 65 64 22 3a 34 38 37 38 30 30 2c 22 74 6f 74 61 6c 22 3a 35 37 30 34 38 30 2c 22 70 65 72 63 65 6e 74 22 3a 38 35 7d'
}
Notification received: 7b 22 74 79 70 65 22 3a 22 6f 74 61 22 2c 22 73 74 61 74 75 73 22 3a 22 70 72 6f 67 72 65 73 73 22 2c 22 72 65 63 65 69 76 65 64 22 3a 34 38 38 33 34 30 2c 22 74 6f 74 61 6c 22 3a 35 37 30 34 38 30 2c 22 70 65 72 63 65 6e 74 22 3a 38 35 7d
[Main -> Renderer] ble:characteristicValueChanged: {
  deviceId: '10b41dcd238d',
  serviceUuid: '4fafc201-1fb5-459e-8fcc-c5c9c331914d',
  characteristicUuid: 'beb5483e-36e1-4688-b7f5-ea07361b26c2',
  value: '7b 22 74 79 70 65 22 3a 22 6f 74 61 22 2c 22 73 74 61 74 75 73 22 3a 22 70 72 6f 67 72 65 73 73 22 2c 22 72 65 63 65 69 76 65 64 22 3a 34 38 38 33 34 30 2c 22 74 6f 74 61 6c 22 3a 35 37 30 34 38 30 2c 22 70 65 72 63 65 6e 74 22 3a 38 35 7d'
}
Notification received: 7b 22 74 79 70 65 22 3a 22 6f 74 61 22 2c 22 73 74 61 74 75 73 22 3a 22 70 72 6f 67 72 65 73 73 22 2c 22 72 65 63 65 69 76 65 64 22 3a 34 38 38 38 38 30 2c 22 74 6f 74 61 6c 22 3a 35 37 30 34 38 30 2c 22 70 65 72 63 65 6e 74 22 3a 38 35 7d
[Main -> Renderer] ble:characteristicValueChanged: {
  deviceId: '10b41dcd238d',
  serviceUuid: '4fafc201-1fb5-459e-8fcc-c5c9c331914d',
  characteristicUuid: 'beb5483e-36e1-4688-b7f5-ea07361b26c2',
  value: '7b 22 74 79 70 65 22 3a 22 6f 74 61 22 2c 22 73 74 61 74 75 73 22 3a 22 70 72 6f 67 72 65 73 73 22 2c 22 72 65 63 65 69 76 65 64 22 3a 34 38 38 38 38 30 2c 22 74 6f 74 61 6c 22 3a 35 37 30 34 38 30 2c 22 70 65 72 63 65 6e 74 22 3a 38 35 7d'
}
Notification received: 7b 22 74 79 70 65 22 3a 22 6f 74 61 22 2c 22 73 74 61 74 75 73 22 3a 22 70 72 6f 67 72 65 73 73 22 2c 22 72 65 63 65 69 76 65 64 22 3a 34 38 39 34 32 30 2c 22 74 6f 74 61 6c 22 3a 35 37 30 34 38 30 2c 22 70 65 72 63 65 6e 74 22 3a 38 35 7d
[Main -> Renderer] ble:characteristicValueChanged: {
  deviceId: '10b41dcd238d',
  serviceUuid: '4fafc201-1fb5-459e-8fcc-c5c9c331914d',
  characteristicUuid: 'beb5483e-36e1-4688-b7f5-ea07361b26c2',
  value: '7b 22 74 79 70 65 22 3a 22 6f 74 61 22 2c 22 73 74 61 74 75 73 22 3a 22 70 72 6f 67 72 65 73 73 22 2c 22 72 65 63 65 69 76 65 64 22 3a 34 38 39 34 32 30 2c 22 74 6f 74 61 6c 22 3a 35 37 30 34 38 30 2c 22 70 65 72 63 65 6e 74 22 3a 38 35 7d'
}
Notification received: 7b 22 74 79 70 65 22 3a 22 6f 74 61 22 2c 22 73 74 61 74 75 73 22 3a 22 70 72 6f 67 72 65 73 73 22 2c 22 72 65 63 65 69 76 65 64 22 3a 34 38 39 39 36 30 2c 22 74 6f 74 61 6c 22 3a 35 37 30 34 38 30 2c 22 70 65 72 63 65 6e 74 22 3a 38 35 7d
[Main -> Renderer] ble:characteristicValueChanged: {
  deviceId: '10b41dcd238d',
  serviceUuid: '4fafc201-1fb5-459e-8fcc-c5c9c331914d',
  characteristicUuid: 'beb5483e-36e1-4688-b7f5-ea07361b26c2',
  value: '7b 22 74 79 70 65 22 3a 22 6f 74 61 22 2c 22 73 74 61 74 75 73 22 3a 22 70 72 6f 67 72 65 73 73 22 2c 22 72 65 63 65 69 76 65 64 22 3a 34 38 39 39 36 30 2c 22 74 6f 74 61 6c 22 3a 35 37 30 34 38 30 2c 22 70 65 72 63 65 6e 74 22 3a 38 35 7d'
}
Notification received: 7b 22 74 79 70 65 22 3a 22 6f 74 61 22 2c 22 73 74 61 74 75 73 22 3a 22 70 72 6f 67 72 65 73 73 22 2c 22 72 65 63 65 69 76 65 64 22 3a 34 39 30 33 32 30 2c 22 74 6f 74 61 6c 22 3a 35 37 30 34 38 30 2c 22 70 65 72 63 65 6e 74 22 3a 38 35 7d
[Main -> Renderer] ble:characteristicValueChanged: {
  deviceId: '10b41dcd238d',
  serviceUuid: '4fafc201-1fb5-459e-8fcc-c5c9c331914d',
  characteristicUuid: 'beb5483e-36e1-4688-b7f5-ea07361b26c2',
  value: '7b 22 74 79 70 65 22 3a 22 6f 74 61 22 2c 22 73 74 61 74 75 73 22 3a 22 70 72 6f 67 72 65 73 73 22 2c 22 72 65 63 65 69 76 65 64 22 3a 34 39 30 33 32 30 2c 22 74 6f 74 61 6c 22 3a 35 37 30 34 38 30 2c 22 70 65 72 63 65 6e 74 22 3a 38 35 7d'
}
Notification received: 7b 22 74 79 70 65 22 3a 22 6f 74 61 22 2c 22 73 74 61 74 75 73 22 3a 22 70 72 6f 67 72 65 73 73 22 2c 22 72 65 63 65 69 76 65 64 22 3a 34 39 30 36 38 30 2c 22 74 6f 74 61 6c 22 3a 35 37 30 34 38 30 2c 22 70 65 72 63 65 6e 74 22 3a 38 36 7d
[Main -> Renderer] ble:characteristicValueChanged: {
  deviceId: '10b41dcd238d',
  serviceUuid: '4fafc201-1fb5-459e-8fcc-c5c9c331914d',
  characteristicUuid: 'beb5483e-36e1-4688-b7f5-ea07361b26c2',
  value: '7b 22 74 79 70 65 22 3a 22 6f 74 61 22 2c 22 73 74 61 74 75 73 22 3a 22 70 72 6f 67 72 65 73 73 22 2c 22 72 65 63 65 69 76 65 64 22 3a 34 39 30 36 38 30 2c 22 74 6f 74 61 6c 22 3a 35 37 30 34 38 30 2c 22 70 65 72 63 65 6e 74 22 3a 38 36 7d'
}
Notification received: 7b 22 74 79 70 65 22 3a 22 6f 74 61 22 2c 22 73 74 61 74 75 73 22 3a 22 70 72 6f 67 72 65 73 73 22 2c 22 72 65 63 65 69 76 65 64 22 3a 34 39 31 32 32 30 2c 22 74 6f 74 61 6c 22 3a 35 37 30 34 38 30 2c 22 70 65 72 63 65 6e 74 22 3a 38 36 7d
[Main -> Renderer] ble:characteristicValueChanged: {
  deviceId: '10b41dcd238d',
  serviceUuid: '4fafc201-1fb5-459e-8fcc-c5c9c331914d',
  characteristicUuid: 'beb5483e-36e1-4688-b7f5-ea07361b26c2',
  value: '7b 22 74 79 70 65 22 3a 22 6f 74 61 22 2c 22 73 74 61 74 75 73 22 3a 22 70 72 6f 67 72 65 73 73 22 2c 22 72 65 63 65 69 76 65 64 22 3a 34 39 31 32 32 30 2c 22 74 6f 74 61 6c 22 3a 35 37 30 34 38 30 2c 22 70 65 72 63 65 6e 74 22 3a 38 36 7d'
}
Notification received: 7b 22 74 79 70 65 22 3a 22 6f 74 61 22 2c 22 73 74 61 74 75 73 22 3a 22 70 72 6f 67 72 65 73 73 22 2c 22 72 65 63 65 69 76 65 64 22 3a 34 39 31 35 38 30 2c 22 74 6f 74 61 6c 22 3a 35 37 30 34 38 30 2c 22 70 65 72 63 65 6e 74 22 3a 38 36 7d
[Main -> Renderer] ble:characteristicValueChanged: {
  deviceId: '10b41dcd238d',
  serviceUuid: '4fafc201-1fb5-459e-8fcc-c5c9c331914d',
  characteristicUuid: 'beb5483e-36e1-4688-b7f5-ea07361b26c2',
  value: '7b 22 74 79 70 65 22 3a 22 6f 74 61 22 2c 22 73 74 61 74 75 73 22 3a 22 70 72 6f 67 72 65 73 73 22 2c 22 72 65 63 65 69 76 65 64 22 3a 34 39 31 35 38 30 2c 22 74 6f 74 61 6c 22 3a 35 37 30 34 38 30 2c 22 70 65 72 63 65 6e 74 22 3a 38 36 7d'
}
Notification received: 7b 22 74 79 70 65 22 3a 22 6f 74 61 22 2c 22 73 74 61 74 75 73 22 3a 22 70 72 6f 67 72 65 73 73 22 2c 22 72 65 63 65 69 76 65 64 22 3a 34 39 31 39 34 30 2c 22 74 6f 74 61 6c 22 3a 35 37 30 34 38 30 2c 22 70 65 72 63 65 6e 74 22 3a 38 36 7d
[Main -> Renderer] ble:characteristicValueChanged: {
  deviceId: '10b41dcd238d',
  serviceUuid: '4fafc201-1fb5-459e-8fcc-c5c9c331914d',
  characteristicUuid: 'beb5483e-36e1-4688-b7f5-ea07361b26c2',
  value: '7b 22 74 79 70 65 22 3a 22 6f 74 61 22 2c 22 73 74 61 74 75 73 22 3a 22 70 72 6f 67 72 65 73 73 22 2c 22 72 65 63 65 69 76 65 64 22 3a 34 39 31 39 34 30 2c 22 74 6f 74 61 6c 22 3a 35 37 30 34 38 30 2c 22 70 65 72 63 65 6e 74 22 3a 38 36 7d'
}
Notification received: 7b 22 74 79 70 65 22 3a 22 6f 74 61 22 2c 22 73 74 61 74 75 73 22 3a 22 70 72 6f 67 72 65 73 73 22 2c 22 72 65 63 65 69 76 65 64 22 3a 34 39 32 33 30 30 2c 22 74 6f 74 61 6c 22 3a 35 37 30 34 38 30 2c 22 70 65 72 63 65 6e 74 22 3a 38 36 7d
[Main -> Renderer] ble:characteristicValueChanged: {
  deviceId: '10b41dcd238d',
  serviceUuid: '4fafc201-1fb5-459e-8fcc-c5c9c331914d',
  characteristicUuid: 'beb5483e-36e1-4688-b7f5-ea07361b26c2',
  value: '7b 22 74 79 70 65 22 3a 22 6f 74 61 22 2c 22 73 74 61 74 75 73 22 3a 22 70 72 6f 67 72 65 73 73 22 2c 22 72 65 63 65 69 76 65 64 22 3a 34 39 32 33 30 30 2c 22 74 6f 74 61 6c 22 3a 35 37 30 34 38 30 2c 22 70 65 72 63 65 6e 74 22 3a 38 36 7d'
}
Notification received: 7b 22 74 79 70 65 22 3a 22 6f 74 61 22 2c 22 73 74 61 74 75 73 22 3a 22 70 72 6f 67 72 65 73 73 22 2c 22 72 65 63 65 69 76 65 64 22 3a 34 39 32 36 36 30 2c 22 74 6f 74 61 6c 22 3a 35 37 30 34 38 30 2c 22 70 65 72 63 65 6e 74 22 3a 38 36 7d
[Main -> Renderer] ble:characteristicValueChanged: {
  deviceId: '10b41dcd238d',
  serviceUuid: '4fafc201-1fb5-459e-8fcc-c5c9c331914d',
  characteristicUuid: 'beb5483e-36e1-4688-b7f5-ea07361b26c2',
  value: '7b 22 74 79 70 65 22 3a 22 6f 74 61 22 2c 22 73 74 61 74 75 73 22 3a 22 70 72 6f 67 72 65 73 73 22 2c 22 72 65 63 65 69 76 65 64 22 3a 34 39 32 36 36 30 2c 22 74 6f 74 61 6c 22 3a 35 37 30 34 38 30 2c 22 70 65 72 63 65 6e 74 22 3a 38 36 7d'
}
Notification received: 7b 22 74 79 70 65 22 3a 22 6f 74 61 22 2c 22 73 74 61 74 75 73 22 3a 22 70 72 6f 67 72 65 73 73 22 2c 22 72 65 63 65 69 76 65 64 22 3a 34 39 33 30 32 30 2c 22 74 6f 74 61 6c 22 3a 35 37 30 34 38 30 2c 22 70 65 72 63 65 6e 74 22 3a 38 36 7d
[Main -> Renderer] ble:characteristicValueChanged: {
  deviceId: '10b41dcd238d',
  serviceUuid: '4fafc201-1fb5-459e-8fcc-c5c9c331914d',
  characteristicUuid: 'beb5483e-36e1-4688-b7f5-ea07361b26c2',
  value: '7b 22 74 79 70 65 22 3a 22 6f 74 61 22 2c 22 73 74 61 74 75 73 22 3a 22 70 72 6f 67 72 65 73 73 22 2c 22 72 65 63 65 69 76 65 64 22 3a 34 39 33 30 32 30 2c 22 74 6f 74 61 6c 22 3a 35 37 30 34 38 30 2c 22 70 65 72 63 65 6e 74 22 3a 38 36 7d'
}
Notification received: 7b 22 74 79 70 65 22 3a 22 6f 74 61 22 2c 22 73 74 61 74 75 73 22 3a 22 70 72 6f 67 72 65 73 73 22 2c 22 72 65 63 65 69 76 65 64 22 3a 34 39 33 33 38 30 2c 22 74 6f 74 61 6c 22 3a 35 37 30 34 38 30 2c 22 70 65 72 63 65 6e 74 22 3a 38 36 7d
[Main -> Renderer] ble:characteristicValueChanged: {
  deviceId: '10b41dcd238d',
  serviceUuid: '4fafc201-1fb5-459e-8fcc-c5c9c331914d',
  characteristicUuid: 'beb5483e-36e1-4688-b7f5-ea07361b26c2',
  value: '7b 22 74 79 70 65 22 3a 22 6f 74 61 22 2c 22 73 74 61 74 75 73 22 3a 22 70 72 6f 67 72 65 73 73 22 2c 22 72 65 63 65 69 76 65 64 22 3a 34 39 33 33 38 30 2c 22 74 6f 74 61 6c 22 3a 35 37 30 34 38 30 2c 22 70 65 72 63 65 6e 74 22 3a 38 36 7d'
}
Notification received: 7b 22 74 79 70 65 22 3a 22 6f 74 61 22 2c 22 73 74 61 74 75 73 22 3a 22 70 72 6f 67 72 65 73 73 22 2c 22 72 65 63 65 69 76 65 64 22 3a 34 39 33 37 34 30 2c 22 74 6f 74 61 6c 22 3a 35 37 30 34 38 30 2c 22 70 65 72 63 65 6e 74 22 3a 38 36 7d
[Main -> Renderer] ble:characteristicValueChanged: {
  deviceId: '10b41dcd238d',
  serviceUuid: '4fafc201-1fb5-459e-8fcc-c5c9c331914d',
  characteristicUuid: 'beb5483e-36e1-4688-b7f5-ea07361b26c2',
  value: '7b 22 74 79 70 65 22 3a 22 6f 74 61 22 2c 22 73 74 61 74 75 73 22 3a 22 70 72 6f 67 72 65 73 73 22 2c 22 72 65 63 65 69 76 65 64 22 3a 34 39 33 37 34 30 2c 22 74 6f 74 61 6c 22 3a 35 37 30 34 38 30 2c 22 70 65 72 63 65 6e 74 22 3a 38 36 7d'
}
Notification received: 7b 22 74 79 70 65 22 3a 22 6f 74 61 22 2c 22 73 74 61 74 75 73 22 3a 22 70 72 6f 67 72 65 73 73 22 2c 22 72 65 63 65 69 76 65 64 22 3a 34 39 34 32 38 30 2c 22 74 6f 74 61 6c 22 3a 35 37 30 34 38 30 2c 22 70 65 72 63 65 6e 74 22 3a 38 36 7d
[Main -> Renderer] ble:characteristicValueChanged: {
  deviceId: '10b41dcd238d',
  serviceUuid: '4fafc201-1fb5-459e-8fcc-c5c9c331914d',
  characteristicUuid: 'beb5483e-36e1-4688-b7f5-ea07361b26c2',
  value: '7b 22 74 79 70 65 22 3a 22 6f 74 61 22 2c 22 73 74 61 74 75 73 22 3a 22 70 72 6f 67 72 65 73 73 22 2c 22 72 65 63 65 69 76 65 64 22 3a 34 39 34 32 38 30 2c 22 74 6f 74 61 6c 22 3a 35 37 30 34 38 30 2c 22 70 65 72 63 65 6e 74 22 3a 38 36 7d'
}
Notification received: 7b 22 74 79 70 65 22 3a 22 6f 74 61 22 2c 22 73 74 61 74 75 73 22 3a 22 70 72 6f 67 72 65 73 73 22 2c 22 72 65 63 65 69 76 65 64 22 3a 34 39 34 38 32 30 2c 22 74 6f 74 61 6c 22 3a 35 37 30 34 38 30 2c 22 70 65 72 63 65 6e 74 22 3a 38 36 7d
[Main -> Renderer] ble:characteristicValueChanged: {
  deviceId: '10b41dcd238d',
  serviceUuid: '4fafc201-1fb5-459e-8fcc-c5c9c331914d',
  characteristicUuid: 'beb5483e-36e1-4688-b7f5-ea07361b26c2',
  value: '7b 22 74 79 70 65 22 3a 22 6f 74 61 22 2c 22 73 74 61 74 75 73 22 3a 22 70 72 6f 67 72 65 73 73 22 2c 22 72 65 63 65 69 76 65 64 22 3a 34 39 34 38 32 30 2c 22 74 6f 74 61 6c 22 3a 35 37 30 34 38 30 2c 22 70 65 72 63 65 6e 74 22 3a 38 36 7d'
}
Notification received: 7b 22 74 79 70 65 22 3a 22 6f 74 61 22 2c 22 73 74 61 74 75 73 22 3a 22 70 72 6f 67 72 65 73 73 22 2c 22 72 65 63 65 69 76 65 64 22 3a 34 39 35 31 38 30 2c 22 74 6f 74 61 6c 22 3a 35 37 30 34 38 30 2c 22 70 65 72 63 65 6e 74 22 3a 38 36 7d
[Main -> Renderer] ble:characteristicValueChanged: {
  deviceId: '10b41dcd238d',
  serviceUuid: '4fafc201-1fb5-459e-8fcc-c5c9c331914d',
  characteristicUuid: 'beb5483e-36e1-4688-b7f5-ea07361b26c2',
  value: '7b 22 74 79 70 65 22 3a 22 6f 74 61 22 2c 22 73 74 61 74 75 73 22 3a 22 70 72 6f 67 72 65 73 73 22 2c 22 72 65 63 65 69 76 65 64 22 3a 34 39 35 31 38 30 2c 22 74 6f 74 61 6c 22 3a 35 37 30 34 38 30 2c 22 70 65 72 63 65 6e 74 22 3a 38 36 7d'
}
Notification received: 7b 22 74 79 70 65 22 3a 22 6f 74 61 22 2c 22 73 74 61 74 75 73 22 3a 22 70 72 6f 67 72 65 73 73 22 2c 22 72 65 63 65 69 76 65 64 22 3a 34 39 35 35 34 30 2c 22 74 6f 74 61 6c 22 3a 35 37 30 34 38 30 2c 22 70 65 72 63 65 6e 74 22 3a 38 36 7d
[Main -> Renderer] ble:characteristicValueChanged: {
  deviceId: '10b41dcd238d',
  serviceUuid: '4fafc201-1fb5-459e-8fcc-c5c9c331914d',
  characteristicUuid: 'beb5483e-36e1-4688-b7f5-ea07361b26c2',
  value: '7b 22 74 79 70 65 22 3a 22 6f 74 61 22 2c 22 73 74 61 74 75 73 22 3a 22 70 72 6f 67 72 65 73 73 22 2c 22 72 65 63 65 69 76 65 64 22 3a 34 39 35 35 34 30 2c 22 74 6f 74 61 6c 22 3a 35 37 30 34 38 30 2c 22 70 65 72 63 65 6e 74 22 3a 38 36 7d'
}
Notification received: 7b 22 74 79 70 65 22 3a 22 6f 74 61 22 2c 22 73 74 61 74 75 73 22 3a 22 70 72 6f 67 72 65 73 73 22 2c 22 72 65 63 65 69 76 65 64 22 3a 34 39 35 39 30 30 2c 22 74 6f 74 61 6c 22 3a 35 37 30 34 38 30 2c 22 70 65 72 63 65 6e 74 22 3a 38 36 7d
[Main -> Renderer] ble:characteristicValueChanged: {
  deviceId: '10b41dcd238d',
  serviceUuid: '4fafc201-1fb5-459e-8fcc-c5c9c331914d',
  characteristicUuid: 'beb5483e-36e1-4688-b7f5-ea07361b26c2',
  value: '7b 22 74 79 70 65 22 3a 22 6f 74 61 22 2c 22 73 74 61 74 75 73 22 3a 22 70 72 6f 67 72 65 73 73 22 2c 22 72 65 63 65 69 76 65 64 22 3a 34 39 35 39 30 30 2c 22 74 6f 74 61 6c 22 3a 35 37 30 34 38 30 2c 22 70 65 72 63 65 6e 74 22 3a 38 36 7d'
}
Notification received: 7b 22 74 79 70 65 22 3a 22 6f 74 61 22 2c 22 73 74 61 74 75 73 22 3a 22 70 72 6f 67 72 65 73 73 22 2c 22 72 65 63 65 69 76 65 64 22 3a 34 39 36 32 36 30 2c 22 74 6f 74 61 6c 22 3a 35 37 30 34 38 30 2c 22 70 65 72 63 65 6e 74 22 3a 38 36 7d
[Main -> Renderer] ble:characteristicValueChanged: {
  deviceId: '10b41dcd238d',
  serviceUuid: '4fafc201-1fb5-459e-8fcc-c5c9c331914d',
  characteristicUuid: 'beb5483e-36e1-4688-b7f5-ea07361b26c2',
  value: '7b 22 74 79 70 65 22 3a 22 6f 74 61 22 2c 22 73 74 61 74 75 73 22 3a 22 70 72 6f 67 72 65 73 73 22 2c 22 72 65 63 65 69 76 65 64 22 3a 34 39 36 32 36 30 2c 22 74 6f 74 61 6c 22 3a 35 37 30 34 38 30 2c 22 70 65 72 63 65 6e 74 22 3a 38 36 7d'
}
Notification received: 7b 22 74 79 70 65 22 3a 22 6f 74 61 22 2c 22 73 74 61 74 75 73 22 3a 22 70 72 6f 67 72 65 73 73 22 2c 22 72 65 63 65 69 76 65 64 22 3a 34 39 36 36 32 30 2c 22 74 6f 74 61 6c 22 3a 35 37 30 34 38 30 2c 22 70 65 72 63 65 6e 74 22 3a 38 37 7d
[Main -> Renderer] ble:characteristicValueChanged: {
  deviceId: '10b41dcd238d',
  serviceUuid: '4fafc201-1fb5-459e-8fcc-c5c9c331914d',
  characteristicUuid: 'beb5483e-36e1-4688-b7f5-ea07361b26c2',
  value: '7b 22 74 79 70 65 22 3a 22 6f 74 61 22 2c 22 73 74 61 74 75 73 22 3a 22 70 72 6f 67 72 65 73 73 22 2c 22 72 65 63 65 69 76 65 64 22 3a 34 39 36 36 32 30 2c 22 74 6f 74 61 6c 22 3a 35 37 30 34 38 30 2c 22 70 65 72 63 65 6e 74 22 3a 38 37 7d'
}
Notification received: 7b 22 74 79 70 65 22 3a 22 6f 74 61 22 2c 22 73 74 61 74 75 73 22 3a 22 70 72 6f 67 72 65 73 73 22 2c 22 72 65 63 65 69 76 65 64 22 3a 34 39 36 39 38 30 2c 22 74 6f 74 61 6c 22 3a 35 37 30 34 38 30 2c 22 70 65 72 63 65 6e 74 22 3a 38 37 7d
[Main -> Renderer] ble:characteristicValueChanged: {
  deviceId: '10b41dcd238d',
  serviceUuid: '4fafc201-1fb5-459e-8fcc-c5c9c331914d',
  characteristicUuid: 'beb5483e-36e1-4688-b7f5-ea07361b26c2',
  value: '7b 22 74 79 70 65 22 3a 22 6f 74 61 22 2c 22 73 74 61 74 75 73 22 3a 22 70 72 6f 67 72 65 73 73 22 2c 22 72 65 63 65 69 76 65 64 22 3a 34 39 36 39 38 30 2c 22 74 6f 74 61 6c 22 3a 35 37 30 34 38 30 2c 22 70 65 72 63 65 6e 74 22 3a 38 37 7d'
}
Notification received: 7b 22 74 79 70 65 22 3a 22 6f 74 61 22 2c 22 73 74 61 74 75 73 22 3a 22 70 72 6f 67 72 65 73 73 22 2c 22 72 65 63 65 69 76 65 64 22 3a 34 39 37 33 34 30 2c 22 74 6f 74 61 6c 22 3a 35 37 30 34 38 30 2c 22 70 65 72 63 65 6e 74 22 3a 38 37 7d
[Main -> Renderer] ble:characteristicValueChanged: {
  deviceId: '10b41dcd238d',
  serviceUuid: '4fafc201-1fb5-459e-8fcc-c5c9c331914d',
  characteristicUuid: 'beb5483e-36e1-4688-b7f5-ea07361b26c2',
  value: '7b 22 74 79 70 65 22 3a 22 6f 74 61 22 2c 22 73 74 61 74 75 73 22 3a 22 70 72 6f 67 72 65 73 73 22 2c 22 72 65 63 65 69 76 65 64 22 3a 34 39 37 33 34 30 2c 22 74 6f 74 61 6c 22 3a 35 37 30 34 38 30 2c 22 70 65 72 63 65 6e 74 22 3a 38 37 7d'
}
Notification received: 7b 22 74 79 70 65 22 3a 22 6f 74 61 22 2c 22 73 74 61 74 75 73 22 3a 22 70 72 6f 67 72 65 73 73 22 2c 22 72 65 63 65 69 76 65 64 22 3a 34 39 37 38 38 30 2c 22 74 6f 74 61 6c 22 3a 35 37 30 34 38 30 2c 22 70 65 72 63 65 6e 74 22 3a 38 37 7d
[Main -> Renderer] ble:characteristicValueChanged: {
  deviceId: '10b41dcd238d',
  serviceUuid: '4fafc201-1fb5-459e-8fcc-c5c9c331914d',
  characteristicUuid: 'beb5483e-36e1-4688-b7f5-ea07361b26c2',
  value: '7b 22 74 79 70 65 22 3a 22 6f 74 61 22 2c 22 73 74 61 74 75 73 22 3a 22 70 72 6f 67 72 65 73 73 22 2c 22 72 65 63 65 69 76 65 64 22 3a 34 39 37 38 38 30 2c 22 74 6f 74 61 6c 22 3a 35 37 30 34 38 30 2c 22 70 65 72 63 65 6e 74 22 3a 38 37 7d'
}
Notification received: 7b 22 74 79 70 65 22 3a 22 6f 74 61 22 2c 22 73 74 61 74 75 73 22 3a 22 70 72 6f 67 72 65 73 73 22 2c 22 72 65 63 65 69 76 65 64 22 3a 34 39 38 34 32 30 2c 22 74 6f 74 61 6c 22 3a 35 37 30 34 38 30 2c 22 70 65 72 63 65 6e 74 22 3a 38 37 7d
[Main -> Renderer] ble:characteristicValueChanged: {
  deviceId: '10b41dcd238d',
  serviceUuid: '4fafc201-1fb5-459e-8fcc-c5c9c331914d',
  characteristicUuid: 'beb5483e-36e1-4688-b7f5-ea07361b26c2',
  value: '7b 22 74 79 70 65 22 3a 22 6f 74 61 22 2c 22 73 74 61 74 75 73 22 3a 22 70 72 6f 67 72 65 73 73 22 2c 22 72 65 63 65 69 76 65 64 22 3a 34 39 38 34 32 30 2c 22 74 6f 74 61 6c 22 3a 35 37 30 34 38 30 2c 22 70 65 72 63 65 6e 74 22 3a 38 37 7d'
}
Notification received: 7b 22 74 79 70 65 22 3a 22 6f 74 61 22 2c 22 73 74 61 74 75 73 22 3a 22 70 72 6f 67 72 65 73 73 22 2c 22 72 65 63 65 69 76 65 64 22 3a 34 39 38 39 36 30 2c 22 74 6f 74 61 6c 22 3a 35 37 30 34 38 30 2c 22 70 65 72 63 65 6e 74 22 3a 38 37 7d
[Main -> Renderer] ble:characteristicValueChanged: {
  deviceId: '10b41dcd238d',
  serviceUuid: '4fafc201-1fb5-459e-8fcc-c5c9c331914d',
  characteristicUuid: 'beb5483e-36e1-4688-b7f5-ea07361b26c2',
  value: '7b 22 74 79 70 65 22 3a 22 6f 74 61 22 2c 22 73 74 61 74 75 73 22 3a 22 70 72 6f 67 72 65 73 73 22 2c 22 72 65 63 65 69 76 65 64 22 3a 34 39 38 39 36 30 2c 22 74 6f 74 61 6c 22 3a 35 37 30 34 38 30 2c 22 70 65 72 63 65 6e 74 22 3a 38 37 7d'
}
Notification received: 7b 22 74 79 70 65 22 3a 22 6f 74 61 22 2c 22 73 74 61 74 75 73 22 3a 22 70 72 6f 67 72 65 73 73 22 2c 22 72 65 63 65 69 76 65 64 22 3a 34 39 39 33 32 30 2c 22 74 6f 74 61 6c 22 3a 35 37 30 34 38 30 2c 22 70 65 72 63 65 6e 74 22 3a 38 37 7d
[Main -> Renderer] ble:characteristicValueChanged: {
  deviceId: '10b41dcd238d',
  serviceUuid: '4fafc201-1fb5-459e-8fcc-c5c9c331914d',
  characteristicUuid: 'beb5483e-36e1-4688-b7f5-ea07361b26c2',
  value: '7b 22 74 79 70 65 22 3a 22 6f 74 61 22 2c 22 73 74 61 74 75 73 22 3a 22 70 72 6f 67 72 65 73 73 22 2c 22 72 65 63 65 69 76 65 64 22 3a 34 39 39 33 32 30 2c 22 74 6f 74 61 6c 22 3a 35 37 30 34 38 30 2c 22 70 65 72 63 65 6e 74 22 3a 38 37 7d'
}
Notification received: 7b 22 74 79 70 65 22 3a 22 6f 74 61 22 2c 22 73 74 61 74 75 73 22 3a 22 70 72 6f 67 72 65 73 73 22 2c 22 72 65 63 65 69 76 65 64 22 3a 34 39 39 38 36 30 2c 22 74 6f 74 61 6c 22 3a 35 37 30 34 38 30 2c 22 70 65 72 63 65 6e 74 22 3a 38 37 7d
[Main -> Renderer] ble:characteristicValueChanged: {
  deviceId: '10b41dcd238d',
  serviceUuid: '4fafc201-1fb5-459e-8fcc-c5c9c331914d',
  characteristicUuid: 'beb5483e-36e1-4688-b7f5-ea07361b26c2',
  value: '7b 22 74 79 70 65 22 3a 22 6f 74 61 22 2c 22 73 74 61 74 75 73 22 3a 22 70 72 6f 67 72 65 73 73 22 2c 22 72 65 63 65 69 76 65 64 22 3a 34 39 39 38 36 30 2c 22 74 6f 74 61 6c 22 3a 35 37 30 34 38 30 2c 22 70 65 72 63 65 6e 74 22 3a 38 37 7d'
}
Notification received: 7b 22 74 79 70 65 22 3a 22 6f 74 61 22 2c 22 73 74 61 74 75 73 22 3a 22 70 72 6f 67 72 65 73 73 22 2c 22 72 65 63 65 69 76 65 64 22 3a 35 30 30 34 30 30 2c 22 74 6f 74 61 6c 22 3a 35 37 30 34 38 30 2c 22 70 65 72 63 65 6e 74 22 3a 38 37 7d
[Main -> Renderer] ble:characteristicValueChanged: {
  deviceId: '10b41dcd238d',
  serviceUuid: '4fafc201-1fb5-459e-8fcc-c5c9c331914d',
  characteristicUuid: 'beb5483e-36e1-4688-b7f5-ea07361b26c2',
  value: '7b 22 74 79 70 65 22 3a 22 6f 74 61 22 2c 22 73 74 61 74 75 73 22 3a 22 70 72 6f 67 72 65 73 73 22 2c 22 72 65 63 65 69 76 65 64 22 3a 35 30 30 34 30 30 2c 22 74 6f 74 61 6c 22 3a 35 37 30 34 38 30 2c 22 70 65 72 63 65 6e 74 22 3a 38 37 7d'
}
Notification received: 7b 22 74 79 70 65 22 3a 22 6f 74 61 22 2c 22 73 74 61 74 75 73 22 3a 22 70 72 6f 67 72 65 73 73 22 2c 22 72 65 63 65 69 76 65 64 22 3a 35 30 30 39 34 30 2c 22 74 6f 74 61 6c 22 3a 35 37 30 34 38 30 2c 22 70 65 72 63 65 6e 74 22 3a 38 37 7d
[Main -> Renderer] ble:characteristicValueChanged: {
  deviceId: '10b41dcd238d',
  serviceUuid: '4fafc201-1fb5-459e-8fcc-c5c9c331914d',
  characteristicUuid: 'beb5483e-36e1-4688-b7f5-ea07361b26c2',
  value: '7b 22 74 79 70 65 22 3a 22 6f 74 61 22 2c 22 73 74 61 74 75 73 22 3a 22 70 72 6f 67 72 65 73 73 22 2c 22 72 65 63 65 69 76 65 64 22 3a 35 30 30 39 34 30 2c 22 74 6f 74 61 6c 22 3a 35 37 30 34 38 30 2c 22 70 65 72 63 65 6e 74 22 3a 38 37 7d'
}
Notification received: 7b 22 74 79 70 65 22 3a 22 6f 74 61 22 2c 22 73 74 61 74 75 73 22 3a 22 70 72 6f 67 72 65 73 73 22 2c 22 72 65 63 65 69 76 65 64 22 3a 35 30 31 34 38 30 2c 22 74 6f 74 61 6c 22 3a 35 37 30 34 38 30 2c 22 70 65 72 63 65 6e 74 22 3a 38 37 7d
[Main -> Renderer] ble:characteristicValueChanged: {
  deviceId: '10b41dcd238d',
  serviceUuid: '4fafc201-1fb5-459e-8fcc-c5c9c331914d',
  characteristicUuid: 'beb5483e-36e1-4688-b7f5-ea07361b26c2',
  value: '7b 22 74 79 70 65 22 3a 22 6f 74 61 22 2c 22 73 74 61 74 75 73 22 3a 22 70 72 6f 67 72 65 73 73 22 2c 22 72 65 63 65 69 76 65 64 22 3a 35 30 31 34 38 30 2c 22 74 6f 74 61 6c 22 3a 35 37 30 34 38 30 2c 22 70 65 72 63 65 6e 74 22 3a 38 37 7d'
}
Notification received: 7b 22 74 79 70 65 22 3a 22 6f 74 61 22 2c 22 73 74 61 74 75 73 22 3a 22 70 72 6f 67 72 65 73 73 22 2c 22 72 65 63 65 69 76 65 64 22 3a 35 30 32 30 32 30 2c 22 74 6f 74 61 6c 22 3a 35 37 30 34 38 30 2c 22 70 65 72 63 65 6e 74 22 3a 38 37 7d
[Main -> Renderer] ble:characteristicValueChanged: {
  deviceId: '10b41dcd238d',
  serviceUuid: '4fafc201-1fb5-459e-8fcc-c5c9c331914d',
  characteristicUuid: 'beb5483e-36e1-4688-b7f5-ea07361b26c2',
  value: '7b 22 74 79 70 65 22 3a 22 6f 74 61 22 2c 22 73 74 61 74 75 73 22 3a 22 70 72 6f 67 72 65 73 73 22 2c 22 72 65 63 65 69 76 65 64 22 3a 35 30 32 30 32 30 2c 22 74 6f 74 61 6c 22 3a 35 37 30 34 38 30 2c 22 70 65 72 63 65 6e 74 22 3a 38 37 7d'
}
Notification received: 7b 22 74 79 70 65 22 3a 22 6f 74 61 22 2c 22 73 74 61 74 75 73 22 3a 22 70 72 6f 67 72 65 73 73 22 2c 22 72 65 63 65 69 76 65 64 22 3a 35 30 32 35 36 30 2c 22 74 6f 74 61 6c 22 3a 35 37 30 34 38 30 2c 22 70 65 72 63 65 6e 74 22 3a 38 38 7d
[Main -> Renderer] ble:characteristicValueChanged: {
  deviceId: '10b41dcd238d',
  serviceUuid: '4fafc201-1fb5-459e-8fcc-c5c9c331914d',
  characteristicUuid: 'beb5483e-36e1-4688-b7f5-ea07361b26c2',
  value: '7b 22 74 79 70 65 22 3a 22 6f 74 61 22 2c 22 73 74 61 74 75 73 22 3a 22 70 72 6f 67 72 65 73 73 22 2c 22 72 65 63 65 69 76 65 64 22 3a 35 30 32 35 36 30 2c 22 74 6f 74 61 6c 22 3a 35 37 30 34 38 30 2c 22 70 65 72 63 65 6e 74 22 3a 38 38 7d'
}
Notification received: 7b 22 74 79 70 65 22 3a 22 6f 74 61 22 2c 22 73 74 61 74 75 73 22 3a 22 70 72 6f 67 72 65 73 73 22 2c 22 72 65 63 65 69 76 65 64 22 3a 35 30 33 31 30 30 2c 22 74 6f 74 61 6c 22 3a 35 37 30 34 38 30 2c 22 70 65 72 63 65 6e 74 22 3a 38 38 7d
[Main -> Renderer] ble:characteristicValueChanged: {
  deviceId: '10b41dcd238d',
  serviceUuid: '4fafc201-1fb5-459e-8fcc-c5c9c331914d',
  characteristicUuid: 'beb5483e-36e1-4688-b7f5-ea07361b26c2',
  value: '7b 22 74 79 70 65 22 3a 22 6f 74 61 22 2c 22 73 74 61 74 75 73 22 3a 22 70 72 6f 67 72 65 73 73 22 2c 22 72 65 63 65 69 76 65 64 22 3a 35 30 33 31 30 30 2c 22 74 6f 74 61 6c 22 3a 35 37 30 34 38 30 2c 22 70 65 72 63 65 6e 74 22 3a 38 38 7d'
}
Notification received: 7b 22 74 79 70 65 22 3a 22 6f 74 61 22 2c 22 73 74 61 74 75 73 22 3a 22 70 72 6f 67 72 65 73 73 22 2c 22 72 65 63 65 69 76 65 64 22 3a 35 30 33 36 34 30 2c 22 74 6f 74 61 6c 22 3a 35 37 30 34 38 30 2c 22 70 65 72 63 65 6e 74 22 3a 38 38 7d
[Main -> Renderer] ble:characteristicValueChanged: {
  deviceId: '10b41dcd238d',
  serviceUuid: '4fafc201-1fb5-459e-8fcc-c5c9c331914d',
  characteristicUuid: 'beb5483e-36e1-4688-b7f5-ea07361b26c2',
  value: '7b 22 74 79 70 65 22 3a 22 6f 74 61 22 2c 22 73 74 61 74 75 73 22 3a 22 70 72 6f 67 72 65 73 73 22 2c 22 72 65 63 65 69 76 65 64 22 3a 35 30 33 36 34 30 2c 22 74 6f 74 61 6c 22 3a 35 37 30 34 38 30 2c 22 70 65 72 63 65 6e 74 22 3a 38 38 7d'
}
Notification received: 7b 22 74 79 70 65 22 3a 22 6f 74 61 22 2c 22 73 74 61 74 75 73 22 3a 22 70 72 6f 67 72 65 73 73 22 2c 22 72 65 63 65 69 76 65 64 22 3a 35 30 34 31 38 30 2c 22 74 6f 74 61 6c 22 3a 35 37 30 34 38 30 2c 22 70 65 72 63 65 6e 74 22 3a 38 38 7d
[Main -> Renderer] ble:characteristicValueChanged: {
  deviceId: '10b41dcd238d',
  serviceUuid: '4fafc201-1fb5-459e-8fcc-c5c9c331914d',
  characteristicUuid: 'beb5483e-36e1-4688-b7f5-ea07361b26c2',
  value: '7b 22 74 79 70 65 22 3a 22 6f 74 61 22 2c 22 73 74 61 74 75 73 22 3a 22 70 72 6f 67 72 65 73 73 22 2c 22 72 65 63 65 69 76 65 64 22 3a 35 30 34 31 38 30 2c 22 74 6f 74 61 6c 22 3a 35 37 30 34 38 30 2c 22 70 65 72 63 65 6e 74 22 3a 38 38 7d'
}
Notification received: 7b 22 74 79 70 65 22 3a 22 6f 74 61 22 2c 22 73 74 61 74 75 73 22 3a 22 70 72 6f 67 72 65 73 73 22 2c 22 72 65 63 65 69 76 65 64 22 3a 35 30 34 37 32 30 2c 22 74 6f 74 61 6c 22 3a 35 37 30 34 38 30 2c 22 70 65 72 63 65 6e 74 22 3a 38 38 7d
[Main -> Renderer] ble:characteristicValueChanged: {
  deviceId: '10b41dcd238d',
  serviceUuid: '4fafc201-1fb5-459e-8fcc-c5c9c331914d',
  characteristicUuid: 'beb5483e-36e1-4688-b7f5-ea07361b26c2',
  value: '7b 22 74 79 70 65 22 3a 22 6f 74 61 22 2c 22 73 74 61 74 75 73 22 3a 22 70 72 6f 67 72 65 73 73 22 2c 22 72 65 63 65 69 76 65 64 22 3a 35 30 34 37 32 30 2c 22 74 6f 74 61 6c 22 3a 35 37 30 34 38 30 2c 22 70 65 72 63 65 6e 74 22 3a 38 38 7d'
}
Notification received: 7b 22 74 79 70 65 22 3a 22 6f 74 61 22 2c 22 73 74 61 74 75 73 22 3a 22 70 72 6f 67 72 65 73 73 22 2c 22 72 65 63 65 69 76 65 64 22 3a 35 30 35 32 36 30 2c 22 74 6f 74 61 6c 22 3a 35 37 30 34 38 30 2c 22 70 65 72 63 65 6e 74 22 3a 38 38 7d
[Main -> Renderer] ble:characteristicValueChanged: {
  deviceId: '10b41dcd238d',
  serviceUuid: '4fafc201-1fb5-459e-8fcc-c5c9c331914d',
  characteristicUuid: 'beb5483e-36e1-4688-b7f5-ea07361b26c2',
  value: '7b 22 74 79 70 65 22 3a 22 6f 74 61 22 2c 22 73 74 61 74 75 73 22 3a 22 70 72 6f 67 72 65 73 73 22 2c 22 72 65 63 65 69 76 65 64 22 3a 35 30 35 32 36 30 2c 22 74 6f 74 61 6c 22 3a 35 37 30 34 38 30 2c 22 70 65 72 63 65 6e 74 22 3a 38 38 7d'
}
Notification received: 7b 22 74 79 70 65 22 3a 22 6f 74 61 22 2c 22 73 74 61 74 75 73 22 3a 22 70 72 6f 67 72 65 73 73 22 2c 22 72 65 63 65 69 76 65 64 22 3a 35 30 35 38 30 30 2c 22 74 6f 74 61 6c 22 3a 35 37 30 34 38 30 2c 22 70 65 72 63 65 6e 74 22 3a 38 38 7d
[Main -> Renderer] ble:characteristicValueChanged: {
  deviceId: '10b41dcd238d',
  serviceUuid: '4fafc201-1fb5-459e-8fcc-c5c9c331914d',
  characteristicUuid: 'beb5483e-36e1-4688-b7f5-ea07361b26c2',
  value: '7b 22 74 79 70 65 22 3a 22 6f 74 61 22 2c 22 73 74 61 74 75 73 22 3a 22 70 72 6f 67 72 65 73 73 22 2c 22 72 65 63 65 69 76 65 64 22 3a 35 30 35 38 30 30 2c 22 74 6f 74 61 6c 22 3a 35 37 30 34 38 30 2c 22 70 65 72 63 65 6e 74 22 3a 38 38 7d'
}
Notification received: 7b 22 74 79 70 65 22 3a 22 6f 74 61 22 2c 22 73 74 61 74 75 73 22 3a 22 70 72 6f 67 72 65 73 73 22 2c 22 72 65 63 65 69 76 65 64 22 3a 35 30 36 33 34 30 2c 22 74 6f 74 61 6c 22 3a 35 37 30 34 38 30 2c 22 70 65 72 63 65 6e 74 22 3a 38 38 7d
[Main -> Renderer] ble:characteristicValueChanged: {
  deviceId: '10b41dcd238d',
  serviceUuid: '4fafc201-1fb5-459e-8fcc-c5c9c331914d',
  characteristicUuid: 'beb5483e-36e1-4688-b7f5-ea07361b26c2',
  value: '7b 22 74 79 70 65 22 3a 22 6f 74 61 22 2c 22 73 74 61 74 75 73 22 3a 22 70 72 6f 67 72 65 73 73 22 2c 22 72 65 63 65 69 76 65 64 22 3a 35 30 36 33 34 30 2c 22 74 6f 74 61 6c 22 3a 35 37 30 34 38 30 2c 22 70 65 72 63 65 6e 74 22 3a 38 38 7d'
}
Notification received: 7b 22 74 79 70 65 22 3a 22 6f 74 61 22 2c 22 73 74 61 74 75 73 22 3a 22 70 72 6f 67 72 65 73 73 22 2c 22 72 65 63 65 69 76 65 64 22 3a 35 30 36 38 38 30 2c 22 74 6f 74 61 6c 22 3a 35 37 30 34 38 30 2c 22 70 65 72 63 65 6e 74 22 3a 38 38 7d
[Main -> Renderer] ble:characteristicValueChanged: {
  deviceId: '10b41dcd238d',
  serviceUuid: '4fafc201-1fb5-459e-8fcc-c5c9c331914d',
  characteristicUuid: 'beb5483e-36e1-4688-b7f5-ea07361b26c2',
  value: '7b 22 74 79 70 65 22 3a 22 6f 74 61 22 2c 22 73 74 61 74 75 73 22 3a 22 70 72 6f 67 72 65 73 73 22 2c 22 72 65 63 65 69 76 65 64 22 3a 35 30 36 38 38 30 2c 22 74 6f 74 61 6c 22 3a 35 37 30 34 38 30 2c 22 70 65 72 63 65 6e 74 22 3a 38 38 7d'
}
Notification received: 7b 22 74 79 70 65 22 3a 22 6f 74 61 22 2c 22 73 74 61 74 75 73 22 3a 22 70 72 6f 67 72 65 73 73 22 2c 22 72 65 63 65 69 76 65 64 22 3a 35 30 37 34 32 30 2c 22 74 6f 74 61 6c 22 3a 35 37 30 34 38 30 2c 22 70 65 72 63 65 6e 74 22 3a 38 38 7d
[Main -> Renderer] ble:characteristicValueChanged: {
  deviceId: '10b41dcd238d',
  serviceUuid: '4fafc201-1fb5-459e-8fcc-c5c9c331914d',
  characteristicUuid: 'beb5483e-36e1-4688-b7f5-ea07361b26c2',
  value: '7b 22 74 79 70 65 22 3a 22 6f 74 61 22 2c 22 73 74 61 74 75 73 22 3a 22 70 72 6f 67 72 65 73 73 22 2c 22 72 65 63 65 69 76 65 64 22 3a 35 30 37 34 32 30 2c 22 74 6f 74 61 6c 22 3a 35 37 30 34 38 30 2c 22 70 65 72 63 65 6e 74 22 3a 38 38 7d'
}
Notification received: 7b 22 74 79 70 65 22 3a 22 6f 74 61 22 2c 22 73 74 61 74 75 73 22 3a 22 70 72 6f 67 72 65 73 73 22 2c 22 72 65 63 65 69 76 65 64 22 3a 35 30 37 37 38 30 2c 22 74 6f 74 61 6c 22 3a 35 37 30 34 38 30 2c 22 70 65 72 63 65 6e 74 22 3a 38 39 7d
[Main -> Renderer] ble:characteristicValueChanged: {
  deviceId: '10b41dcd238d',
  serviceUuid: '4fafc201-1fb5-459e-8fcc-c5c9c331914d',
  characteristicUuid: 'beb5483e-36e1-4688-b7f5-ea07361b26c2',
  value: '7b 22 74 79 70 65 22 3a 22 6f 74 61 22 2c 22 73 74 61 74 75 73 22 3a 22 70 72 6f 67 72 65 73 73 22 2c 22 72 65 63 65 69 76 65 64 22 3a 35 30 37 37 38 30 2c 22 74 6f 74 61 6c 22 3a 35 37 30 34 38 30 2c 22 70 65 72 63 65 6e 74 22 3a 38 39 7d'
}
Notification received: 7b 22 74 79 70 65 22 3a 22 6f 74 61 22 2c 22 73 74 61 74 75 73 22 3a 22 70 72 6f 67 72 65 73 73 22 2c 22 72 65 63 65 69 76 65 64 22 3a 35 30 38 31 34 30 2c 22 74 6f 74 61 6c 22 3a 35 37 30 34 38 30 2c 22 70 65 72 63 65 6e 74 22 3a 38 39 7d
[Main -> Renderer] ble:characteristicValueChanged: {
  deviceId: '10b41dcd238d',
  serviceUuid: '4fafc201-1fb5-459e-8fcc-c5c9c331914d',
  characteristicUuid: 'beb5483e-36e1-4688-b7f5-ea07361b26c2',
  value: '7b 22 74 79 70 65 22 3a 22 6f 74 61 22 2c 22 73 74 61 74 75 73 22 3a 22 70 72 6f 67 72 65 73 73 22 2c 22 72 65 63 65 69 76 65 64 22 3a 35 30 38 31 34 30 2c 22 74 6f 74 61 6c 22 3a 35 37 30 34 38 30 2c 22 70 65 72 63 65 6e 74 22 3a 38 39 7d'
}
Notification received: 7b 22 74 79 70 65 22 3a 22 6f 74 61 22 2c 22 73 74 61 74 75 73 22 3a 22 70 72 6f 67 72 65 73 73 22 2c 22 72 65 63 65 69 76 65 64 22 3a 35 30 38 35 30 30 2c 22 74 6f 74 61 6c 22 3a 35 37 30 34 38 30 2c 22 70 65 72 63 65 6e 74 22 3a 38 39 7d
[Main -> Renderer] ble:characteristicValueChanged: {
  deviceId: '10b41dcd238d',
  serviceUuid: '4fafc201-1fb5-459e-8fcc-c5c9c331914d',
  characteristicUuid: 'beb5483e-36e1-4688-b7f5-ea07361b26c2',
  value: '7b 22 74 79 70 65 22 3a 22 6f 74 61 22 2c 22 73 74 61 74 75 73 22 3a 22 70 72 6f 67 72 65 73 73 22 2c 22 72 65 63 65 69 76 65 64 22 3a 35 30 38 35 30 30 2c 22 74 6f 74 61 6c 22 3a 35 37 30 34 38 30 2c 22 70 65 72 63 65 6e 74 22 3a 38 39 7d'
}
Notification received: 7b 22 74 79 70 65 22 3a 22 6f 74 61 22 2c 22 73 74 61 74 75 73 22 3a 22 70 72 6f 67 72 65 73 73 22 2c 22 72 65 63 65 69 76 65 64 22 3a 35 30 38 38 36 30 2c 22 74 6f 74 61 6c 22 3a 35 37 30 34 38 30 2c 22 70 65 72 63 65 6e 74 22 3a 38 39 7d
[Main -> Renderer] ble:characteristicValueChanged: {
  deviceId: '10b41dcd238d',
  serviceUuid: '4fafc201-1fb5-459e-8fcc-c5c9c331914d',
  characteristicUuid: 'beb5483e-36e1-4688-b7f5-ea07361b26c2',
  value: '7b 22 74 79 70 65 22 3a 22 6f 74 61 22 2c 22 73 74 61 74 75 73 22 3a 22 70 72 6f 67 72 65 73 73 22 2c 22 72 65 63 65 69 76 65 64 22 3a 35 30 38 38 36 30 2c 22 74 6f 74 61 6c 22 3a 35 37 30 34 38 30 2c 22 70 65 72 63 65 6e 74 22 3a 38 39 7d'
}
Notification received: 7b 22 74 79 70 65 22 3a 22 6f 74 61 22 2c 22 73 74 61 74 75 73 22 3a 22 70 72 6f 67 72 65 73 73 22 2c 22 72 65 63 65 69 76 65 64 22 3a 35 30 39 32 32 30 2c 22 74 6f 74 61 6c 22 3a 35 37 30 34 38 30 2c 22 70 65 72 63 65 6e 74 22 3a 38 39 7d
[Main -> Renderer] ble:characteristicValueChanged: {
  deviceId: '10b41dcd238d',
  serviceUuid: '4fafc201-1fb5-459e-8fcc-c5c9c331914d',
  characteristicUuid: 'beb5483e-36e1-4688-b7f5-ea07361b26c2',
  value: '7b 22 74 79 70 65 22 3a 22 6f 74 61 22 2c 22 73 74 61 74 75 73 22 3a 22 70 72 6f 67 72 65 73 73 22 2c 22 72 65 63 65 69 76 65 64 22 3a 35 30 39 32 32 30 2c 22 74 6f 74 61 6c 22 3a 35 37 30 34 38 30 2c 22 70 65 72 63 65 6e 74 22 3a 38 39 7d'
}
Notification received: 7b 22 74 79 70 65 22 3a 22 6f 74 61 22 2c 22 73 74 61 74 75 73 22 3a 22 70 72 6f 67 72 65 73 73 22 2c 22 72 65 63 65 69 76 65 64 22 3a 35 30 39 37 36 30 2c 22 74 6f 74 61 6c 22 3a 35 37 30 34 38 30 2c 22 70 65 72 63 65 6e 74 22 3a 38 39 7d
[Main -> Renderer] ble:characteristicValueChanged: {
  deviceId: '10b41dcd238d',
  serviceUuid: '4fafc201-1fb5-459e-8fcc-c5c9c331914d',
  characteristicUuid: 'beb5483e-36e1-4688-b7f5-ea07361b26c2',
  value: '7b 22 74 79 70 65 22 3a 22 6f 74 61 22 2c 22 73 74 61 74 75 73 22 3a 22 70 72 6f 67 72 65 73 73 22 2c 22 72 65 63 65 69 76 65 64 22 3a 35 30 39 37 36 30 2c 22 74 6f 74 61 6c 22 3a 35 37 30 34 38 30 2c 22 70 65 72 63 65 6e 74 22 3a 38 39 7d'
}
Notification received: 7b 22 74 79 70 65 22 3a 22 6f 74 61 22 2c 22 73 74 61 74 75 73 22 3a 22 70 72 6f 67 72 65 73 73 22 2c 22 72 65 63 65 69 76 65 64 22 3a 35 31 30 31 32 30 2c 22 74 6f 74 61 6c 22 3a 35 37 30 34 38 30 2c 22 70 65 72 63 65 6e 74 22 3a 38 39 7d
[Main -> Renderer] ble:characteristicValueChanged: {
  deviceId: '10b41dcd238d',
  serviceUuid: '4fafc201-1fb5-459e-8fcc-c5c9c331914d',
  characteristicUuid: 'beb5483e-36e1-4688-b7f5-ea07361b26c2',
  value: '7b 22 74 79 70 65 22 3a 22 6f 74 61 22 2c 22 73 74 61 74 75 73 22 3a 22 70 72 6f 67 72 65 73 73 22 2c 22 72 65 63 65 69 76 65 64 22 3a 35 31 30 31 32 30 2c 22 74 6f 74 61 6c 22 3a 35 37 30 34 38 30 2c 22 70 65 72 63 65 6e 74 22 3a 38 39 7d'
}
Notification received: 7b 22 74 79 70 65 22 3a 22 6f 74 61 22 2c 22 73 74 61 74 75 73 22 3a 22 70 72 6f 67 72 65 73 73 22 2c 22 72 65 63 65 69 76 65 64 22 3a 35 31 30 34 38 30 2c 22 74 6f 74 61 6c 22 3a 35 37 30 34 38 30 2c 22 70 65 72 63 65 6e 74 22 3a 38 39 7d
[Main -> Renderer] ble:characteristicValueChanged: {
  deviceId: '10b41dcd238d',
  serviceUuid: '4fafc201-1fb5-459e-8fcc-c5c9c331914d',
  characteristicUuid: 'beb5483e-36e1-4688-b7f5-ea07361b26c2',
  value: '7b 22 74 79 70 65 22 3a 22 6f 74 61 22 2c 22 73 74 61 74 75 73 22 3a 22 70 72 6f 67 72 65 73 73 22 2c 22 72 65 63 65 69 76 65 64 22 3a 35 31 30 34 38 30 2c 22 74 6f 74 61 6c 22 3a 35 37 30 34 38 30 2c 22 70 65 72 63 65 6e 74 22 3a 38 39 7d'
}
Notification received: 7b 22 74 79 70 65 22 3a 22 6f 74 61 22 2c 22 73 74 61 74 75 73 22 3a 22 70 72 6f 67 72 65 73 73 22 2c 22 72 65 63 65 69 76 65 64 22 3a 35 31 31 30 32 30 2c 22 74 6f 74 61 6c 22 3a 35 37 30 34 38 30 2c 22 70 65 72 63 65 6e 74 22 3a 38 39 7d
[Main -> Renderer] ble:characteristicValueChanged: {
  deviceId: '10b41dcd238d',
  serviceUuid: '4fafc201-1fb5-459e-8fcc-c5c9c331914d',
  characteristicUuid: 'beb5483e-36e1-4688-b7f5-ea07361b26c2',
  value: '7b 22 74 79 70 65 22 3a 22 6f 74 61 22 2c 22 73 74 61 74 75 73 22 3a 22 70 72 6f 67 72 65 73 73 22 2c 22 72 65 63 65 69 76 65 64 22 3a 35 31 31 30 32 30 2c 22 74 6f 74 61 6c 22 3a 35 37 30 34 38 30 2c 22 70 65 72 63 65 6e 74 22 3a 38 39 7d'
}
Notification received: 7b 22 74 79 70 65 22 3a 22 6f 74 61 22 2c 22 73 74 61 74 75 73 22 3a 22 70 72 6f 67 72 65 73 73 22 2c 22 72 65 63 65 69 76 65 64 22 3a 35 31 31 35 36 30 2c 22 74 6f 74 61 6c 22 3a 35 37 30 34 38 30 2c 22 70 65 72 63 65 6e 74 22 3a 38 39 7d
[Main -> Renderer] ble:characteristicValueChanged: {
  deviceId: '10b41dcd238d',
  serviceUuid: '4fafc201-1fb5-459e-8fcc-c5c9c331914d',
  characteristicUuid: 'beb5483e-36e1-4688-b7f5-ea07361b26c2',
  value: '7b 22 74 79 70 65 22 3a 22 6f 74 61 22 2c 22 73 74 61 74 75 73 22 3a 22 70 72 6f 67 72 65 73 73 22 2c 22 72 65 63 65 69 76 65 64 22 3a 35 31 31 35 36 30 2c 22 74 6f 74 61 6c 22 3a 35 37 30 34 38 30 2c 22 70 65 72 63 65 6e 74 22 3a 38 39 7d'
}
Notification received: 7b 22 74 79 70 65 22 3a 22 6f 74 61 22 2c 22 73 74 61 74 75 73 22 3a 22 70 72 6f 67 72 65 73 73 22 2c 22 72 65 63 65 69 76 65 64 22 3a 35 31 31 39 32 30 2c 22 74 6f 74 61 6c 22 3a 35 37 30 34 38 30 2c 22 70 65 72 63 65 6e 74 22 3a 38 39 7d
[Main -> Renderer] ble:characteristicValueChanged: {
  deviceId: '10b41dcd238d',
  serviceUuid: '4fafc201-1fb5-459e-8fcc-c5c9c331914d',
  characteristicUuid: 'beb5483e-36e1-4688-b7f5-ea07361b26c2',
  value: '7b 22 74 79 70 65 22 3a 22 6f 74 61 22 2c 22 73 74 61 74 75 73 22 3a 22 70 72 6f 67 72 65 73 73 22 2c 22 72 65 63 65 69 76 65 64 22 3a 35 31 31 39 32 30 2c 22 74 6f 74 61 6c 22 3a 35 37 30 34 38 30 2c 22 70 65 72 63 65 6e 74 22 3a 38 39 7d'
}
Notification received: 7b 22 74 79 70 65 22 3a 22 6f 74 61 22 2c 22 73 74 61 74 75 73 22 3a 22 70 72 6f 67 72 65 73 73 22 2c 22 72 65 63 65 69 76 65 64 22 3a 35 31 32 32 38 30 2c 22 74 6f 74 61 6c 22 3a 35 37 30 34 38 30 2c 22 70 65 72 63 65 6e 74 22 3a 38 39 7d
[Main -> Renderer] ble:characteristicValueChanged: {
  deviceId: '10b41dcd238d',
  serviceUuid: '4fafc201-1fb5-459e-8fcc-c5c9c331914d',
  characteristicUuid: 'beb5483e-36e1-4688-b7f5-ea07361b26c2',
  value: '7b 22 74 79 70 65 22 3a 22 6f 74 61 22 2c 22 73 74 61 74 75 73 22 3a 22 70 72 6f 67 72 65 73 73 22 2c 22 72 65 63 65 69 76 65 64 22 3a 35 31 32 32 38 30 2c 22 74 6f 74 61 6c 22 3a 35 37 30 34 38 30 2c 22 70 65 72 63 65 6e 74 22 3a 38 39 7d'
}
Notification received: 7b 22 74 79 70 65 22 3a 22 6f 74 61 22 2c 22 73 74 61 74 75 73 22 3a 22 70 72 6f 67 72 65 73 73 22 2c 22 72 65 63 65 69 76 65 64 22 3a 35 31 32 38 32 30 2c 22 74 6f 74 61 6c 22 3a 35 37 30 34 38 30 2c 22 70 65 72 63 65 6e 74 22 3a 38 39 7d
[Main -> Renderer] ble:characteristicValueChanged: {
  deviceId: '10b41dcd238d',
  serviceUuid: '4fafc201-1fb5-459e-8fcc-c5c9c331914d',
  characteristicUuid: 'beb5483e-36e1-4688-b7f5-ea07361b26c2',
  value: '7b 22 74 79 70 65 22 3a 22 6f 74 61 22 2c 22 73 74 61 74 75 73 22 3a 22 70 72 6f 67 72 65 73 73 22 2c 22 72 65 63 65 69 76 65 64 22 3a 35 31 32 38 32 30 2c 22 74 6f 74 61 6c 22 3a 35 37 30 34 38 30 2c 22 70 65 72 63 65 6e 74 22 3a 38 39 7d'
}
Notification received: 7b 22 74 79 70 65 22 3a 22 6f 74 61 22 2c 22 73 74 61 74 75 73 22 3a 22 70 72 6f 67 72 65 73 73 22 2c 22 72 65 63 65 69 76 65 64 22 3a 35 31 33 33 36 30 2c 22 74 6f 74 61 6c 22 3a 35 37 30 34 38 30 2c 22 70 65 72 63 65 6e 74 22 3a 38 39 7d
[Main -> Renderer] ble:characteristicValueChanged: {
  deviceId: '10b41dcd238d',
  serviceUuid: '4fafc201-1fb5-459e-8fcc-c5c9c331914d',
  characteristicUuid: 'beb5483e-36e1-4688-b7f5-ea07361b26c2',
  value: '7b 22 74 79 70 65 22 3a 22 6f 74 61 22 2c 22 73 74 61 74 75 73 22 3a 22 70 72 6f 67 72 65 73 73 22 2c 22 72 65 63 65 69 76 65 64 22 3a 35 31 33 33 36 30 2c 22 74 6f 74 61 6c 22 3a 35 37 30 34 38 30 2c 22 70 65 72 63 65 6e 74 22 3a 38 39 7d'
}
Notification received: 7b 22 74 79 70 65 22 3a 22 6f 74 61 22 2c 22 73 74 61 74 75 73 22 3a 22 70 72 6f 67 72 65 73 73 22 2c 22 72 65 63 65 69 76 65 64 22 3a 35 31 33 37 32 30 2c 22 74 6f 74 61 6c 22 3a 35 37 30 34 38 30 2c 22 70 65 72 63 65 6e 74 22 3a 39 30 7d
[Main -> Renderer] ble:characteristicValueChanged: {
  deviceId: '10b41dcd238d',
  serviceUuid: '4fafc201-1fb5-459e-8fcc-c5c9c331914d',
  characteristicUuid: 'beb5483e-36e1-4688-b7f5-ea07361b26c2',
  value: '7b 22 74 79 70 65 22 3a 22 6f 74 61 22 2c 22 73 74 61 74 75 73 22 3a 22 70 72 6f 67 72 65 73 73 22 2c 22 72 65 63 65 69 76 65 64 22 3a 35 31 33 37 32 30 2c 22 74 6f 74 61 6c 22 3a 35 37 30 34 38 30 2c 22 70 65 72 63 65 6e 74 22 3a 39 30 7d'
}
Notification received: 7b 22 74 79 70 65 22 3a 22 6f 74 61 22 2c 22 73 74 61 74 75 73 22 3a 22 70 72 6f 67 72 65 73 73 22 2c 22 72 65 63 65 69 76 65 64 22 3a 35 31 34 30 38 30 2c 22 74 6f 74 61 6c 22 3a 35 37 30 34 38 30 2c 22 70 65 72 63 65 6e 74 22 3a 39 30 7d
[Main -> Renderer] ble:characteristicValueChanged: {
  deviceId: '10b41dcd238d',
  serviceUuid: '4fafc201-1fb5-459e-8fcc-c5c9c331914d',
  characteristicUuid: 'beb5483e-36e1-4688-b7f5-ea07361b26c2',
  value: '7b 22 74 79 70 65 22 3a 22 6f 74 61 22 2c 22 73 74 61 74 75 73 22 3a 22 70 72 6f 67 72 65 73 73 22 2c 22 72 65 63 65 69 76 65 64 22 3a 35 31 34 30 38 30 2c 22 74 6f 74 61 6c 22 3a 35 37 30 34 38 30 2c 22 70 65 72 63 65 6e 74 22 3a 39 30 7d'
}
Notification received: 7b 22 74 79 70 65 22 3a 22 6f 74 61 22 2c 22 73 74 61 74 75 73 22 3a 22 70 72 6f 67 72 65 73 73 22 2c 22 72 65 63 65 69 76 65 64 22 3a 35 31 34 34 34 30 2c 22 74 6f 74 61 6c 22 3a 35 37 30 34 38 30 2c 22 70 65 72 63 65 6e 74 22 3a 39 30 7d
[Main -> Renderer] ble:characteristicValueChanged: {
  deviceId: '10b41dcd238d',
  serviceUuid: '4fafc201-1fb5-459e-8fcc-c5c9c331914d',
  characteristicUuid: 'beb5483e-36e1-4688-b7f5-ea07361b26c2',
  value: '7b 22 74 79 70 65 22 3a 22 6f 74 61 22 2c 22 73 74 61 74 75 73 22 3a 22 70 72 6f 67 72 65 73 73 22 2c 22 72 65 63 65 69 76 65 64 22 3a 35 31 34 34 34 30 2c 22 74 6f 74 61 6c 22 3a 35 37 30 34 38 30 2c 22 70 65 72 63 65 6e 74 22 3a 39 30 7d'
}
Notification received: 7b 22 74 79 70 65 22 3a 22 6f 74 61 22 2c 22 73 74 61 74 75 73 22 3a 22 70 72 6f 67 72 65 73 73 22 2c 22 72 65 63 65 69 76 65 64 22 3a 35 31 34 38 30 30 2c 22 74 6f 74 61 6c 22 3a 35 37 30 34 38 30 2c 22 70 65 72 63 65 6e 74 22 3a 39 30 7d
[Main -> Renderer] ble:characteristicValueChanged: {
  deviceId: '10b41dcd238d',
  serviceUuid: '4fafc201-1fb5-459e-8fcc-c5c9c331914d',
  characteristicUuid: 'beb5483e-36e1-4688-b7f5-ea07361b26c2',
  value: '7b 22 74 79 70 65 22 3a 22 6f 74 61 22 2c 22 73 74 61 74 75 73 22 3a 22 70 72 6f 67 72 65 73 73 22 2c 22 72 65 63 65 69 76 65 64 22 3a 35 31 34 38 30 30 2c 22 74 6f 74 61 6c 22 3a 35 37 30 34 38 30 2c 22 70 65 72 63 65 6e 74 22 3a 39 30 7d'
}
Notification received: 7b 22 74 79 70 65 22 3a 22 6f 74 61 22 2c 22 73 74 61 74 75 73 22 3a 22 70 72 6f 67 72 65 73 73 22 2c 22 72 65 63 65 69 76 65 64 22 3a 35 31 35 31 36 30 2c 22 74 6f 74 61 6c 22 3a 35 37 30 34 38 30 2c 22 70 65 72 63 65 6e 74 22 3a 39 30 7d
[Main -> Renderer] ble:characteristicValueChanged: {
  deviceId: '10b41dcd238d',
  serviceUuid: '4fafc201-1fb5-459e-8fcc-c5c9c331914d',
  characteristicUuid: 'beb5483e-36e1-4688-b7f5-ea07361b26c2',
  value: '7b 22 74 79 70 65 22 3a 22 6f 74 61 22 2c 22 73 74 61 74 75 73 22 3a 22 70 72 6f 67 72 65 73 73 22 2c 22 72 65 63 65 69 76 65 64 22 3a 35 31 35 31 36 30 2c 22 74 6f 74 61 6c 22 3a 35 37 30 34 38 30 2c 22 70 65 72 63 65 6e 74 22 3a 39 30 7d'
}
Notification received: 7b 22 74 79 70 65 22 3a 22 6f 74 61 22 2c 22 73 74 61 74 75 73 22 3a 22 70 72 6f 67 72 65 73 73 22 2c 22 72 65 63 65 69 76 65 64 22 3a 35 31 35 37 30 30 2c 22 74 6f 74 61 6c 22 3a 35 37 30 34 38 30 2c 22 70 65 72 63 65 6e 74 22 3a 39 30 7d
[Main -> Renderer] ble:characteristicValueChanged: {
  deviceId: '10b41dcd238d',
  serviceUuid: '4fafc201-1fb5-459e-8fcc-c5c9c331914d',
  characteristicUuid: 'beb5483e-36e1-4688-b7f5-ea07361b26c2',
  value: '7b 22 74 79 70 65 22 3a 22 6f 74 61 22 2c 22 73 74 61 74 75 73 22 3a 22 70 72 6f 67 72 65 73 73 22 2c 22 72 65 63 65 69 76 65 64 22 3a 35 31 35 37 30 30 2c 22 74 6f 74 61 6c 22 3a 35 37 30 34 38 30 2c 22 70 65 72 63 65 6e 74 22 3a 39 30 7d'
}
Notification received: 7b 22 74 79 70 65 22 3a 22 6f 74 61 22 2c 22 73 74 61 74 75 73 22 3a 22 70 72 6f 67 72 65 73 73 22 2c 22 72 65 63 65 69 76 65 64 22 3a 35 31 36 30 36 30 2c 22 74 6f 74 61 6c 22 3a 35 37 30 34 38 30 2c 22 70 65 72 63 65 6e 74 22 3a 39 30 7d
[Main -> Renderer] ble:characteristicValueChanged: {
  deviceId: '10b41dcd238d',
  serviceUuid: '4fafc201-1fb5-459e-8fcc-c5c9c331914d',
  characteristicUuid: 'beb5483e-36e1-4688-b7f5-ea07361b26c2',
  value: '7b 22 74 79 70 65 22 3a 22 6f 74 61 22 2c 22 73 74 61 74 75 73 22 3a 22 70 72 6f 67 72 65 73 73 22 2c 22 72 65 63 65 69 76 65 64 22 3a 35 31 36 30 36 30 2c 22 74 6f 74 61 6c 22 3a 35 37 30 34 38 30 2c 22 70 65 72 63 65 6e 74 22 3a 39 30 7d'
}
Notification received: 7b 22 74 79 70 65 22 3a 22 6f 74 61 22 2c 22 73 74 61 74 75 73 22 3a 22 70 72 6f 67 72 65 73 73 22 2c 22 72 65 63 65 69 76 65 64 22 3a 35 31 36 34 32 30 2c 22 74 6f 74 61 6c 22 3a 35 37 30 34 38 30 2c 22 70 65 72 63 65 6e 74 22 3a 39 30 7d
[Main -> Renderer] ble:characteristicValueChanged: {
  deviceId: '10b41dcd238d',
  serviceUuid: '4fafc201-1fb5-459e-8fcc-c5c9c331914d',
  characteristicUuid: 'beb5483e-36e1-4688-b7f5-ea07361b26c2',
  value: '7b 22 74 79 70 65 22 3a 22 6f 74 61 22 2c 22 73 74 61 74 75 73 22 3a 22 70 72 6f 67 72 65 73 73 22 2c 22 72 65 63 65 69 76 65 64 22 3a 35 31 36 34 32 30 2c 22 74 6f 74 61 6c 22 3a 35 37 30 34 38 30 2c 22 70 65 72 63 65 6e 74 22 3a 39 30 7d'
}
Notification received: 7b 22 74 79 70 65 22 3a 22 6f 74 61 22 2c 22 73 74 61 74 75 73 22 3a 22 70 72 6f 67 72 65 73 73 22 2c 22 72 65 63 65 69 76 65 64 22 3a 35 31 36 39 36 30 2c 22 74 6f 74 61 6c 22 3a 35 37 30 34 38 30 2c 22 70 65 72 63 65 6e 74 22 3a 39 30 7d
[Main -> Renderer] ble:characteristicValueChanged: {
  deviceId: '10b41dcd238d',
  serviceUuid: '4fafc201-1fb5-459e-8fcc-c5c9c331914d',
  characteristicUuid: 'beb5483e-36e1-4688-b7f5-ea07361b26c2',
  value: '7b 22 74 79 70 65 22 3a 22 6f 74 61 22 2c 22 73 74 61 74 75 73 22 3a 22 70 72 6f 67 72 65 73 73 22 2c 22 72 65 63 65 69 76 65 64 22 3a 35 31 36 39 36 30 2c 22 74 6f 74 61 6c 22 3a 35 37 30 34 38 30 2c 22 70 65 72 63 65 6e 74 22 3a 39 30 7d'
}
Notification received: 7b 22 74 79 70 65 22 3a 22 6f 74 61 22 2c 22 73 74 61 74 75 73 22 3a 22 70 72 6f 67 72 65 73 73 22 2c 22 72 65 63 65 69 76 65 64 22 3a 35 31 37 33 32 30 2c 22 74 6f 74 61 6c 22 3a 35 37 30 34 38 30 2c 22 70 65 72 63 65 6e 74 22 3a 39 30 7d
[Main -> Renderer] ble:characteristicValueChanged: {
  deviceId: '10b41dcd238d',
  serviceUuid: '4fafc201-1fb5-459e-8fcc-c5c9c331914d',
  characteristicUuid: 'beb5483e-36e1-4688-b7f5-ea07361b26c2',
  value: '7b 22 74 79 70 65 22 3a 22 6f 74 61 22 2c 22 73 74 61 74 75 73 22 3a 22 70 72 6f 67 72 65 73 73 22 2c 22 72 65 63 65 69 76 65 64 22 3a 35 31 37 33 32 30 2c 22 74 6f 74 61 6c 22 3a 35 37 30 34 38 30 2c 22 70 65 72 63 65 6e 74 22 3a 39 30 7d'
}
Notification received: 7b 22 74 79 70 65 22 3a 22 6f 74 61 22 2c 22 73 74 61 74 75 73 22 3a 22 70 72 6f 67 72 65 73 73 22 2c 22 72 65 63 65 69 76 65 64 22 3a 35 31 37 36 38 30 2c 22 74 6f 74 61 6c 22 3a 35 37 30 34 38 30 2c 22 70 65 72 63 65 6e 74 22 3a 39 30 7d
[Main -> Renderer] ble:characteristicValueChanged: {
  deviceId: '10b41dcd238d',
  serviceUuid: '4fafc201-1fb5-459e-8fcc-c5c9c331914d',
  characteristicUuid: 'beb5483e-36e1-4688-b7f5-ea07361b26c2',
  value: '7b 22 74 79 70 65 22 3a 22 6f 74 61 22 2c 22 73 74 61 74 75 73 22 3a 22 70 72 6f 67 72 65 73 73 22 2c 22 72 65 63 65 69 76 65 64 22 3a 35 31 37 36 38 30 2c 22 74 6f 74 61 6c 22 3a 35 37 30 34 38 30 2c 22 70 65 72 63 65 6e 74 22 3a 39 30 7d'
}
Notification received: 7b 22 74 79 70 65 22 3a 22 6f 74 61 22 2c 22 73 74 61 74 75 73 22 3a 22 70 72 6f 67 72 65 73 73 22 2c 22 72 65 63 65 69 76 65 64 22 3a 35 31 38 30 34 30 2c 22 74 6f 74 61 6c 22 3a 35 37 30 34 38 30 2c 22 70 65 72 63 65 6e 74 22 3a 39 30 7d
[Main -> Renderer] ble:characteristicValueChanged: {
  deviceId: '10b41dcd238d',
  serviceUuid: '4fafc201-1fb5-459e-8fcc-c5c9c331914d',
  characteristicUuid: 'beb5483e-36e1-4688-b7f5-ea07361b26c2',
  value: '7b 22 74 79 70 65 22 3a 22 6f 74 61 22 2c 22 73 74 61 74 75 73 22 3a 22 70 72 6f 67 72 65 73 73 22 2c 22 72 65 63 65 69 76 65 64 22 3a 35 31 38 30 34 30 2c 22 74 6f 74 61 6c 22 3a 35 37 30 34 38 30 2c 22 70 65 72 63 65 6e 74 22 3a 39 30 7d'
}
Notification received: 7b 22 74 79 70 65 22 3a 22 6f 74 61 22 2c 22 73 74 61 74 75 73 22 3a 22 70 72 6f 67 72 65 73 73 22 2c 22 72 65 63 65 69 76 65 64 22 3a 35 31 38 34 30 30 2c 22 74 6f 74 61 6c 22 3a 35 37 30 34 38 30 2c 22 70 65 72 63 65 6e 74 22 3a 39 30 7d
[Main -> Renderer] ble:characteristicValueChanged: {
  deviceId: '10b41dcd238d',
  serviceUuid: '4fafc201-1fb5-459e-8fcc-c5c9c331914d',
  characteristicUuid: 'beb5483e-36e1-4688-b7f5-ea07361b26c2',
  value: '7b 22 74 79 70 65 22 3a 22 6f 74 61 22 2c 22 73 74 61 74 75 73 22 3a 22 70 72 6f 67 72 65 73 73 22 2c 22 72 65 63 65 69 76 65 64 22 3a 35 31 38 34 30 30 2c 22 74 6f 74 61 6c 22 3a 35 37 30 34 38 30 2c 22 70 65 72 63 65 6e 74 22 3a 39 30 7d'
}
Notification received: 7b 22 74 79 70 65 22 3a 22 6f 74 61 22 2c 22 73 74 61 74 75 73 22 3a 22 70 72 6f 67 72 65 73 73 22 2c 22 72 65 63 65 69 76 65 64 22 3a 35 31 38 37 36 30 2c 22 74 6f 74 61 6c 22 3a 35 37 30 34 38 30 2c 22 70 65 72 63 65 6e 74 22 3a 39 30 7d
[Main -> Renderer] ble:characteristicValueChanged: {
  deviceId: '10b41dcd238d',
  serviceUuid: '4fafc201-1fb5-459e-8fcc-c5c9c331914d',
  characteristicUuid: 'beb5483e-36e1-4688-b7f5-ea07361b26c2',
  value: '7b 22 74 79 70 65 22 3a 22 6f 74 61 22 2c 22 73 74 61 74 75 73 22 3a 22 70 72 6f 67 72 65 73 73 22 2c 22 72 65 63 65 69 76 65 64 22 3a 35 31 38 37 36 30 2c 22 74 6f 74 61 6c 22 3a 35 37 30 34 38 30 2c 22 70 65 72 63 65 6e 74 22 3a 39 30 7d'
}
Notification received: 7b 22 74 79 70 65 22 3a 22 6f 74 61 22 2c 22 73 74 61 74 75 73 22 3a 22 70 72 6f 67 72 65 73 73 22 2c 22 72 65 63 65 69 76 65 64 22 3a 35 31 39 31 32 30 2c 22 74 6f 74 61 6c 22 3a 35 37 30 34 38 30 2c 22 70 65 72 63 65 6e 74 22 3a 39 30 7d
[Main -> Renderer] ble:characteristicValueChanged: {
  deviceId: '10b41dcd238d',
  serviceUuid: '4fafc201-1fb5-459e-8fcc-c5c9c331914d',
  characteristicUuid: 'beb5483e-36e1-4688-b7f5-ea07361b26c2',
  value: '7b 22 74 79 70 65 22 3a 22 6f 74 61 22 2c 22 73 74 61 74 75 73 22 3a 22 70 72 6f 67 72 65 73 73 22 2c 22 72 65 63 65 69 76 65 64 22 3a 35 31 39 31 32 30 2c 22 74 6f 74 61 6c 22 3a 35 37 30 34 38 30 2c 22 70 65 72 63 65 6e 74 22 3a 39 30 7d'
}
Notification received: 7b 22 74 79 70 65 22 3a 22 6f 74 61 22 2c 22 73 74 61 74 75 73 22 3a 22 70 72 6f 67 72 65 73 73 22 2c 22 72 65 63 65 69 76 65 64 22 3a 35 31 39 34 38 30 2c 22 74 6f 74 61 6c 22 3a 35 37 30 34 38 30 2c 22 70 65 72 63 65 6e 74 22 3a 39 31 7d
[Main -> Renderer] ble:characteristicValueChanged: {
  deviceId: '10b41dcd238d',
  serviceUuid: '4fafc201-1fb5-459e-8fcc-c5c9c331914d',
  characteristicUuid: 'beb5483e-36e1-4688-b7f5-ea07361b26c2',
  value: '7b 22 74 79 70 65 22 3a 22 6f 74 61 22 2c 22 73 74 61 74 75 73 22 3a 22 70 72 6f 67 72 65 73 73 22 2c 22 72 65 63 65 69 76 65 64 22 3a 35 31 39 34 38 30 2c 22 74 6f 74 61 6c 22 3a 35 37 30 34 38 30 2c 22 70 65 72 63 65 6e 74 22 3a 39 31 7d'
}
Notification received: 7b 22 74 79 70 65 22 3a 22 6f 74 61 22 2c 22 73 74 61 74 75 73 22 3a 22 70 72 6f 67 72 65 73 73 22 2c 22 72 65 63 65 69 76 65 64 22 3a 35 31 39 38 34 30 2c 22 74 6f 74 61 6c 22 3a 35 37 30 34 38 30 2c 22 70 65 72 63 65 6e 74 22 3a 39 31 7d
[Main -> Renderer] ble:characteristicValueChanged: {
  deviceId: '10b41dcd238d',
  serviceUuid: '4fafc201-1fb5-459e-8fcc-c5c9c331914d',
  characteristicUuid: 'beb5483e-36e1-4688-b7f5-ea07361b26c2',
  value: '7b 22 74 79 70 65 22 3a 22 6f 74 61 22 2c 22 73 74 61 74 75 73 22 3a 22 70 72 6f 67 72 65 73 73 22 2c 22 72 65 63 65 69 76 65 64 22 3a 35 31 39 38 34 30 2c 22 74 6f 74 61 6c 22 3a 35 37 30 34 38 30 2c 22 70 65 72 63 65 6e 74 22 3a 39 31 7d'
}
Notification received: 7b 22 74 79 70 65 22 3a 22 6f 74 61 22 2c 22 73 74 61 74 75 73 22 3a 22 70 72 6f 67 72 65 73 73 22 2c 22 72 65 63 65 69 76 65 64 22 3a 35 32 30 32 30 30 2c 22 74 6f 74 61 6c 22 3a 35 37 30 34 38 30 2c 22 70 65 72 63 65 6e 74 22 3a 39 31 7d
[Main -> Renderer] ble:characteristicValueChanged: {
  deviceId: '10b41dcd238d',
  serviceUuid: '4fafc201-1fb5-459e-8fcc-c5c9c331914d',
  characteristicUuid: 'beb5483e-36e1-4688-b7f5-ea07361b26c2',
  value: '7b 22 74 79 70 65 22 3a 22 6f 74 61 22 2c 22 73 74 61 74 75 73 22 3a 22 70 72 6f 67 72 65 73 73 22 2c 22 72 65 63 65 69 76 65 64 22 3a 35 32 30 32 30 30 2c 22 74 6f 74 61 6c 22 3a 35 37 30 34 38 30 2c 22 70 65 72 63 65 6e 74 22 3a 39 31 7d'
}
Notification received: 7b 22 74 79 70 65 22 3a 22 6f 74 61 22 2c 22 73 74 61 74 75 73 22 3a 22 70 72 6f 67 72 65 73 73 22 2c 22 72 65 63 65 69 76 65 64 22 3a 35 32 30 37 34 30 2c 22 74 6f 74 61 6c 22 3a 35 37 30 34 38 30 2c 22 70 65 72 63 65 6e 74 22 3a 39 31 7d
[Main -> Renderer] ble:characteristicValueChanged: {
  deviceId: '10b41dcd238d',
  serviceUuid: '4fafc201-1fb5-459e-8fcc-c5c9c331914d',
  characteristicUuid: 'beb5483e-36e1-4688-b7f5-ea07361b26c2',
  value: '7b 22 74 79 70 65 22 3a 22 6f 74 61 22 2c 22 73 74 61 74 75 73 22 3a 22 70 72 6f 67 72 65 73 73 22 2c 22 72 65 63 65 69 76 65 64 22 3a 35 32 30 37 34 30 2c 22 74 6f 74 61 6c 22 3a 35 37 30 34 38 30 2c 22 70 65 72 63 65 6e 74 22 3a 39 31 7d'
}
Notification received: 7b 22 74 79 70 65 22 3a 22 6f 74 61 22 2c 22 73 74 61 74 75 73 22 3a 22 70 72 6f 67 72 65 73 73 22 2c 22 72 65 63 65 69 76 65 64 22 3a 35 32 31 31 30 30 2c 22 74 6f 74 61 6c 22 3a 35 37 30 34 38 30 2c 22 70 65 72 63 65 6e 74 22 3a 39 31 7d
[Main -> Renderer] ble:characteristicValueChanged: {
  deviceId: '10b41dcd238d',
  serviceUuid: '4fafc201-1fb5-459e-8fcc-c5c9c331914d',
  characteristicUuid: 'beb5483e-36e1-4688-b7f5-ea07361b26c2',
  value: '7b 22 74 79 70 65 22 3a 22 6f 74 61 22 2c 22 73 74 61 74 75 73 22 3a 22 70 72 6f 67 72 65 73 73 22 2c 22 72 65 63 65 69 76 65 64 22 3a 35 32 31 31 30 30 2c 22 74 6f 74 61 6c 22 3a 35 37 30 34 38 30 2c 22 70 65 72 63 65 6e 74 22 3a 39 31 7d'
}
Notification received: 7b 22 74 79 70 65 22 3a 22 6f 74 61 22 2c 22 73 74 61 74 75 73 22 3a 22 70 72 6f 67 72 65 73 73 22 2c 22 72 65 63 65 69 76 65 64 22 3a 35 32 31 34 36 30 2c 22 74 6f 74 61 6c 22 3a 35 37 30 34 38 30 2c 22 70 65 72 63 65 6e 74 22 3a 39 31 7d
[Main -> Renderer] ble:characteristicValueChanged: {
  deviceId: '10b41dcd238d',
  serviceUuid: '4fafc201-1fb5-459e-8fcc-c5c9c331914d',
  characteristicUuid: 'beb5483e-36e1-4688-b7f5-ea07361b26c2',
  value: '7b 22 74 79 70 65 22 3a 22 6f 74 61 22 2c 22 73 74 61 74 75 73 22 3a 22 70 72 6f 67 72 65 73 73 22 2c 22 72 65 63 65 69 76 65 64 22 3a 35 32 31 34 36 30 2c 22 74 6f 74 61 6c 22 3a 35 37 30 34 38 30 2c 22 70 65 72 63 65 6e 74 22 3a 39 31 7d'
}
Notification received: 7b 22 74 79 70 65 22 3a 22 6f 74 61 22 2c 22 73 74 61 74 75 73 22 3a 22 70 72 6f 67 72 65 73 73 22 2c 22 72 65 63 65 69 76 65 64 22 3a 35 32 31 38 32 30 2c 22 74 6f 74 61 6c 22 3a 35 37 30 34 38 30 2c 22 70 65 72 63 65 6e 74 22 3a 39 31 7d
[Main -> Renderer] ble:characteristicValueChanged: {
  deviceId: '10b41dcd238d',
  serviceUuid: '4fafc201-1fb5-459e-8fcc-c5c9c331914d',
  characteristicUuid: 'beb5483e-36e1-4688-b7f5-ea07361b26c2',
  value: '7b 22 74 79 70 65 22 3a 22 6f 74 61 22 2c 22 73 74 61 74 75 73 22 3a 22 70 72 6f 67 72 65 73 73 22 2c 22 72 65 63 65 69 76 65 64 22 3a 35 32 31 38 32 30 2c 22 74 6f 74 61 6c 22 3a 35 37 30 34 38 30 2c 22 70 65 72 63 65 6e 74 22 3a 39 31 7d'
}
Notification received: 7b 22 74 79 70 65 22 3a 22 6f 74 61 22 2c 22 73 74 61 74 75 73 22 3a 22 70 72 6f 67 72 65 73 73 22 2c 22 72 65 63 65 69 76 65 64 22 3a 35 32 32 31 38 30 2c 22 74 6f 74 61 6c 22 3a 35 37 30 34 38 30 2c 22 70 65 72 63 65 6e 74 22 3a 39 31 7d
[Main -> Renderer] ble:characteristicValueChanged: {
  deviceId: '10b41dcd238d',
  serviceUuid: '4fafc201-1fb5-459e-8fcc-c5c9c331914d',
  characteristicUuid: 'beb5483e-36e1-4688-b7f5-ea07361b26c2',
  value: '7b 22 74 79 70 65 22 3a 22 6f 74 61 22 2c 22 73 74 61 74 75 73 22 3a 22 70 72 6f 67 72 65 73 73 22 2c 22 72 65 63 65 69 76 65 64 22 3a 35 32 32 31 38 30 2c 22 74 6f 74 61 6c 22 3a 35 37 30 34 38 30 2c 22 70 65 72 63 65 6e 74 22 3a 39 31 7d'
}
Notification received: 7b 22 74 79 70 65 22 3a 22 6f 74 61 22 2c 22 73 74 61 74 75 73 22 3a 22 70 72 6f 67 72 65 73 73 22 2c 22 72 65 63 65 69 76 65 64 22 3a 35 32 32 35 34 30 2c 22 74 6f 74 61 6c 22 3a 35 37 30 34 38 30 2c 22 70 65 72 63 65 6e 74 22 3a 39 31 7d
[Main -> Renderer] ble:characteristicValueChanged: {
  deviceId: '10b41dcd238d',
  serviceUuid: '4fafc201-1fb5-459e-8fcc-c5c9c331914d',
  characteristicUuid: 'beb5483e-36e1-4688-b7f5-ea07361b26c2',
  value: '7b 22 74 79 70 65 22 3a 22 6f 74 61 22 2c 22 73 74 61 74 75 73 22 3a 22 70 72 6f 67 72 65 73 73 22 2c 22 72 65 63 65 69 76 65 64 22 3a 35 32 32 35 34 30 2c 22 74 6f 74 61 6c 22 3a 35 37 30 34 38 30 2c 22 70 65 72 63 65 6e 74 22 3a 39 31 7d'
}
Notification received: 7b 22 74 79 70 65 22 3a 22 6f 74 61 22 2c 22 73 74 61 74 75 73 22 3a 22 70 72 6f 67 72 65 73 73 22 2c 22 72 65 63 65 69 76 65 64 22 3a 35 32 32 39 30 30 2c 22 74 6f 74 61 6c 22 3a 35 37 30 34 38 30 2c 22 70 65 72 63 65 6e 74 22 3a 39 31 7d
[Main -> Renderer] ble:characteristicValueChanged: {
  deviceId: '10b41dcd238d',
  serviceUuid: '4fafc201-1fb5-459e-8fcc-c5c9c331914d',
  characteristicUuid: 'beb5483e-36e1-4688-b7f5-ea07361b26c2',
  value: '7b 22 74 79 70 65 22 3a 22 6f 74 61 22 2c 22 73 74 61 74 75 73 22 3a 22 70 72 6f 67 72 65 73 73 22 2c 22 72 65 63 65 69 76 65 64 22 3a 35 32 32 39 30 30 2c 22 74 6f 74 61 6c 22 3a 35 37 30 34 38 30 2c 22 70 65 72 63 65 6e 74 22 3a 39 31 7d'
}
Notification received: 7b 22 74 79 70 65 22 3a 22 6f 74 61 22 2c 22 73 74 61 74 75 73 22 3a 22 70 72 6f 67 72 65 73 73 22 2c 22 72 65 63 65 69 76 65 64 22 3a 35 32 33 32 36 30 2c 22 74 6f 74 61 6c 22 3a 35 37 30 34 38 30 2c 22 70 65 72 63 65 6e 74 22 3a 39 31 7d
[Main -> Renderer] ble:characteristicValueChanged: {
  deviceId: '10b41dcd238d',
  serviceUuid: '4fafc201-1fb5-459e-8fcc-c5c9c331914d',
  characteristicUuid: 'beb5483e-36e1-4688-b7f5-ea07361b26c2',
  value: '7b 22 74 79 70 65 22 3a 22 6f 74 61 22 2c 22 73 74 61 74 75 73 22 3a 22 70 72 6f 67 72 65 73 73 22 2c 22 72 65 63 65 69 76 65 64 22 3a 35 32 33 32 36 30 2c 22 74 6f 74 61 6c 22 3a 35 37 30 34 38 30 2c 22 70 65 72 63 65 6e 74 22 3a 39 31 7d'
}
Notification received: 7b 22 74 79 70 65 22 3a 22 6f 74 61 22 2c 22 73 74 61 74 75 73 22 3a 22 70 72 6f 67 72 65 73 73 22 2c 22 72 65 63 65 69 76 65 64 22 3a 35 32 33 38 30 30 2c 22 74 6f 74 61 6c 22 3a 35 37 30 34 38 30 2c 22 70 65 72 63 65 6e 74 22 3a 39 31 7d
[Main -> Renderer] ble:characteristicValueChanged: {
  deviceId: '10b41dcd238d',
  serviceUuid: '4fafc201-1fb5-459e-8fcc-c5c9c331914d',
  characteristicUuid: 'beb5483e-36e1-4688-b7f5-ea07361b26c2',
  value: '7b 22 74 79 70 65 22 3a 22 6f 74 61 22 2c 22 73 74 61 74 75 73 22 3a 22 70 72 6f 67 72 65 73 73 22 2c 22 72 65 63 65 69 76 65 64 22 3a 35 32 33 38 30 30 2c 22 74 6f 74 61 6c 22 3a 35 37 30 34 38 30 2c 22 70 65 72 63 65 6e 74 22 3a 39 31 7d'
}
Notification received: 7b 22 74 79 70 65 22 3a 22 6f 74 61 22 2c 22 73 74 61 74 75 73 22 3a 22 70 72 6f 67 72 65 73 73 22 2c 22 72 65 63 65 69 76 65 64 22 3a 35 32 34 31 36 30 2c 22 74 6f 74 61 6c 22 3a 35 37 30 34 38 30 2c 22 70 65 72 63 65 6e 74 22 3a 39 31 7d
[Main -> Renderer] ble:characteristicValueChanged: {
  deviceId: '10b41dcd238d',
  serviceUuid: '4fafc201-1fb5-459e-8fcc-c5c9c331914d',
  characteristicUuid: 'beb5483e-36e1-4688-b7f5-ea07361b26c2',
  value: '7b 22 74 79 70 65 22 3a 22 6f 74 61 22 2c 22 73 74 61 74 75 73 22 3a 22 70 72 6f 67 72 65 73 73 22 2c 22 72 65 63 65 69 76 65 64 22 3a 35 32 34 31 36 30 2c 22 74 6f 74 61 6c 22 3a 35 37 30 34 38 30 2c 22 70 65 72 63 65 6e 74 22 3a 39 31 7d'
}
Notification received: 7b 22 74 79 70 65 22 3a 22 6f 74 61 22 2c 22 73 74 61 74 75 73 22 3a 22 70 72 6f 67 72 65 73 73 22 2c 22 72 65 63 65 69 76 65 64 22 3a 35 32 34 35 32 30 2c 22 74 6f 74 61 6c 22 3a 35 37 30 34 38 30 2c 22 70 65 72 63 65 6e 74 22 3a 39 31 7d
[Main -> Renderer] ble:characteristicValueChanged: {
  deviceId: '10b41dcd238d',
  serviceUuid: '4fafc201-1fb5-459e-8fcc-c5c9c331914d',
  characteristicUuid: 'beb5483e-36e1-4688-b7f5-ea07361b26c2',
  value: '7b 22 74 79 70 65 22 3a 22 6f 74 61 22 2c 22 73 74 61 74 75 73 22 3a 22 70 72 6f 67 72 65 73 73 22 2c 22 72 65 63 65 69 76 65 64 22 3a 35 32 34 35 32 30 2c 22 74 6f 74 61 6c 22 3a 35 37 30 34 38 30 2c 22 70 65 72 63 65 6e 74 22 3a 39 31 7d'
}
Notification received: 7b 22 74 79 70 65 22 3a 22 6f 74 61 22 2c 22 73 74 61 74 75 73 22 3a 22 70 72 6f 67 72 65 73 73 22 2c 22 72 65 63 65 69 76 65 64 22 3a 35 32 34 38 38 30 2c 22 74 6f 74 61 6c 22 3a 35 37 30 34 38 30 2c 22 70 65 72 63 65 6e 74 22 3a 39 32 7d
[Main -> Renderer] ble:characteristicValueChanged: {
  deviceId: '10b41dcd238d',
  serviceUuid: '4fafc201-1fb5-459e-8fcc-c5c9c331914d',
  characteristicUuid: 'beb5483e-36e1-4688-b7f5-ea07361b26c2',
  value: '7b 22 74 79 70 65 22 3a 22 6f 74 61 22 2c 22 73 74 61 74 75 73 22 3a 22 70 72 6f 67 72 65 73 73 22 2c 22 72 65 63 65 69 76 65 64 22 3a 35 32 34 38 38 30 2c 22 74 6f 74 61 6c 22 3a 35 37 30 34 38 30 2c 22 70 65 72 63 65 6e 74 22 3a 39 32 7d'
}
Notification received: 7b 22 74 79 70 65 22 3a 22 6f 74 61 22 2c 22 73 74 61 74 75 73 22 3a 22 70 72 6f 67 72 65 73 73 22 2c 22 72 65 63 65 69 76 65 64 22 3a 35 32 35 32 34 30 2c 22 74 6f 74 61 6c 22 3a 35 37 30 34 38 30 2c 22 70 65 72 63 65 6e 74 22 3a 39 32 7d
[Main -> Renderer] ble:characteristicValueChanged: {
  deviceId: '10b41dcd238d',
  serviceUuid: '4fafc201-1fb5-459e-8fcc-c5c9c331914d',
  characteristicUuid: 'beb5483e-36e1-4688-b7f5-ea07361b26c2',
  value: '7b 22 74 79 70 65 22 3a 22 6f 74 61 22 2c 22 73 74 61 74 75 73 22 3a 22 70 72 6f 67 72 65 73 73 22 2c 22 72 65 63 65 69 76 65 64 22 3a 35 32 35 32 34 30 2c 22 74 6f 74 61 6c 22 3a 35 37 30 34 38 30 2c 22 70 65 72 63 65 6e 74 22 3a 39 32 7d'
}
Notification received: 7b 22 74 79 70 65 22 3a 22 6f 74 61 22 2c 22 73 74 61 74 75 73 22 3a 22 70 72 6f 67 72 65 73 73 22 2c 22 72 65 63 65 69 76 65 64 22 3a 35 32 35 36 30 30 2c 22 74 6f 74 61 6c 22 3a 35 37 30 34 38 30 2c 22 70 65 72 63 65 6e 74 22 3a 39 32 7d
[Main -> Renderer] ble:characteristicValueChanged: {
  deviceId: '10b41dcd238d',
  serviceUuid: '4fafc201-1fb5-459e-8fcc-c5c9c331914d',
  characteristicUuid: 'beb5483e-36e1-4688-b7f5-ea07361b26c2',
  value: '7b 22 74 79 70 65 22 3a 22 6f 74 61 22 2c 22 73 74 61 74 75 73 22 3a 22 70 72 6f 67 72 65 73 73 22 2c 22 72 65 63 65 69 76 65 64 22 3a 35 32 35 36 30 30 2c 22 74 6f 74 61 6c 22 3a 35 37 30 34 38 30 2c 22 70 65 72 63 65 6e 74 22 3a 39 32 7d'
}
Notification received: 7b 22 74 79 70 65 22 3a 22 6f 74 61 22 2c 22 73 74 61 74 75 73 22 3a 22 70 72 6f 67 72 65 73 73 22 2c 22 72 65 63 65 69 76 65 64 22 3a 35 32 35 39 36 30 2c 22 74 6f 74 61 6c 22 3a 35 37 30 34 38 30 2c 22 70 65 72 63 65 6e 74 22 3a 39 32 7d
[Main -> Renderer] ble:characteristicValueChanged: {
  deviceId: '10b41dcd238d',
  serviceUuid: '4fafc201-1fb5-459e-8fcc-c5c9c331914d',
  characteristicUuid: 'beb5483e-36e1-4688-b7f5-ea07361b26c2',
  value: '7b 22 74 79 70 65 22 3a 22 6f 74 61 22 2c 22 73 74 61 74 75 73 22 3a 22 70 72 6f 67 72 65 73 73 22 2c 22 72 65 63 65 69 76 65 64 22 3a 35 32 35 39 36 30 2c 22 74 6f 74 61 6c 22 3a 35 37 30 34 38 30 2c 22 70 65 72 63 65 6e 74 22 3a 39 32 7d'
}
Notification received: 7b 22 74 79 70 65 22 3a 22 6f 74 61 22 2c 22 73 74 61 74 75 73 22 3a 22 70 72 6f 67 72 65 73 73 22 2c 22 72 65 63 65 69 76 65 64 22 3a 35 32 36 35 30 30 2c 22 74 6f 74 61 6c 22 3a 35 37 30 34 38 30 2c 22 70 65 72 63 65 6e 74 22 3a 39 32 7d
[Main -> Renderer] ble:characteristicValueChanged: {
  deviceId: '10b41dcd238d',
  serviceUuid: '4fafc201-1fb5-459e-8fcc-c5c9c331914d',
  characteristicUuid: 'beb5483e-36e1-4688-b7f5-ea07361b26c2',
  value: '7b 22 74 79 70 65 22 3a 22 6f 74 61 22 2c 22 73 74 61 74 75 73 22 3a 22 70 72 6f 67 72 65 73 73 22 2c 22 72 65 63 65 69 76 65 64 22 3a 35 32 36 35 30 30 2c 22 74 6f 74 61 6c 22 3a 35 37 30 34 38 30 2c 22 70 65 72 63 65 6e 74 22 3a 39 32 7d'
}
Notification received: 7b 22 74 79 70 65 22 3a 22 6f 74 61 22 2c 22 73 74 61 74 75 73 22 3a 22 70 72 6f 67 72 65 73 73 22 2c 22 72 65 63 65 69 76 65 64 22 3a 35 32 37 30 34 30 2c 22 74 6f 74 61 6c 22 3a 35 37 30 34 38 30 2c 22 70 65 72 63 65 6e 74 22 3a 39 32 7d
[Main -> Renderer] ble:characteristicValueChanged: {
  deviceId: '10b41dcd238d',
  serviceUuid: '4fafc201-1fb5-459e-8fcc-c5c9c331914d',
  characteristicUuid: 'beb5483e-36e1-4688-b7f5-ea07361b26c2',
  value: '7b 22 74 79 70 65 22 3a 22 6f 74 61 22 2c 22 73 74 61 74 75 73 22 3a 22 70 72 6f 67 72 65 73 73 22 2c 22 72 65 63 65 69 76 65 64 22 3a 35 32 37 30 34 30 2c 22 74 6f 74 61 6c 22 3a 35 37 30 34 38 30 2c 22 70 65 72 63 65 6e 74 22 3a 39 32 7d'
}
Notification received: 7b 22 74 79 70 65 22 3a 22 6f 74 61 22 2c 22 73 74 61 74 75 73 22 3a 22 70 72 6f 67 72 65 73 73 22 2c 22 72 65 63 65 69 76 65 64 22 3a 35 32 37 35 38 30 2c 22 74 6f 74 61 6c 22 3a 35 37 30 34 38 30 2c 22 70 65 72 63 65 6e 74 22 3a 39 32 7d
[Main -> Renderer] ble:characteristicValueChanged: {
  deviceId: '10b41dcd238d',
  serviceUuid: '4fafc201-1fb5-459e-8fcc-c5c9c331914d',
  characteristicUuid: 'beb5483e-36e1-4688-b7f5-ea07361b26c2',
  value: '7b 22 74 79 70 65 22 3a 22 6f 74 61 22 2c 22 73 74 61 74 75 73 22 3a 22 70 72 6f 67 72 65 73 73 22 2c 22 72 65 63 65 69 76 65 64 22 3a 35 32 37 35 38 30 2c 22 74 6f 74 61 6c 22 3a 35 37 30 34 38 30 2c 22 70 65 72 63 65 6e 74 22 3a 39 32 7d'
}
Notification received: 7b 22 74 79 70 65 22 3a 22 6f 74 61 22 2c 22 73 74 61 74 75 73 22 3a 22 70 72 6f 67 72 65 73 73 22 2c 22 72 65 63 65 69 76 65 64 22 3a 35 32 38 31 32 30 2c 22 74 6f 74 61 6c 22 3a 35 37 30 34 38 30 2c 22 70 65 72 63 65 6e 74 22 3a 39 32 7d
[Main -> Renderer] ble:characteristicValueChanged: {
  deviceId: '10b41dcd238d',
  serviceUuid: '4fafc201-1fb5-459e-8fcc-c5c9c331914d',
  characteristicUuid: 'beb5483e-36e1-4688-b7f5-ea07361b26c2',
  value: '7b 22 74 79 70 65 22 3a 22 6f 74 61 22 2c 22 73 74 61 74 75 73 22 3a 22 70 72 6f 67 72 65 73 73 22 2c 22 72 65 63 65 69 76 65 64 22 3a 35 32 38 31 32 30 2c 22 74 6f 74 61 6c 22 3a 35 37 30 34 38 30 2c 22 70 65 72 63 65 6e 74 22 3a 39 32 7d'
}
Notification received: 7b 22 74 79 70 65 22 3a 22 6f 74 61 22 2c 22 73 74 61 74 75 73 22 3a 22 70 72 6f 67 72 65 73 73 22 2c 22 72 65 63 65 69 76 65 64 22 3a 35 32 38 34 38 30 2c 22 74 6f 74 61 6c 22 3a 35 37 30 34 38 30 2c 22 70 65 72 63 65 6e 74 22 3a 39 32 7d
[Main -> Renderer] ble:characteristicValueChanged: {
  deviceId: '10b41dcd238d',
  serviceUuid: '4fafc201-1fb5-459e-8fcc-c5c9c331914d',
  characteristicUuid: 'beb5483e-36e1-4688-b7f5-ea07361b26c2',
  value: '7b 22 74 79 70 65 22 3a 22 6f 74 61 22 2c 22 73 74 61 74 75 73 22 3a 22 70 72 6f 67 72 65 73 73 22 2c 22 72 65 63 65 69 76 65 64 22 3a 35 32 38 34 38 30 2c 22 74 6f 74 61 6c 22 3a 35 37 30 34 38 30 2c 22 70 65 72 63 65 6e 74 22 3a 39 32 7d'
}
Notification received: 7b 22 74 79 70 65 22 3a 22 6f 74 61 22 2c 22 73 74 61 74 75 73 22 3a 22 70 72 6f 67 72 65 73 73 22 2c 22 72 65 63 65 69 76 65 64 22 3a 35 32 38 38 34 30 2c 22 74 6f 74 61 6c 22 3a 35 37 30 34 38 30 2c 22 70 65 72 63 65 6e 74 22 3a 39 32 7d
[Main -> Renderer] ble:characteristicValueChanged: {
  deviceId: '10b41dcd238d',
  serviceUuid: '4fafc201-1fb5-459e-8fcc-c5c9c331914d',
  characteristicUuid: 'beb5483e-36e1-4688-b7f5-ea07361b26c2',
  value: '7b 22 74 79 70 65 22 3a 22 6f 74 61 22 2c 22 73 74 61 74 75 73 22 3a 22 70 72 6f 67 72 65 73 73 22 2c 22 72 65 63 65 69 76 65 64 22 3a 35 32 38 38 34 30 2c 22 74 6f 74 61 6c 22 3a 35 37 30 34 38 30 2c 22 70 65 72 63 65 6e 74 22 3a 39 32 7d'
}
Notification received: 7b 22 74 79 70 65 22 3a 22 6f 74 61 22 2c 22 73 74 61 74 75 73 22 3a 22 70 72 6f 67 72 65 73 73 22 2c 22 72 65 63 65 69 76 65 64 22 3a 35 32 39 32 30 30 2c 22 74 6f 74 61 6c 22 3a 35 37 30 34 38 30 2c 22 70 65 72 63 65 6e 74 22 3a 39 32 7d
[Main -> Renderer] ble:characteristicValueChanged: {
  deviceId: '10b41dcd238d',
  serviceUuid: '4fafc201-1fb5-459e-8fcc-c5c9c331914d',
  characteristicUuid: 'beb5483e-36e1-4688-b7f5-ea07361b26c2',
  value: '7b 22 74 79 70 65 22 3a 22 6f 74 61 22 2c 22 73 74 61 74 75 73 22 3a 22 70 72 6f 67 72 65 73 73 22 2c 22 72 65 63 65 69 76 65 64 22 3a 35 32 39 32 30 30 2c 22 74 6f 74 61 6c 22 3a 35 37 30 34 38 30 2c 22 70 65 72 63 65 6e 74 22 3a 39 32 7d'
}
Notification received: 7b 22 74 79 70 65 22 3a 22 6f 74 61 22 2c 22 73 74 61 74 75 73 22 3a 22 70 72 6f 67 72 65 73 73 22 2c 22 72 65 63 65 69 76 65 64 22 3a 35 32 39 37 34 30 2c 22 74 6f 74 61 6c 22 3a 35 37 30 34 38 30 2c 22 70 65 72 63 65 6e 74 22 3a 39 32 7d
[Main -> Renderer] ble:characteristicValueChanged: {
  deviceId: '10b41dcd238d',
  serviceUuid: '4fafc201-1fb5-459e-8fcc-c5c9c331914d',
  characteristicUuid: 'beb5483e-36e1-4688-b7f5-ea07361b26c2',
  value: '7b 22 74 79 70 65 22 3a 22 6f 74 61 22 2c 22 73 74 61 74 75 73 22 3a 22 70 72 6f 67 72 65 73 73 22 2c 22 72 65 63 65 69 76 65 64 22 3a 35 32 39 37 34 30 2c 22 74 6f 74 61 6c 22 3a 35 37 30 34 38 30 2c 22 70 65 72 63 65 6e 74 22 3a 39 32 7d'
}
Notification received: 7b 22 74 79 70 65 22 3a 22 6f 74 61 22 2c 22 73 74 61 74 75 73 22 3a 22 70 72 6f 67 72 65 73 73 22 2c 22 72 65 63 65 69 76 65 64 22 3a 35 33 30 31 30 30 2c 22 74 6f 74 61 6c 22 3a 35 37 30 34 38 30 2c 22 70 65 72 63 65 6e 74 22 3a 39 32 7d
[Main -> Renderer] ble:characteristicValueChanged: {
  deviceId: '10b41dcd238d',
  serviceUuid: '4fafc201-1fb5-459e-8fcc-c5c9c331914d',
  characteristicUuid: 'beb5483e-36e1-4688-b7f5-ea07361b26c2',
  value: '7b 22 74 79 70 65 22 3a 22 6f 74 61 22 2c 22 73 74 61 74 75 73 22 3a 22 70 72 6f 67 72 65 73 73 22 2c 22 72 65 63 65 69 76 65 64 22 3a 35 33 30 31 30 30 2c 22 74 6f 74 61 6c 22 3a 35 37 30 34 38 30 2c 22 70 65 72 63 65 6e 74 22 3a 39 32 7d'
}
Notification received: 7b 22 74 79 70 65 22 3a 22 6f 74 61 22 2c 22 73 74 61 74 75 73 22 3a 22 70 72 6f 67 72 65 73 73 22 2c 22 72 65 63 65 69 76 65 64 22 3a 35 33 30 34 36 30 2c 22 74 6f 74 61 6c 22 3a 35 37 30 34 38 30 2c 22 70 65 72 63 65 6e 74 22 3a 39 32 7d
[Main -> Renderer] ble:characteristicValueChanged: {
  deviceId: '10b41dcd238d',
  serviceUuid: '4fafc201-1fb5-459e-8fcc-c5c9c331914d',
  characteristicUuid: 'beb5483e-36e1-4688-b7f5-ea07361b26c2',
  value: '7b 22 74 79 70 65 22 3a 22 6f 74 61 22 2c 22 73 74 61 74 75 73 22 3a 22 70 72 6f 67 72 65 73 73 22 2c 22 72 65 63 65 69 76 65 64 22 3a 35 33 30 34 36 30 2c 22 74 6f 74 61 6c 22 3a 35 37 30 34 38 30 2c 22 70 65 72 63 65 6e 74 22 3a 39 32 7d'
}
Notification received: 7b 22 74 79 70 65 22 3a 22 6f 74 61 22 2c 22 73 74 61 74 75 73 22 3a 22 70 72 6f 67 72 65 73 73 22 2c 22 72 65 63 65 69 76 65 64 22 3a 35 33 31 30 30 30 2c 22 74 6f 74 61 6c 22 3a 35 37 30 34 38 30 2c 22 70 65 72 63 65 6e 74 22 3a 39 33 7d
[Main -> Renderer] ble:characteristicValueChanged: {
  deviceId: '10b41dcd238d',
  serviceUuid: '4fafc201-1fb5-459e-8fcc-c5c9c331914d',
  characteristicUuid: 'beb5483e-36e1-4688-b7f5-ea07361b26c2',
  value: '7b 22 74 79 70 65 22 3a 22 6f 74 61 22 2c 22 73 74 61 74 75 73 22 3a 22 70 72 6f 67 72 65 73 73 22 2c 22 72 65 63 65 69 76 65 64 22 3a 35 33 31 30 30 30 2c 22 74 6f 74 61 6c 22 3a 35 37 30 34 38 30 2c 22 70 65 72 63 65 6e 74 22 3a 39 33 7d'
}
Notification received: 7b 22 74 79 70 65 22 3a 22 6f 74 61 22 2c 22 73 74 61 74 75 73 22 3a 22 70 72 6f 67 72 65 73 73 22 2c 22 72 65 63 65 69 76 65 64 22 3a 35 33 31 33 36 30 2c 22 74 6f 74 61 6c 22 3a 35 37 30 34 38 30 2c 22 70 65 72 63 65 6e 74 22 3a 39 33 7d
[Main -> Renderer] ble:characteristicValueChanged: {
  deviceId: '10b41dcd238d',
  serviceUuid: '4fafc201-1fb5-459e-8fcc-c5c9c331914d',
  characteristicUuid: 'beb5483e-36e1-4688-b7f5-ea07361b26c2',
  value: '7b 22 74 79 70 65 22 3a 22 6f 74 61 22 2c 22 73 74 61 74 75 73 22 3a 22 70 72 6f 67 72 65 73 73 22 2c 22 72 65 63 65 69 76 65 64 22 3a 35 33 31 33 36 30 2c 22 74 6f 74 61 6c 22 3a 35 37 30 34 38 30 2c 22 70 65 72 63 65 6e 74 22 3a 39 33 7d'
}
Notification received: 7b 22 74 79 70 65 22 3a 22 6f 74 61 22 2c 22 73 74 61 74 75 73 22 3a 22 70 72 6f 67 72 65 73 73 22 2c 22 72 65 63 65 69 76 65 64 22 3a 35 33 31 37 32 30 2c 22 74 6f 74 61 6c 22 3a 35 37 30 34 38 30 2c 22 70 65 72 63 65 6e 74 22 3a 39 33 7d
[Main -> Renderer] ble:characteristicValueChanged: {
  deviceId: '10b41dcd238d',
  serviceUuid: '4fafc201-1fb5-459e-8fcc-c5c9c331914d',
  characteristicUuid: 'beb5483e-36e1-4688-b7f5-ea07361b26c2',
  value: '7b 22 74 79 70 65 22 3a 22 6f 74 61 22 2c 22 73 74 61 74 75 73 22 3a 22 70 72 6f 67 72 65 73 73 22 2c 22 72 65 63 65 69 76 65 64 22 3a 35 33 31 37 32 30 2c 22 74 6f 74 61 6c 22 3a 35 37 30 34 38 30 2c 22 70 65 72 63 65 6e 74 22 3a 39 33 7d'
}
Notification received: 7b 22 74 79 70 65 22 3a 22 6f 74 61 22 2c 22 73 74 61 74 75 73 22 3a 22 70 72 6f 67 72 65 73 73 22 2c 22 72 65 63 65 69 76 65 64 22 3a 35 33 32 30 38 30 2c 22 74 6f 74 61 6c 22 3a 35 37 30 34 38 30 2c 22 70 65 72 63 65 6e 74 22 3a 39 33 7d
[Main -> Renderer] ble:characteristicValueChanged: {
  deviceId: '10b41dcd238d',
  serviceUuid: '4fafc201-1fb5-459e-8fcc-c5c9c331914d',
  characteristicUuid: 'beb5483e-36e1-4688-b7f5-ea07361b26c2',
  value: '7b 22 74 79 70 65 22 3a 22 6f 74 61 22 2c 22 73 74 61 74 75 73 22 3a 22 70 72 6f 67 72 65 73 73 22 2c 22 72 65 63 65 69 76 65 64 22 3a 35 33 32 30 38 30 2c 22 74 6f 74 61 6c 22 3a 35 37 30 34 38 30 2c 22 70 65 72 63 65 6e 74 22 3a 39 33 7d'
}
Notification received: 7b 22 74 79 70 65 22 3a 22 6f 74 61 22 2c 22 73 74 61 74 75 73 22 3a 22 70 72 6f 67 72 65 73 73 22 2c 22 72 65 63 65 69 76 65 64 22 3a 35 33 32 34 34 30 2c 22 74 6f 74 61 6c 22 3a 35 37 30 34 38 30 2c 22 70 65 72 63 65 6e 74 22 3a 39 33 7d
[Main -> Renderer] ble:characteristicValueChanged: {
  deviceId: '10b41dcd238d',
  serviceUuid: '4fafc201-1fb5-459e-8fcc-c5c9c331914d',
  characteristicUuid: 'beb5483e-36e1-4688-b7f5-ea07361b26c2',
  value: '7b 22 74 79 70 65 22 3a 22 6f 74 61 22 2c 22 73 74 61 74 75 73 22 3a 22 70 72 6f 67 72 65 73 73 22 2c 22 72 65 63 65 69 76 65 64 22 3a 35 33 32 34 34 30 2c 22 74 6f 74 61 6c 22 3a 35 37 30 34 38 30 2c 22 70 65 72 63 65 6e 74 22 3a 39 33 7d'
}
Notification received: 7b 22 74 79 70 65 22 3a 22 6f 74 61 22 2c 22 73 74 61 74 75 73 22 3a 22 70 72 6f 67 72 65 73 73 22 2c 22 72 65 63 65 69 76 65 64 22 3a 35 33 32 39 38 30 2c 22 74 6f 74 61 6c 22 3a 35 37 30 34 38 30 2c 22 70 65 72 63 65 6e 74 22 3a 39 33 7d
[Main -> Renderer] ble:characteristicValueChanged: {
  deviceId: '10b41dcd238d',
  serviceUuid: '4fafc201-1fb5-459e-8fcc-c5c9c331914d',
  characteristicUuid: 'beb5483e-36e1-4688-b7f5-ea07361b26c2',
  value: '7b 22 74 79 70 65 22 3a 22 6f 74 61 22 2c 22 73 74 61 74 75 73 22 3a 22 70 72 6f 67 72 65 73 73 22 2c 22 72 65 63 65 69 76 65 64 22 3a 35 33 32 39 38 30 2c 22 74 6f 74 61 6c 22 3a 35 37 30 34 38 30 2c 22 70 65 72 63 65 6e 74 22 3a 39 33 7d'
}
Notification received: 7b 22 74 79 70 65 22 3a 22 6f 74 61 22 2c 22 73 74 61 74 75 73 22 3a 22 70 72 6f 67 72 65 73 73 22 2c 22 72 65 63 65 69 76 65 64 22 3a 35 33 33 35 32 30 2c 22 74 6f 74 61 6c 22 3a 35 37 30 34 38 30 2c 22 70 65 72 63 65 6e 74 22 3a 39 33 7d
[Main -> Renderer] ble:characteristicValueChanged: {
  deviceId: '10b41dcd238d',
  serviceUuid: '4fafc201-1fb5-459e-8fcc-c5c9c331914d',
  characteristicUuid: 'beb5483e-36e1-4688-b7f5-ea07361b26c2',
  value: '7b 22 74 79 70 65 22 3a 22 6f 74 61 22 2c 22 73 74 61 74 75 73 22 3a 22 70 72 6f 67 72 65 73 73 22 2c 22 72 65 63 65 69 76 65 64 22 3a 35 33 33 35 32 30 2c 22 74 6f 74 61 6c 22 3a 35 37 30 34 38 30 2c 22 70 65 72 63 65 6e 74 22 3a 39 33 7d'
}
Notification received: 7b 22 74 79 70 65 22 3a 22 6f 74 61 22 2c 22 73 74 61 74 75 73 22 3a 22 70 72 6f 67 72 65 73 73 22 2c 22 72 65 63 65 69 76 65 64 22 3a 35 33 33 38 38 30 2c 22 74 6f 74 61 6c 22 3a 35 37 30 34 38 30 2c 22 70 65 72 63 65 6e 74 22 3a 39 33 7d
[Main -> Renderer] ble:characteristicValueChanged: {
  deviceId: '10b41dcd238d',
  serviceUuid: '4fafc201-1fb5-459e-8fcc-c5c9c331914d',
  characteristicUuid: 'beb5483e-36e1-4688-b7f5-ea07361b26c2',
  value: '7b 22 74 79 70 65 22 3a 22 6f 74 61 22 2c 22 73 74 61 74 75 73 22 3a 22 70 72 6f 67 72 65 73 73 22 2c 22 72 65 63 65 69 76 65 64 22 3a 35 33 33 38 38 30 2c 22 74 6f 74 61 6c 22 3a 35 37 30 34 38 30 2c 22 70 65 72 63 65 6e 74 22 3a 39 33 7d'
}
Notification received: 7b 22 74 79 70 65 22 3a 22 6f 74 61 22 2c 22 73 74 61 74 75 73 22 3a 22 70 72 6f 67 72 65 73 73 22 2c 22 72 65 63 65 69 76 65 64 22 3a 35 33 34 32 34 30 2c 22 74 6f 74 61 6c 22 3a 35 37 30 34 38 30 2c 22 70 65 72 63 65 6e 74 22 3a 39 33 7d
[Main -> Renderer] ble:characteristicValueChanged: {
  deviceId: '10b41dcd238d',
  serviceUuid: '4fafc201-1fb5-459e-8fcc-c5c9c331914d',
  characteristicUuid: 'beb5483e-36e1-4688-b7f5-ea07361b26c2',
  value: '7b 22 74 79 70 65 22 3a 22 6f 74 61 22 2c 22 73 74 61 74 75 73 22 3a 22 70 72 6f 67 72 65 73 73 22 2c 22 72 65 63 65 69 76 65 64 22 3a 35 33 34 32 34 30 2c 22 74 6f 74 61 6c 22 3a 35 37 30 34 38 30 2c 22 70 65 72 63 65 6e 74 22 3a 39 33 7d'
}
Notification received: 7b 22 74 79 70 65 22 3a 22 6f 74 61 22 2c 22 73 74 61 74 75 73 22 3a 22 70 72 6f 67 72 65 73 73 22 2c 22 72 65 63 65 69 76 65 64 22 3a 35 33 34 37 38 30 2c 22 74 6f 74 61 6c 22 3a 35 37 30 34 38 30 2c 22 70 65 72 63 65 6e 74 22 3a 39 33 7d
[Main -> Renderer] ble:characteristicValueChanged: {
  deviceId: '10b41dcd238d',
  serviceUuid: '4fafc201-1fb5-459e-8fcc-c5c9c331914d',
  characteristicUuid: 'beb5483e-36e1-4688-b7f5-ea07361b26c2',
  value: '7b 22 74 79 70 65 22 3a 22 6f 74 61 22 2c 22 73 74 61 74 75 73 22 3a 22 70 72 6f 67 72 65 73 73 22 2c 22 72 65 63 65 69 76 65 64 22 3a 35 33 34 37 38 30 2c 22 74 6f 74 61 6c 22 3a 35 37 30 34 38 30 2c 22 70 65 72 63 65 6e 74 22 3a 39 33 7d'
}
Notification received: 7b 22 74 79 70 65 22 3a 22 6f 74 61 22 2c 22 73 74 61 74 75 73 22 3a 22 70 72 6f 67 72 65 73 73 22 2c 22 72 65 63 65 69 76 65 64 22 3a 35 33 35 33 32 30 2c 22 74 6f 74 61 6c 22 3a 35 37 30 34 38 30 2c 22 70 65 72 63 65 6e 74 22 3a 39 33 7d
[Main -> Renderer] ble:characteristicValueChanged: {
  deviceId: '10b41dcd238d',
  serviceUuid: '4fafc201-1fb5-459e-8fcc-c5c9c331914d',
  characteristicUuid: 'beb5483e-36e1-4688-b7f5-ea07361b26c2',
  value: '7b 22 74 79 70 65 22 3a 22 6f 74 61 22 2c 22 73 74 61 74 75 73 22 3a 22 70 72 6f 67 72 65 73 73 22 2c 22 72 65 63 65 69 76 65 64 22 3a 35 33 35 33 32 30 2c 22 74 6f 74 61 6c 22 3a 35 37 30 34 38 30 2c 22 70 65 72 63 65 6e 74 22 3a 39 33 7d'
}
Notification received: 7b 22 74 79 70 65 22 3a 22 6f 74 61 22 2c 22 73 74 61 74 75 73 22 3a 22 70 72 6f 67 72 65 73 73 22 2c 22 72 65 63 65 69 76 65 64 22 3a 35 33 35 38 36 30 2c 22 74 6f 74 61 6c 22 3a 35 37 30 34 38 30 2c 22 70 65 72 63 65 6e 74 22 3a 39 33 7d
[Main -> Renderer] ble:characteristicValueChanged: {
  deviceId: '10b41dcd238d',
  serviceUuid: '4fafc201-1fb5-459e-8fcc-c5c9c331914d',
  characteristicUuid: 'beb5483e-36e1-4688-b7f5-ea07361b26c2',
  value: '7b 22 74 79 70 65 22 3a 22 6f 74 61 22 2c 22 73 74 61 74 75 73 22 3a 22 70 72 6f 67 72 65 73 73 22 2c 22 72 65 63 65 69 76 65 64 22 3a 35 33 35 38 36 30 2c 22 74 6f 74 61 6c 22 3a 35 37 30 34 38 30 2c 22 70 65 72 63 65 6e 74 22 3a 39 33 7d'
}
Notification received: 7b 22 74 79 70 65 22 3a 22 6f 74 61 22 2c 22 73 74 61 74 75 73 22 3a 22 70 72 6f 67 72 65 73 73 22 2c 22 72 65 63 65 69 76 65 64 22 3a 35 33 36 32 32 30 2c 22 74 6f 74 61 6c 22 3a 35 37 30 34 38 30 2c 22 70 65 72 63 65 6e 74 22 3a 39 33 7d
[Main -> Renderer] ble:characteristicValueChanged: {
  deviceId: '10b41dcd238d',
  serviceUuid: '4fafc201-1fb5-459e-8fcc-c5c9c331914d',
  characteristicUuid: 'beb5483e-36e1-4688-b7f5-ea07361b26c2',
  value: '7b 22 74 79 70 65 22 3a 22 6f 74 61 22 2c 22 73 74 61 74 75 73 22 3a 22 70 72 6f 67 72 65 73 73 22 2c 22 72 65 63 65 69 76 65 64 22 3a 35 33 36 32 32 30 2c 22 74 6f 74 61 6c 22 3a 35 37 30 34 38 30 2c 22 70 65 72 63 65 6e 74 22 3a 39 33 7d'
}
Notification received: 7b 22 74 79 70 65 22 3a 22 6f 74 61 22 2c 22 73 74 61 74 75 73 22 3a 22 70 72 6f 67 72 65 73 73 22 2c 22 72 65 63 65 69 76 65 64 22 3a 35 33 36 35 38 30 2c 22 74 6f 74 61 6c 22 3a 35 37 30 34 38 30 2c 22 70 65 72 63 65 6e 74 22 3a 39 34 7d
[Main -> Renderer] ble:characteristicValueChanged: {
  deviceId: '10b41dcd238d',
  serviceUuid: '4fafc201-1fb5-459e-8fcc-c5c9c331914d',
  characteristicUuid: 'beb5483e-36e1-4688-b7f5-ea07361b26c2',
  value: '7b 22 74 79 70 65 22 3a 22 6f 74 61 22 2c 22 73 74 61 74 75 73 22 3a 22 70 72 6f 67 72 65 73 73 22 2c 22 72 65 63 65 69 76 65 64 22 3a 35 33 36 35 38 30 2c 22 74 6f 74 61 6c 22 3a 35 37 30 34 38 30 2c 22 70 65 72 63 65 6e 74 22 3a 39 34 7d'
}
Notification received: 7b 22 74 79 70 65 22 3a 22 6f 74 61 22 2c 22 73 74 61 74 75 73 22 3a 22 70 72 6f 67 72 65 73 73 22 2c 22 72 65 63 65 69 76 65 64 22 3a 35 33 36 39 34 30 2c 22 74 6f 74 61 6c 22 3a 35 37 30 34 38 30 2c 22 70 65 72 63 65 6e 74 22 3a 39 34 7d
[Main -> Renderer] ble:characteristicValueChanged: {
  deviceId: '10b41dcd238d',
  serviceUuid: '4fafc201-1fb5-459e-8fcc-c5c9c331914d',
  characteristicUuid: 'beb5483e-36e1-4688-b7f5-ea07361b26c2',
  value: '7b 22 74 79 70 65 22 3a 22 6f 74 61 22 2c 22 73 74 61 74 75 73 22 3a 22 70 72 6f 67 72 65 73 73 22 2c 22 72 65 63 65 69 76 65 64 22 3a 35 33 36 39 34 30 2c 22 74 6f 74 61 6c 22 3a 35 37 30 34 38 30 2c 22 70 65 72 63 65 6e 74 22 3a 39 34 7d'
}
Notification received: 7b 22 74 79 70 65 22 3a 22 6f 74 61 22 2c 22 73 74 61 74 75 73 22 3a 22 70 72 6f 67 72 65 73 73 22 2c 22 72 65 63 65 69 76 65 64 22 3a 35 33 37 33 30 30 2c 22 74 6f 74 61 6c 22 3a 35 37 30 34 38 30 2c 22 70 65 72 63 65 6e 74 22 3a 39 34 7d
[Main -> Renderer] ble:characteristicValueChanged: {
  deviceId: '10b41dcd238d',
  serviceUuid: '4fafc201-1fb5-459e-8fcc-c5c9c331914d',
  characteristicUuid: 'beb5483e-36e1-4688-b7f5-ea07361b26c2',
  value: '7b 22 74 79 70 65 22 3a 22 6f 74 61 22 2c 22 73 74 61 74 75 73 22 3a 22 70 72 6f 67 72 65 73 73 22 2c 22 72 65 63 65 69 76 65 64 22 3a 35 33 37 33 30 30 2c 22 74 6f 74 61 6c 22 3a 35 37 30 34 38 30 2c 22 70 65 72 63 65 6e 74 22 3a 39 34 7d'
}
Notification received: 7b 22 74 79 70 65 22 3a 22 6f 74 61 22 2c 22 73 74 61 74 75 73 22 3a 22 70 72 6f 67 72 65 73 73 22 2c 22 72 65 63 65 69 76 65 64 22 3a 35 33 37 36 36 30 2c 22 74 6f 74 61 6c 22 3a 35 37 30 34 38 30 2c 22 70 65 72 63 65 6e 74 22 3a 39 34 7d
[Main -> Renderer] ble:characteristicValueChanged: {
  deviceId: '10b41dcd238d',
  serviceUuid: '4fafc201-1fb5-459e-8fcc-c5c9c331914d',
  characteristicUuid: 'beb5483e-36e1-4688-b7f5-ea07361b26c2',
  value: '7b 22 74 79 70 65 22 3a 22 6f 74 61 22 2c 22 73 74 61 74 75 73 22 3a 22 70 72 6f 67 72 65 73 73 22 2c 22 72 65 63 65 69 76 65 64 22 3a 35 33 37 36 36 30 2c 22 74 6f 74 61 6c 22 3a 35 37 30 34 38 30 2c 22 70 65 72 63 65 6e 74 22 3a 39 34 7d'
}
Notification received: 7b 22 74 79 70 65 22 3a 22 6f 74 61 22 2c 22 73 74 61 74 75 73 22 3a 22 70 72 6f 67 72 65 73 73 22 2c 22 72 65 63 65 69 76 65 64 22 3a 35 33 38 32 30 30 2c 22 74 6f 74 61 6c 22 3a 35 37 30 34 38 30 2c 22 70 65 72 63 65 6e 74 22 3a 39 34 7d
[Main -> Renderer] ble:characteristicValueChanged: {
  deviceId: '10b41dcd238d',
  serviceUuid: '4fafc201-1fb5-459e-8fcc-c5c9c331914d',
  characteristicUuid: 'beb5483e-36e1-4688-b7f5-ea07361b26c2',
  value: '7b 22 74 79 70 65 22 3a 22 6f 74 61 22 2c 22 73 74 61 74 75 73 22 3a 22 70 72 6f 67 72 65 73 73 22 2c 22 72 65 63 65 69 76 65 64 22 3a 35 33 38 32 30 30 2c 22 74 6f 74 61 6c 22 3a 35 37 30 34 38 30 2c 22 70 65 72 63 65 6e 74 22 3a 39 34 7d'
}
Notification received: 7b 22 74 79 70 65 22 3a 22 6f 74 61 22 2c 22 73 74 61 74 75 73 22 3a 22 70 72 6f 67 72 65 73 73 22 2c 22 72 65 63 65 69 76 65 64 22 3a 35 33 38 37 34 30 2c 22 74 6f 74 61 6c 22 3a 35 37 30 34 38 30 2c 22 70 65 72 63 65 6e 74 22 3a 39 34 7d
[Main -> Renderer] ble:characteristicValueChanged: {
  deviceId: '10b41dcd238d',
  serviceUuid: '4fafc201-1fb5-459e-8fcc-c5c9c331914d',
  characteristicUuid: 'beb5483e-36e1-4688-b7f5-ea07361b26c2',
  value: '7b 22 74 79 70 65 22 3a 22 6f 74 61 22 2c 22 73 74 61 74 75 73 22 3a 22 70 72 6f 67 72 65 73 73 22 2c 22 72 65 63 65 69 76 65 64 22 3a 35 33 38 37 34 30 2c 22 74 6f 74 61 6c 22 3a 35 37 30 34 38 30 2c 22 70 65 72 63 65 6e 74 22 3a 39 34 7d'
}
Notification received: 7b 22 74 79 70 65 22 3a 22 6f 74 61 22 2c 22 73 74 61 74 75 73 22 3a 22 70 72 6f 67 72 65 73 73 22 2c 22 72 65 63 65 69 76 65 64 22 3a 35 33 39 31 30 30 2c 22 74 6f 74 61 6c 22 3a 35 37 30 34 38 30 2c 22 70 65 72 63 65 6e 74 22 3a 39 34 7d
[Main -> Renderer] ble:characteristicValueChanged: {
  deviceId: '10b41dcd238d',
  serviceUuid: '4fafc201-1fb5-459e-8fcc-c5c9c331914d',
  characteristicUuid: 'beb5483e-36e1-4688-b7f5-ea07361b26c2',
  value: '7b 22 74 79 70 65 22 3a 22 6f 74 61 22 2c 22 73 74 61 74 75 73 22 3a 22 70 72 6f 67 72 65 73 73 22 2c 22 72 65 63 65 69 76 65 64 22 3a 35 33 39 31 30 30 2c 22 74 6f 74 61 6c 22 3a 35 37 30 34 38 30 2c 22 70 65 72 63 65 6e 74 22 3a 39 34 7d'
}
Notification received: 7b 22 74 79 70 65 22 3a 22 6f 74 61 22 2c 22 73 74 61 74 75 73 22 3a 22 70 72 6f 67 72 65 73 73 22 2c 22 72 65 63 65 69 76 65 64 22 3a 35 33 39 34 36 30 2c 22 74 6f 74 61 6c 22 3a 35 37 30 34 38 30 2c 22 70 65 72 63 65 6e 74 22 3a 39 34 7d
[Main -> Renderer] ble:characteristicValueChanged: {
  deviceId: '10b41dcd238d',
  serviceUuid: '4fafc201-1fb5-459e-8fcc-c5c9c331914d',
  characteristicUuid: 'beb5483e-36e1-4688-b7f5-ea07361b26c2',
  value: '7b 22 74 79 70 65 22 3a 22 6f 74 61 22 2c 22 73 74 61 74 75 73 22 3a 22 70 72 6f 67 72 65 73 73 22 2c 22 72 65 63 65 69 76 65 64 22 3a 35 33 39 34 36 30 2c 22 74 6f 74 61 6c 22 3a 35 37 30 34 38 30 2c 22 70 65 72 63 65 6e 74 22 3a 39 34 7d'
}
Notification received: 7b 22 74 79 70 65 22 3a 22 6f 74 61 22 2c 22 73 74 61 74 75 73 22 3a 22 70 72 6f 67 72 65 73 73 22 2c 22 72 65 63 65 69 76 65 64 22 3a 35 33 39 38 32 30 2c 22 74 6f 74 61 6c 22 3a 35 37 30 34 38 30 2c 22 70 65 72 63 65 6e 74 22 3a 39 34 7d
[Main -> Renderer] ble:characteristicValueChanged: {
  deviceId: '10b41dcd238d',
  serviceUuid: '4fafc201-1fb5-459e-8fcc-c5c9c331914d',
  characteristicUuid: 'beb5483e-36e1-4688-b7f5-ea07361b26c2',
  value: '7b 22 74 79 70 65 22 3a 22 6f 74 61 22 2c 22 73 74 61 74 75 73 22 3a 22 70 72 6f 67 72 65 73 73 22 2c 22 72 65 63 65 69 76 65 64 22 3a 35 33 39 38 32 30 2c 22 74 6f 74 61 6c 22 3a 35 37 30 34 38 30 2c 22 70 65 72 63 65 6e 74 22 3a 39 34 7d'
}
Notification received: 7b 22 74 79 70 65 22 3a 22 6f 74 61 22 2c 22 73 74 61 74 75 73 22 3a 22 70 72 6f 67 72 65 73 73 22 2c 22 72 65 63 65 69 76 65 64 22 3a 35 34 30 31 38 30 2c 22 74 6f 74 61 6c 22 3a 35 37 30 34 38 30 2c 22 70 65 72 63 65 6e 74 22 3a 39 34 7d
[Main -> Renderer] ble:characteristicValueChanged: {
  deviceId: '10b41dcd238d',
  serviceUuid: '4fafc201-1fb5-459e-8fcc-c5c9c331914d',
  characteristicUuid: 'beb5483e-36e1-4688-b7f5-ea07361b26c2',
  value: '7b 22 74 79 70 65 22 3a 22 6f 74 61 22 2c 22 73 74 61 74 75 73 22 3a 22 70 72 6f 67 72 65 73 73 22 2c 22 72 65 63 65 69 76 65 64 22 3a 35 34 30 31 38 30 2c 22 74 6f 74 61 6c 22 3a 35 37 30 34 38 30 2c 22 70 65 72 63 65 6e 74 22 3a 39 34 7d'
}
Notification received: 7b 22 74 79 70 65 22 3a 22 6f 74 61 22 2c 22 73 74 61 74 75 73 22 3a 22 70 72 6f 67 72 65 73 73 22 2c 22 72 65 63 65 69 76 65 64 22 3a 35 34 30 37 32 30 2c 22 74 6f 74 61 6c 22 3a 35 37 30 34 38 30 2c 22 70 65 72 63 65 6e 74 22 3a 39 34 7d
[Main -> Renderer] ble:characteristicValueChanged: {
  deviceId: '10b41dcd238d',
  serviceUuid: '4fafc201-1fb5-459e-8fcc-c5c9c331914d',
  characteristicUuid: 'beb5483e-36e1-4688-b7f5-ea07361b26c2',
  value: '7b 22 74 79 70 65 22 3a 22 6f 74 61 22 2c 22 73 74 61 74 75 73 22 3a 22 70 72 6f 67 72 65 73 73 22 2c 22 72 65 63 65 69 76 65 64 22 3a 35 34 30 37 32 30 2c 22 74 6f 74 61 6c 22 3a 35 37 30 34 38 30 2c 22 70 65 72 63 65 6e 74 22 3a 39 34 7d'
}
Notification received: 7b 22 74 79 70 65 22 3a 22 6f 74 61 22 2c 22 73 74 61 74 75 73 22 3a 22 70 72 6f 67 72 65 73 73 22 2c 22 72 65 63 65 69 76 65 64 22 3a 35 34 31 32 36 30 2c 22 74 6f 74 61 6c 22 3a 35 37 30 34 38 30 2c 22 70 65 72 63 65 6e 74 22 3a 39 34 7d
[Main -> Renderer] ble:characteristicValueChanged: {
  deviceId: '10b41dcd238d',
  serviceUuid: '4fafc201-1fb5-459e-8fcc-c5c9c331914d',
  characteristicUuid: 'beb5483e-36e1-4688-b7f5-ea07361b26c2',
  value: '7b 22 74 79 70 65 22 3a 22 6f 74 61 22 2c 22 73 74 61 74 75 73 22 3a 22 70 72 6f 67 72 65 73 73 22 2c 22 72 65 63 65 69 76 65 64 22 3a 35 34 31 32 36 30 2c 22 74 6f 74 61 6c 22 3a 35 37 30 34 38 30 2c 22 70 65 72 63 65 6e 74 22 3a 39 34 7d'
}
Notification received: 7b 22 74 79 70 65 22 3a 22 6f 74 61 22 2c 22 73 74 61 74 75 73 22 3a 22 70 72 6f 67 72 65 73 73 22 2c 22 72 65 63 65 69 76 65 64 22 3a 35 34 31 38 30 30 2c 22 74 6f 74 61 6c 22 3a 35 37 30 34 38 30 2c 22 70 65 72 63 65 6e 74 22 3a 39 34 7d
[Main -> Renderer] ble:characteristicValueChanged: {
  deviceId: '10b41dcd238d',
  serviceUuid: '4fafc201-1fb5-459e-8fcc-c5c9c331914d',
  characteristicUuid: 'beb5483e-36e1-4688-b7f5-ea07361b26c2',
  value: '7b 22 74 79 70 65 22 3a 22 6f 74 61 22 2c 22 73 74 61 74 75 73 22 3a 22 70 72 6f 67 72 65 73 73 22 2c 22 72 65 63 65 69 76 65 64 22 3a 35 34 31 38 30 30 2c 22 74 6f 74 61 6c 22 3a 35 37 30 34 38 30 2c 22 70 65 72 63 65 6e 74 22 3a 39 34 7d'
}
Notification received: 7b 22 74 79 70 65 22 3a 22 6f 74 61 22 2c 22 73 74 61 74 75 73 22 3a 22 70 72 6f 67 72 65 73 73 22 2c 22 72 65 63 65 69 76 65 64 22 3a 35 34 32 33 34 30 2c 22 74 6f 74 61 6c 22 3a 35 37 30 34 38 30 2c 22 70 65 72 63 65 6e 74 22 3a 39 35 7d
[Main -> Renderer] ble:characteristicValueChanged: {
  deviceId: '10b41dcd238d',
  serviceUuid: '4fafc201-1fb5-459e-8fcc-c5c9c331914d',
  characteristicUuid: 'beb5483e-36e1-4688-b7f5-ea07361b26c2',
  value: '7b 22 74 79 70 65 22 3a 22 6f 74 61 22 2c 22 73 74 61 74 75 73 22 3a 22 70 72 6f 67 72 65 73 73 22 2c 22 72 65 63 65 69 76 65 64 22 3a 35 34 32 33 34 30 2c 22 74 6f 74 61 6c 22 3a 35 37 30 34 38 30 2c 22 70 65 72 63 65 6e 74 22 3a 39 35 7d'
}
Notification received: 7b 22 74 79 70 65 22 3a 22 6f 74 61 22 2c 22 73 74 61 74 75 73 22 3a 22 70 72 6f 67 72 65 73 73 22 2c 22 72 65 63 65 69 76 65 64 22 3a 35 34 32 38 38 30 2c 22 74 6f 74 61 6c 22 3a 35 37 30 34 38 30 2c 22 70 65 72 63 65 6e 74 22 3a 39 35 7d
[Main -> Renderer] ble:characteristicValueChanged: {
  deviceId: '10b41dcd238d',
  serviceUuid: '4fafc201-1fb5-459e-8fcc-c5c9c331914d',
  characteristicUuid: 'beb5483e-36e1-4688-b7f5-ea07361b26c2',
  value: '7b 22 74 79 70 65 22 3a 22 6f 74 61 22 2c 22 73 74 61 74 75 73 22 3a 22 70 72 6f 67 72 65 73 73 22 2c 22 72 65 63 65 69 76 65 64 22 3a 35 34 32 38 38 30 2c 22 74 6f 74 61 6c 22 3a 35 37 30 34 38 30 2c 22 70 65 72 63 65 6e 74 22 3a 39 35 7d'
}
Notification received: 7b 22 74 79 70 65 22 3a 22 6f 74 61 22 2c 22 73 74 61 74 75 73 22 3a 22 70 72 6f 67 72 65 73 73 22 2c 22 72 65 63 65 69 76 65 64 22 3a 35 34 33 32 34 30 2c 22 74 6f 74 61 6c 22 3a 35 37 30 34 38 30 2c 22 70 65 72 63 65 6e 74 22 3a 39 35 7d
[Main -> Renderer] ble:characteristicValueChanged: {
  deviceId: '10b41dcd238d',
  serviceUuid: '4fafc201-1fb5-459e-8fcc-c5c9c331914d',
  characteristicUuid: 'beb5483e-36e1-4688-b7f5-ea07361b26c2',
  value: '7b 22 74 79 70 65 22 3a 22 6f 74 61 22 2c 22 73 74 61 74 75 73 22 3a 22 70 72 6f 67 72 65 73 73 22 2c 22 72 65 63 65 69 76 65 64 22 3a 35 34 33 32 34 30 2c 22 74 6f 74 61 6c 22 3a 35 37 30 34 38 30 2c 22 70 65 72 63 65 6e 74 22 3a 39 35 7d'
}
Notification received: 7b 22 74 79 70 65 22 3a 22 6f 74 61 22 2c 22 73 74 61 74 75 73 22 3a 22 70 72 6f 67 72 65 73 73 22 2c 22 72 65 63 65 69 76 65 64 22 3a 35 34 33 36 30 30 2c 22 74 6f 74 61 6c 22 3a 35 37 30 34 38 30 2c 22 70 65 72 63 65 6e 74 22 3a 39 35 7d
[Main -> Renderer] ble:characteristicValueChanged: {
  deviceId: '10b41dcd238d',
  serviceUuid: '4fafc201-1fb5-459e-8fcc-c5c9c331914d',
  characteristicUuid: 'beb5483e-36e1-4688-b7f5-ea07361b26c2',
  value: '7b 22 74 79 70 65 22 3a 22 6f 74 61 22 2c 22 73 74 61 74 75 73 22 3a 22 70 72 6f 67 72 65 73 73 22 2c 22 72 65 63 65 69 76 65 64 22 3a 35 34 33 36 30 30 2c 22 74 6f 74 61 6c 22 3a 35 37 30 34 38 30 2c 22 70 65 72 63 65 6e 74 22 3a 39 35 7d'
}
Notification received: 7b 22 74 79 70 65 22 3a 22 6f 74 61 22 2c 22 73 74 61 74 75 73 22 3a 22 70 72 6f 67 72 65 73 73 22 2c 22 72 65 63 65 69 76 65 64 22 3a 35 34 34 31 34 30 2c 22 74 6f 74 61 6c 22 3a 35 37 30 34 38 30 2c 22 70 65 72 63 65 6e 74 22 3a 39 35 7d
[Main -> Renderer] ble:characteristicValueChanged: {
  deviceId: '10b41dcd238d',
  serviceUuid: '4fafc201-1fb5-459e-8fcc-c5c9c331914d',
  characteristicUuid: 'beb5483e-36e1-4688-b7f5-ea07361b26c2',
  value: '7b 22 74 79 70 65 22 3a 22 6f 74 61 22 2c 22 73 74 61 74 75 73 22 3a 22 70 72 6f 67 72 65 73 73 22 2c 22 72 65 63 65 69 76 65 64 22 3a 35 34 34 31 34 30 2c 22 74 6f 74 61 6c 22 3a 35 37 30 34 38 30 2c 22 70 65 72 63 65 6e 74 22 3a 39 35 7d'
}
Notification received: 7b 22 74 79 70 65 22 3a 22 6f 74 61 22 2c 22 73 74 61 74 75 73 22 3a 22 70 72 6f 67 72 65 73 73 22 2c 22 72 65 63 65 69 76 65 64 22 3a 35 34 34 35 30 30 2c 22 74 6f 74 61 6c 22 3a 35 37 30 34 38 30 2c 22 70 65 72 63 65 6e 74 22 3a 39 35 7d
[Main -> Renderer] ble:characteristicValueChanged: {
  deviceId: '10b41dcd238d',
  serviceUuid: '4fafc201-1fb5-459e-8fcc-c5c9c331914d',
  characteristicUuid: 'beb5483e-36e1-4688-b7f5-ea07361b26c2',
  value: '7b 22 74 79 70 65 22 3a 22 6f 74 61 22 2c 22 73 74 61 74 75 73 22 3a 22 70 72 6f 67 72 65 73 73 22 2c 22 72 65 63 65 69 76 65 64 22 3a 35 34 34 35 30 30 2c 22 74 6f 74 61 6c 22 3a 35 37 30 34 38 30 2c 22 70 65 72 63 65 6e 74 22 3a 39 35 7d'
}
Notification received: 7b 22 74 79 70 65 22 3a 22 6f 74 61 22 2c 22 73 74 61 74 75 73 22 3a 22 70 72 6f 67 72 65 73 73 22 2c 22 72 65 63 65 69 76 65 64 22 3a 35 34 34 38 36 30 2c 22 74 6f 74 61 6c 22 3a 35 37 30 34 38 30 2c 22 70 65 72 63 65 6e 74 22 3a 39 35 7d
[Main -> Renderer] ble:characteristicValueChanged: {
  deviceId: '10b41dcd238d',
  serviceUuid: '4fafc201-1fb5-459e-8fcc-c5c9c331914d',
  characteristicUuid: 'beb5483e-36e1-4688-b7f5-ea07361b26c2',
  value: '7b 22 74 79 70 65 22 3a 22 6f 74 61 22 2c 22 73 74 61 74 75 73 22 3a 22 70 72 6f 67 72 65 73 73 22 2c 22 72 65 63 65 69 76 65 64 22 3a 35 34 34 38 36 30 2c 22 74 6f 74 61 6c 22 3a 35 37 30 34 38 30 2c 22 70 65 72 63 65 6e 74 22 3a 39 35 7d'
}
Notification received: 7b 22 74 79 70 65 22 3a 22 6f 74 61 22 2c 22 73 74 61 74 75 73 22 3a 22 70 72 6f 67 72 65 73 73 22 2c 22 72 65 63 65 69 76 65 64 22 3a 35 34 35 32 32 30 2c 22 74 6f 74 61 6c 22 3a 35 37 30 34 38 30 2c 22 70 65 72 63 65 6e 74 22 3a 39 35 7d
[Main -> Renderer] ble:characteristicValueChanged: {
  deviceId: '10b41dcd238d',
  serviceUuid: '4fafc201-1fb5-459e-8fcc-c5c9c331914d',
  characteristicUuid: 'beb5483e-36e1-4688-b7f5-ea07361b26c2',
  value: '7b 22 74 79 70 65 22 3a 22 6f 74 61 22 2c 22 73 74 61 74 75 73 22 3a 22 70 72 6f 67 72 65 73 73 22 2c 22 72 65 63 65 69 76 65 64 22 3a 35 34 35 32 32 30 2c 22 74 6f 74 61 6c 22 3a 35 37 30 34 38 30 2c 22 70 65 72 63 65 6e 74 22 3a 39 35 7d'
}
Notification received: 7b 22 74 79 70 65 22 3a 22 6f 74 61 22 2c 22 73 74 61 74 75 73 22 3a 22 70 72 6f 67 72 65 73 73 22 2c 22 72 65 63 65 69 76 65 64 22 3a 35 34 35 37 36 30 2c 22 74 6f 74 61 6c 22 3a 35 37 30 34 38 30 2c 22 70 65 72 63 65 6e 74 22 3a 39 35 7d
[Main -> Renderer] ble:characteristicValueChanged: {
  deviceId: '10b41dcd238d',
  serviceUuid: '4fafc201-1fb5-459e-8fcc-c5c9c331914d',
  characteristicUuid: 'beb5483e-36e1-4688-b7f5-ea07361b26c2',
  value: '7b 22 74 79 70 65 22 3a 22 6f 74 61 22 2c 22 73 74 61 74 75 73 22 3a 22 70 72 6f 67 72 65 73 73 22 2c 22 72 65 63 65 69 76 65 64 22 3a 35 34 35 37 36 30 2c 22 74 6f 74 61 6c 22 3a 35 37 30 34 38 30 2c 22 70 65 72 63 65 6e 74 22 3a 39 35 7d'
}
Notification received: 7b 22 74 79 70 65 22 3a 22 6f 74 61 22 2c 22 73 74 61 74 75 73 22 3a 22 70 72 6f 67 72 65 73 73 22 2c 22 72 65 63 65 69 76 65 64 22 3a 35 34 36 31 32 30 2c 22 74 6f 74 61 6c 22 3a 35 37 30 34 38 30 2c 22 70 65 72 63 65 6e 74 22 3a 39 35 7d
[Main -> Renderer] ble:characteristicValueChanged: {
  deviceId: '10b41dcd238d',
  serviceUuid: '4fafc201-1fb5-459e-8fcc-c5c9c331914d',
  characteristicUuid: 'beb5483e-36e1-4688-b7f5-ea07361b26c2',
  value: '7b 22 74 79 70 65 22 3a 22 6f 74 61 22 2c 22 73 74 61 74 75 73 22 3a 22 70 72 6f 67 72 65 73 73 22 2c 22 72 65 63 65 69 76 65 64 22 3a 35 34 36 31 32 30 2c 22 74 6f 74 61 6c 22 3a 35 37 30 34 38 30 2c 22 70 65 72 63 65 6e 74 22 3a 39 35 7d'
}
Notification received: 7b 22 74 79 70 65 22 3a 22 6f 74 61 22 2c 22 73 74 61 74 75 73 22 3a 22 70 72 6f 67 72 65 73 73 22 2c 22 72 65 63 65 69 76 65 64 22 3a 35 34 36 34 38 30 2c 22 74 6f 74 61 6c 22 3a 35 37 30 34 38 30 2c 22 70 65 72 63 65 6e 74 22 3a 39 35 7d
[Main -> Renderer] ble:characteristicValueChanged: {
  deviceId: '10b41dcd238d',
  serviceUuid: '4fafc201-1fb5-459e-8fcc-c5c9c331914d',
  characteristicUuid: 'beb5483e-36e1-4688-b7f5-ea07361b26c2',
  value: '7b 22 74 79 70 65 22 3a 22 6f 74 61 22 2c 22 73 74 61 74 75 73 22 3a 22 70 72 6f 67 72 65 73 73 22 2c 22 72 65 63 65 69 76 65 64 22 3a 35 34 36 34 38 30 2c 22 74 6f 74 61 6c 22 3a 35 37 30 34 38 30 2c 22 70 65 72 63 65 6e 74 22 3a 39 35 7d'
}
Notification received: 7b 22 74 79 70 65 22 3a 22 6f 74 61 22 2c 22 73 74 61 74 75 73 22 3a 22 70 72 6f 67 72 65 73 73 22 2c 22 72 65 63 65 69 76 65 64 22 3a 35 34 36 38 34 30 2c 22 74 6f 74 61 6c 22 3a 35 37 30 34 38 30 2c 22 70 65 72 63 65 6e 74 22 3a 39 35 7d
[Main -> Renderer] ble:characteristicValueChanged: {
  deviceId: '10b41dcd238d',
  serviceUuid: '4fafc201-1fb5-459e-8fcc-c5c9c331914d',
  characteristicUuid: 'beb5483e-36e1-4688-b7f5-ea07361b26c2',
  value: '7b 22 74 79 70 65 22 3a 22 6f 74 61 22 2c 22 73 74 61 74 75 73 22 3a 22 70 72 6f 67 72 65 73 73 22 2c 22 72 65 63 65 69 76 65 64 22 3a 35 34 36 38 34 30 2c 22 74 6f 74 61 6c 22 3a 35 37 30 34 38 30 2c 22 70 65 72 63 65 6e 74 22 3a 39 35 7d'
}
Notification received: 7b 22 74 79 70 65 22 3a 22 6f 74 61 22 2c 22 73 74 61 74 75 73 22 3a 22 70 72 6f 67 72 65 73 73 22 2c 22 72 65 63 65 69 76 65 64 22 3a 35 34 37 32 30 30 2c 22 74 6f 74 61 6c 22 3a 35 37 30 34 38 30 2c 22 70 65 72 63 65 6e 74 22 3a 39 35 7d
[Main -> Renderer] ble:characteristicValueChanged: {
  deviceId: '10b41dcd238d',
  serviceUuid: '4fafc201-1fb5-459e-8fcc-c5c9c331914d',
  characteristicUuid: 'beb5483e-36e1-4688-b7f5-ea07361b26c2',
  value: '7b 22 74 79 70 65 22 3a 22 6f 74 61 22 2c 22 73 74 61 74 75 73 22 3a 22 70 72 6f 67 72 65 73 73 22 2c 22 72 65 63 65 69 76 65 64 22 3a 35 34 37 32 30 30 2c 22 74 6f 74 61 6c 22 3a 35 37 30 34 38 30 2c 22 70 65 72 63 65 6e 74 22 3a 39 35 7d'
}
Notification received: 7b 22 74 79 70 65 22 3a 22 6f 74 61 22 2c 22 73 74 61 74 75 73 22 3a 22 70 72 6f 67 72 65 73 73 22 2c 22 72 65 63 65 69 76 65 64 22 3a 35 34 37 37 34 30 2c 22 74 6f 74 61 6c 22 3a 35 37 30 34 38 30 2c 22 70 65 72 63 65 6e 74 22 3a 39 36 7d
[Main -> Renderer] ble:characteristicValueChanged: {
  deviceId: '10b41dcd238d',
  serviceUuid: '4fafc201-1fb5-459e-8fcc-c5c9c331914d',
  characteristicUuid: 'beb5483e-36e1-4688-b7f5-ea07361b26c2',
  value: '7b 22 74 79 70 65 22 3a 22 6f 74 61 22 2c 22 73 74 61 74 75 73 22 3a 22 70 72 6f 67 72 65 73 73 22 2c 22 72 65 63 65 69 76 65 64 22 3a 35 34 37 37 34 30 2c 22 74 6f 74 61 6c 22 3a 35 37 30 34 38 30 2c 22 70 65 72 63 65 6e 74 22 3a 39 36 7d'
}
Notification received: 7b 22 74 79 70 65 22 3a 22 6f 74 61 22 2c 22 73 74 61 74 75 73 22 3a 22 70 72 6f 67 72 65 73 73 22 2c 22 72 65 63 65 69 76 65 64 22 3a 35 34 38 32 38 30 2c 22 74 6f 74 61 6c 22 3a 35 37 30 34 38 30 2c 22 70 65 72 63 65 6e 74 22 3a 39 36 7d
[Main -> Renderer] ble:characteristicValueChanged: {
  deviceId: '10b41dcd238d',
  serviceUuid: '4fafc201-1fb5-459e-8fcc-c5c9c331914d',
  characteristicUuid: 'beb5483e-36e1-4688-b7f5-ea07361b26c2',
  value: '7b 22 74 79 70 65 22 3a 22 6f 74 61 22 2c 22 73 74 61 74 75 73 22 3a 22 70 72 6f 67 72 65 73 73 22 2c 22 72 65 63 65 69 76 65 64 22 3a 35 34 38 32 38 30 2c 22 74 6f 74 61 6c 22 3a 35 37 30 34 38 30 2c 22 70 65 72 63 65 6e 74 22 3a 39 36 7d'
}
Notification received: 7b 22 74 79 70 65 22 3a 22 6f 74 61 22 2c 22 73 74 61 74 75 73 22 3a 22 70 72 6f 67 72 65 73 73 22 2c 22 72 65 63 65 69 76 65 64 22 3a 35 34 38 38 32 30 2c 22 74 6f 74 61 6c 22 3a 35 37 30 34 38 30 2c 22 70 65 72 63 65 6e 74 22 3a 39 36 7d
[Main -> Renderer] ble:characteristicValueChanged: {
  deviceId: '10b41dcd238d',
  serviceUuid: '4fafc201-1fb5-459e-8fcc-c5c9c331914d',
  characteristicUuid: 'beb5483e-36e1-4688-b7f5-ea07361b26c2',
  value: '7b 22 74 79 70 65 22 3a 22 6f 74 61 22 2c 22 73 74 61 74 75 73 22 3a 22 70 72 6f 67 72 65 73 73 22 2c 22 72 65 63 65 69 76 65 64 22 3a 35 34 38 38 32 30 2c 22 74 6f 74 61 6c 22 3a 35 37 30 34 38 30 2c 22 70 65 72 63 65 6e 74 22 3a 39 36 7d'
}
Notification received: 7b 22 74 79 70 65 22 3a 22 6f 74 61 22 2c 22 73 74 61 74 75 73 22 3a 22 70 72 6f 67 72 65 73 73 22 2c 22 72 65 63 65 69 76 65 64 22 3a 35 34 39 33 36 30 2c 22 74 6f 74 61 6c 22 3a 35 37 30 34 38 30 2c 22 70 65 72 63 65 6e 74 22 3a 39 36 7d
[Main -> Renderer] ble:characteristicValueChanged: {
  deviceId: '10b41dcd238d',
  serviceUuid: '4fafc201-1fb5-459e-8fcc-c5c9c331914d',
  characteristicUuid: 'beb5483e-36e1-4688-b7f5-ea07361b26c2',
  value: '7b 22 74 79 70 65 22 3a 22 6f 74 61 22 2c 22 73 74 61 74 75 73 22 3a 22 70 72 6f 67 72 65 73 73 22 2c 22 72 65 63 65 69 76 65 64 22 3a 35 34 39 33 36 30 2c 22 74 6f 74 61 6c 22 3a 35 37 30 34 38 30 2c 22 70 65 72 63 65 6e 74 22 3a 39 36 7d'
}
Notification received: 7b 22 74 79 70 65 22 3a 22 6f 74 61 22 2c 22 73 74 61 74 75 73 22 3a 22 70 72 6f 67 72 65 73 73 22 2c 22 72 65 63 65 69 76 65 64 22 3a 35 34 39 39 30 30 2c 22 74 6f 74 61 6c 22 3a 35 37 30 34 38 30 2c 22 70 65 72 63 65 6e 74 22 3a 39 36 7d
[Main -> Renderer] ble:characteristicValueChanged: {
  deviceId: '10b41dcd238d',
  serviceUuid: '4fafc201-1fb5-459e-8fcc-c5c9c331914d',
  characteristicUuid: 'beb5483e-36e1-4688-b7f5-ea07361b26c2',
  value: '7b 22 74 79 70 65 22 3a 22 6f 74 61 22 2c 22 73 74 61 74 75 73 22 3a 22 70 72 6f 67 72 65 73 73 22 2c 22 72 65 63 65 69 76 65 64 22 3a 35 34 39 39 30 30 2c 22 74 6f 74 61 6c 22 3a 35 37 30 34 38 30 2c 22 70 65 72 63 65 6e 74 22 3a 39 36 7d'
}
Notification received: 7b 22 74 79 70 65 22 3a 22 6f 74 61 22 2c 22 73 74 61 74 75 73 22 3a 22 70 72 6f 67 72 65 73 73 22 2c 22 72 65 63 65 69 76 65 64 22 3a 35 35 30 34 34 30 2c 22 74 6f 74 61 6c 22 3a 35 37 30 34 38 30 2c 22 70 65 72 63 65 6e 74 22 3a 39 36 7d
[Main -> Renderer] ble:characteristicValueChanged: {
  deviceId: '10b41dcd238d',
  serviceUuid: '4fafc201-1fb5-459e-8fcc-c5c9c331914d',
  characteristicUuid: 'beb5483e-36e1-4688-b7f5-ea07361b26c2',
  value: '7b 22 74 79 70 65 22 3a 22 6f 74 61 22 2c 22 73 74 61 74 75 73 22 3a 22 70 72 6f 67 72 65 73 73 22 2c 22 72 65 63 65 69 76 65 64 22 3a 35 35 30 34 34 30 2c 22 74 6f 74 61 6c 22 3a 35 37 30 34 38 30 2c 22 70 65 72 63 65 6e 74 22 3a 39 36 7d'
}
Notification received: 7b 22 74 79 70 65 22 3a 22 6f 74 61 22 2c 22 73 74 61 74 75 73 22 3a 22 70 72 6f 67 72 65 73 73 22 2c 22 72 65 63 65 69 76 65 64 22 3a 35 35 30 39 38 30 2c 22 74 6f 74 61 6c 22 3a 35 37 30 34 38 30 2c 22 70 65 72 63 65 6e 74 22 3a 39 36 7d
[Main -> Renderer] ble:characteristicValueChanged: {
  deviceId: '10b41dcd238d',
  serviceUuid: '4fafc201-1fb5-459e-8fcc-c5c9c331914d',
  characteristicUuid: 'beb5483e-36e1-4688-b7f5-ea07361b26c2',
  value: '7b 22 74 79 70 65 22 3a 22 6f 74 61 22 2c 22 73 74 61 74 75 73 22 3a 22 70 72 6f 67 72 65 73 73 22 2c 22 72 65 63 65 69 76 65 64 22 3a 35 35 30 39 38 30 2c 22 74 6f 74 61 6c 22 3a 35 37 30 34 38 30 2c 22 70 65 72 63 65 6e 74 22 3a 39 36 7d'
}
Notification received: 7b 22 74 79 70 65 22 3a 22 6f 74 61 22 2c 22 73 74 61 74 75 73 22 3a 22 70 72 6f 67 72 65 73 73 22 2c 22 72 65 63 65 69 76 65 64 22 3a 35 35 31 33 34 30 2c 22 74 6f 74 61 6c 22 3a 35 37 30 34 38 30 2c 22 70 65 72 63 65 6e 74 22 3a 39 36 7d
[Main -> Renderer] ble:characteristicValueChanged: {
  deviceId: '10b41dcd238d',
  serviceUuid: '4fafc201-1fb5-459e-8fcc-c5c9c331914d',
  characteristicUuid: 'beb5483e-36e1-4688-b7f5-ea07361b26c2',
  value: '7b 22 74 79 70 65 22 3a 22 6f 74 61 22 2c 22 73 74 61 74 75 73 22 3a 22 70 72 6f 67 72 65 73 73 22 2c 22 72 65 63 65 69 76 65 64 22 3a 35 35 31 33 34 30 2c 22 74 6f 74 61 6c 22 3a 35 37 30 34 38 30 2c 22 70 65 72 63 65 6e 74 22 3a 39 36 7d'
}
Notification received: 7b 22 74 79 70 65 22 3a 22 6f 74 61 22 2c 22 73 74 61 74 75 73 22 3a 22 70 72 6f 67 72 65 73 73 22 2c 22 72 65 63 65 69 76 65 64 22 3a 35 35 31 37 30 30 2c 22 74 6f 74 61 6c 22 3a 35 37 30 34 38 30 2c 22 70 65 72 63 65 6e 74 22 3a 39 36 7d
[Main -> Renderer] ble:characteristicValueChanged: {
  deviceId: '10b41dcd238d',
  serviceUuid: '4fafc201-1fb5-459e-8fcc-c5c9c331914d',
  characteristicUuid: 'beb5483e-36e1-4688-b7f5-ea07361b26c2',
  value: '7b 22 74 79 70 65 22 3a 22 6f 74 61 22 2c 22 73 74 61 74 75 73 22 3a 22 70 72 6f 67 72 65 73 73 22 2c 22 72 65 63 65 69 76 65 64 22 3a 35 35 31 37 30 30 2c 22 74 6f 74 61 6c 22 3a 35 37 30 34 38 30 2c 22 70 65 72 63 65 6e 74 22 3a 39 36 7d'
}
Notification received: 7b 22 74 79 70 65 22 3a 22 6f 74 61 22 2c 22 73 74 61 74 75 73 22 3a 22 70 72 6f 67 72 65 73 73 22 2c 22 72 65 63 65 69 76 65 64 22 3a 35 35 32 30 36 30 2c 22 74 6f 74 61 6c 22 3a 35 37 30 34 38 30 2c 22 70 65 72 63 65 6e 74 22 3a 39 36 7d
[Main -> Renderer] ble:characteristicValueChanged: {
  deviceId: '10b41dcd238d',
  serviceUuid: '4fafc201-1fb5-459e-8fcc-c5c9c331914d',
  characteristicUuid: 'beb5483e-36e1-4688-b7f5-ea07361b26c2',
  value: '7b 22 74 79 70 65 22 3a 22 6f 74 61 22 2c 22 73 74 61 74 75 73 22 3a 22 70 72 6f 67 72 65 73 73 22 2c 22 72 65 63 65 69 76 65 64 22 3a 35 35 32 30 36 30 2c 22 74 6f 74 61 6c 22 3a 35 37 30 34 38 30 2c 22 70 65 72 63 65 6e 74 22 3a 39 36 7d'
}
Notification received: 7b 22 74 79 70 65 22 3a 22 6f 74 61 22 2c 22 73 74 61 74 75 73 22 3a 22 70 72 6f 67 72 65 73 73 22 2c 22 72 65 63 65 69 76 65 64 22 3a 35 35 32 34 32 30 2c 22 74 6f 74 61 6c 22 3a 35 37 30 34 38 30 2c 22 70 65 72 63 65 6e 74 22 3a 39 36 7d
[Main -> Renderer] ble:characteristicValueChanged: {
  deviceId: '10b41dcd238d',
  serviceUuid: '4fafc201-1fb5-459e-8fcc-c5c9c331914d',
  characteristicUuid: 'beb5483e-36e1-4688-b7f5-ea07361b26c2',
  value: '7b 22 74 79 70 65 22 3a 22 6f 74 61 22 2c 22 73 74 61 74 75 73 22 3a 22 70 72 6f 67 72 65 73 73 22 2c 22 72 65 63 65 69 76 65 64 22 3a 35 35 32 34 32 30 2c 22 74 6f 74 61 6c 22 3a 35 37 30 34 38 30 2c 22 70 65 72 63 65 6e 74 22 3a 39 36 7d'
}
Notification received: 7b 22 74 79 70 65 22 3a 22 6f 74 61 22 2c 22 73 74 61 74 75 73 22 3a 22 70 72 6f 67 72 65 73 73 22 2c 22 72 65 63 65 69 76 65 64 22 3a 35 35 32 37 38 30 2c 22 74 6f 74 61 6c 22 3a 35 37 30 34 38 30 2c 22 70 65 72 63 65 6e 74 22 3a 39 36 7d
[Main -> Renderer] ble:characteristicValueChanged: {
  deviceId: '10b41dcd238d',
  serviceUuid: '4fafc201-1fb5-459e-8fcc-c5c9c331914d',
  characteristicUuid: 'beb5483e-36e1-4688-b7f5-ea07361b26c2',
  value: '7b 22 74 79 70 65 22 3a 22 6f 74 61 22 2c 22 73 74 61 74 75 73 22 3a 22 70 72 6f 67 72 65 73 73 22 2c 22 72 65 63 65 69 76 65 64 22 3a 35 35 32 37 38 30 2c 22 74 6f 74 61 6c 22 3a 35 37 30 34 38 30 2c 22 70 65 72 63 65 6e 74 22 3a 39 36 7d'
}
Notification received: 7b 22 74 79 70 65 22 3a 22 6f 74 61 22 2c 22 73 74 61 74 75 73 22 3a 22 70 72 6f 67 72 65 73 73 22 2c 22 72 65 63 65 69 76 65 64 22 3a 35 35 33 31 34 30 2c 22 74 6f 74 61 6c 22 3a 35 37 30 34 38 30 2c 22 70 65 72 63 65 6e 74 22 3a 39 36 7d
[Main -> Renderer] ble:characteristicValueChanged: {
  deviceId: '10b41dcd238d',
  serviceUuid: '4fafc201-1fb5-459e-8fcc-c5c9c331914d',
  characteristicUuid: 'beb5483e-36e1-4688-b7f5-ea07361b26c2',
  value: '7b 22 74 79 70 65 22 3a 22 6f 74 61 22 2c 22 73 74 61 74 75 73 22 3a 22 70 72 6f 67 72 65 73 73 22 2c 22 72 65 63 65 69 76 65 64 22 3a 35 35 33 31 34 30 2c 22 74 6f 74 61 6c 22 3a 35 37 30 34 38 30 2c 22 70 65 72 63 65 6e 74 22 3a 39 36 7d'
}
Notification received: 7b 22 74 79 70 65 22 3a 22 6f 74 61 22 2c 22 73 74 61 74 75 73 22 3a 22 70 72 6f 67 72 65 73 73 22 2c 22 72 65 63 65 69 76 65 64 22 3a 35 35 33 36 38 30 2c 22 74 6f 74 61 6c 22 3a 35 37 30 34 38 30 2c 22 70 65 72 63 65 6e 74 22 3a 39 37 7d
[Main -> Renderer] ble:characteristicValueChanged: {
  deviceId: '10b41dcd238d',
  serviceUuid: '4fafc201-1fb5-459e-8fcc-c5c9c331914d',
  characteristicUuid: 'beb5483e-36e1-4688-b7f5-ea07361b26c2',
  value: '7b 22 74 79 70 65 22 3a 22 6f 74 61 22 2c 22 73 74 61 74 75 73 22 3a 22 70 72 6f 67 72 65 73 73 22 2c 22 72 65 63 65 69 76 65 64 22 3a 35 35 33 36 38 30 2c 22 74 6f 74 61 6c 22 3a 35 37 30 34 38 30 2c 22 70 65 72 63 65 6e 74 22 3a 39 37 7d'
}
Notification received: 7b 22 74 79 70 65 22 3a 22 6f 74 61 22 2c 22 73 74 61 74 75 73 22 3a 22 70 72 6f 67 72 65 73 73 22 2c 22 72 65 63 65 69 76 65 64 22 3a 35 35 34 32 32 30 2c 22 74 6f 74 61 6c 22 3a 35 37 30 34 38 30 2c 22 70 65 72 63 65 6e 74 22 3a 39 37 7d
[Main -> Renderer] ble:characteristicValueChanged: {
  deviceId: '10b41dcd238d',
  serviceUuid: '4fafc201-1fb5-459e-8fcc-c5c9c331914d',
  characteristicUuid: 'beb5483e-36e1-4688-b7f5-ea07361b26c2',
  value: '7b 22 74 79 70 65 22 3a 22 6f 74 61 22 2c 22 73 74 61 74 75 73 22 3a 22 70 72 6f 67 72 65 73 73 22 2c 22 72 65 63 65 69 76 65 64 22 3a 35 35 34 32 32 30 2c 22 74 6f 74 61 6c 22 3a 35 37 30 34 38 30 2c 22 70 65 72 63 65 6e 74 22 3a 39 37 7d'
}
Notification received: 7b 22 74 79 70 65 22 3a 22 6f 74 61 22 2c 22 73 74 61 74 75 73 22 3a 22 70 72 6f 67 72 65 73 73 22 2c 22 72 65 63 65 69 76 65 64 22 3a 35 35 34 35 38 30 2c 22 74 6f 74 61 6c 22 3a 35 37 30 34 38 30 2c 22 70 65 72 63 65 6e 74 22 3a 39 37 7d
[Main -> Renderer] ble:characteristicValueChanged: {
  deviceId: '10b41dcd238d',
  serviceUuid: '4fafc201-1fb5-459e-8fcc-c5c9c331914d',
  characteristicUuid: 'beb5483e-36e1-4688-b7f5-ea07361b26c2',
  value: '7b 22 74 79 70 65 22 3a 22 6f 74 61 22 2c 22 73 74 61 74 75 73 22 3a 22 70 72 6f 67 72 65 73 73 22 2c 22 72 65 63 65 69 76 65 64 22 3a 35 35 34 35 38 30 2c 22 74 6f 74 61 6c 22 3a 35 37 30 34 38 30 2c 22 70 65 72 63 65 6e 74 22 3a 39 37 7d'
}
Notification received: 7b 22 74 79 70 65 22 3a 22 6f 74 61 22 2c 22 73 74 61 74 75 73 22 3a 22 70 72 6f 67 72 65 73 73 22 2c 22 72 65 63 65 69 76 65 64 22 3a 35 35 35 31 32 30 2c 22 74 6f 74 61 6c 22 3a 35 37 30 34 38 30 2c 22 70 65 72 63 65 6e 74 22 3a 39 37 7d
[Main -> Renderer] ble:characteristicValueChanged: {
  deviceId: '10b41dcd238d',
  serviceUuid: '4fafc201-1fb5-459e-8fcc-c5c9c331914d',
  characteristicUuid: 'beb5483e-36e1-4688-b7f5-ea07361b26c2',
  value: '7b 22 74 79 70 65 22 3a 22 6f 74 61 22 2c 22 73 74 61 74 75 73 22 3a 22 70 72 6f 67 72 65 73 73 22 2c 22 72 65 63 65 69 76 65 64 22 3a 35 35 35 31 32 30 2c 22 74 6f 74 61 6c 22 3a 35 37 30 34 38 30 2c 22 70 65 72 63 65 6e 74 22 3a 39 37 7d'
}
Notification received: 7b 22 74 79 70 65 22 3a 22 6f 74 61 22 2c 22 73 74 61 74 75 73 22 3a 22 70 72 6f 67 72 65 73 73 22 2c 22 72 65 63 65 69 76 65 64 22 3a 35 35 35 36 36 30 2c 22 74 6f 74 61 6c 22 3a 35 37 30 34 38 30 2c 22 70 65 72 63 65 6e 74 22 3a 39 37 7d
[Main -> Renderer] ble:characteristicValueChanged: {
  deviceId: '10b41dcd238d',
  serviceUuid: '4fafc201-1fb5-459e-8fcc-c5c9c331914d',
  characteristicUuid: 'beb5483e-36e1-4688-b7f5-ea07361b26c2',
  value: '7b 22 74 79 70 65 22 3a 22 6f 74 61 22 2c 22 73 74 61 74 75 73 22 3a 22 70 72 6f 67 72 65 73 73 22 2c 22 72 65 63 65 69 76 65 64 22 3a 35 35 35 36 36 30 2c 22 74 6f 74 61 6c 22 3a 35 37 30 34 38 30 2c 22 70 65 72 63 65 6e 74 22 3a 39 37 7d'
}
Notification received: 7b 22 74 79 70 65 22 3a 22 6f 74 61 22 2c 22 73 74 61 74 75 73 22 3a 22 70 72 6f 67 72 65 73 73 22 2c 22 72 65 63 65 69 76 65 64 22 3a 35 35 36 32 30 30 2c 22 74 6f 74 61 6c 22 3a 35 37 30 34 38 30 2c 22 70 65 72 63 65 6e 74 22 3a 39 37 7d
[Main -> Renderer] ble:characteristicValueChanged: {
  deviceId: '10b41dcd238d',
  serviceUuid: '4fafc201-1fb5-459e-8fcc-c5c9c331914d',
  characteristicUuid: 'beb5483e-36e1-4688-b7f5-ea07361b26c2',
  value: '7b 22 74 79 70 65 22 3a 22 6f 74 61 22 2c 22 73 74 61 74 75 73 22 3a 22 70 72 6f 67 72 65 73 73 22 2c 22 72 65 63 65 69 76 65 64 22 3a 35 35 36 32 30 30 2c 22 74 6f 74 61 6c 22 3a 35 37 30 34 38 30 2c 22 70 65 72 63 65 6e 74 22 3a 39 37 7d'
}
Notification received: 7b 22 74 79 70 65 22 3a 22 6f 74 61 22 2c 22 73 74 61 74 75 73 22 3a 22 70 72 6f 67 72 65 73 73 22 2c 22 72 65 63 65 69 76 65 64 22 3a 35 35 36 37 34 30 2c 22 74 6f 74 61 6c 22 3a 35 37 30 34 38 30 2c 22 70 65 72 63 65 6e 74 22 3a 39 37 7d
[Main -> Renderer] ble:characteristicValueChanged: {
  deviceId: '10b41dcd238d',
  serviceUuid: '4fafc201-1fb5-459e-8fcc-c5c9c331914d',
  characteristicUuid: 'beb5483e-36e1-4688-b7f5-ea07361b26c2',
  value: '7b 22 74 79 70 65 22 3a 22 6f 74 61 22 2c 22 73 74 61 74 75 73 22 3a 22 70 72 6f 67 72 65 73 73 22 2c 22 72 65 63 65 69 76 65 64 22 3a 35 35 36 37 34 30 2c 22 74 6f 74 61 6c 22 3a 35 37 30 34 38 30 2c 22 70 65 72 63 65 6e 74 22 3a 39 37 7d'
}
Notification received: 7b 22 74 79 70 65 22 3a 22 6f 74 61 22 2c 22 73 74 61 74 75 73 22 3a 22 70 72 6f 67 72 65 73 73 22 2c 22 72 65 63 65 69 76 65 64 22 3a 35 35 37 32 38 30 2c 22 74 6f 74 61 6c 22 3a 35 37 30 34 38 30 2c 22 70 65 72 63 65 6e 74 22 3a 39 37 7d
[Main -> Renderer] ble:characteristicValueChanged: {
  deviceId: '10b41dcd238d',
  serviceUuid: '4fafc201-1fb5-459e-8fcc-c5c9c331914d',
  characteristicUuid: 'beb5483e-36e1-4688-b7f5-ea07361b26c2',
  value: '7b 22 74 79 70 65 22 3a 22 6f 74 61 22 2c 22 73 74 61 74 75 73 22 3a 22 70 72 6f 67 72 65 73 73 22 2c 22 72 65 63 65 69 76 65 64 22 3a 35 35 37 32 38 30 2c 22 74 6f 74 61 6c 22 3a 35 37 30 34 38 30 2c 22 70 65 72 63 65 6e 74 22 3a 39 37 7d'
}
Notification received: 7b 22 74 79 70 65 22 3a 22 6f 74 61 22 2c 22 73 74 61 74 75 73 22 3a 22 70 72 6f 67 72 65 73 73 22 2c 22 72 65 63 65 69 76 65 64 22 3a 35 35 37 36 34 30 2c 22 74 6f 74 61 6c 22 3a 35 37 30 34 38 30 2c 22 70 65 72 63 65 6e 74 22 3a 39 37 7d
[Main -> Renderer] ble:characteristicValueChanged: {
  deviceId: '10b41dcd238d',
  serviceUuid: '4fafc201-1fb5-459e-8fcc-c5c9c331914d',
  characteristicUuid: 'beb5483e-36e1-4688-b7f5-ea07361b26c2',
  value: '7b 22 74 79 70 65 22 3a 22 6f 74 61 22 2c 22 73 74 61 74 75 73 22 3a 22 70 72 6f 67 72 65 73 73 22 2c 22 72 65 63 65 69 76 65 64 22 3a 35 35 37 36 34 30 2c 22 74 6f 74 61 6c 22 3a 35 37 30 34 38 30 2c 22 70 65 72 63 65 6e 74 22 3a 39 37 7d'
}
Notification received: 7b 22 74 79 70 65 22 3a 22 6f 74 61 22 2c 22 73 74 61 74 75 73 22 3a 22 70 72 6f 67 72 65 73 73 22 2c 22 72 65 63 65 69 76 65 64 22 3a 35 35 38 30 30 30 2c 22 74 6f 74 61 6c 22 3a 35 37 30 34 38 30 2c 22 70 65 72 63 65 6e 74 22 3a 39 37 7d
[Main -> Renderer] ble:characteristicValueChanged: {
  deviceId: '10b41dcd238d',
  serviceUuid: '4fafc201-1fb5-459e-8fcc-c5c9c331914d',
  characteristicUuid: 'beb5483e-36e1-4688-b7f5-ea07361b26c2',
  value: '7b 22 74 79 70 65 22 3a 22 6f 74 61 22 2c 22 73 74 61 74 75 73 22 3a 22 70 72 6f 67 72 65 73 73 22 2c 22 72 65 63 65 69 76 65 64 22 3a 35 35 38 30 30 30 2c 22 74 6f 74 61 6c 22 3a 35 37 30 34 38 30 2c 22 70 65 72 63 65 6e 74 22 3a 39 37 7d'
}
Notification received: 7b 22 74 79 70 65 22 3a 22 6f 74 61 22 2c 22 73 74 61 74 75 73 22 3a 22 70 72 6f 67 72 65 73 73 22 2c 22 72 65 63 65 69 76 65 64 22 3a 35 35 38 35 34 30 2c 22 74 6f 74 61 6c 22 3a 35 37 30 34 38 30 2c 22 70 65 72 63 65 6e 74 22 3a 39 37 7d
[Main -> Renderer] ble:characteristicValueChanged: {
  deviceId: '10b41dcd238d',
  serviceUuid: '4fafc201-1fb5-459e-8fcc-c5c9c331914d',
  characteristicUuid: 'beb5483e-36e1-4688-b7f5-ea07361b26c2',
  value: '7b 22 74 79 70 65 22 3a 22 6f 74 61 22 2c 22 73 74 61 74 75 73 22 3a 22 70 72 6f 67 72 65 73 73 22 2c 22 72 65 63 65 69 76 65 64 22 3a 35 35 38 35 34 30 2c 22 74 6f 74 61 6c 22 3a 35 37 30 34 38 30 2c 22 70 65 72 63 65 6e 74 22 3a 39 37 7d'
}
Notification received: 7b 22 74 79 70 65 22 3a 22 6f 74 61 22 2c 22 73 74 61 74 75 73 22 3a 22 70 72 6f 67 72 65 73 73 22 2c 22 72 65 63 65 69 76 65 64 22 3a 35 35 39 30 38 30 2c 22 74 6f 74 61 6c 22 3a 35 37 30 34 38 30 2c 22 70 65 72 63 65 6e 74 22 3a 39 38 7d
[Main -> Renderer] ble:characteristicValueChanged: {
  deviceId: '10b41dcd238d',
  serviceUuid: '4fafc201-1fb5-459e-8fcc-c5c9c331914d',
  characteristicUuid: 'beb5483e-36e1-4688-b7f5-ea07361b26c2',
  value: '7b 22 74 79 70 65 22 3a 22 6f 74 61 22 2c 22 73 74 61 74 75 73 22 3a 22 70 72 6f 67 72 65 73 73 22 2c 22 72 65 63 65 69 76 65 64 22 3a 35 35 39 30 38 30 2c 22 74 6f 74 61 6c 22 3a 35 37 30 34 38 30 2c 22 70 65 72 63 65 6e 74 22 3a 39 38 7d'
}
Notification received: 7b 22 74 79 70 65 22 3a 22 6f 74 61 22 2c 22 73 74 61 74 75 73 22 3a 22 70 72 6f 67 72 65 73 73 22 2c 22 72 65 63 65 69 76 65 64 22 3a 35 35 39 36 32 30 2c 22 74 6f 74 61 6c 22 3a 35 37 30 34 38 30 2c 22 70 65 72 63 65 6e 74 22 3a 39 38 7d
[Main -> Renderer] ble:characteristicValueChanged: {
  deviceId: '10b41dcd238d',
  serviceUuid: '4fafc201-1fb5-459e-8fcc-c5c9c331914d',
  characteristicUuid: 'beb5483e-36e1-4688-b7f5-ea07361b26c2',
  value: '7b 22 74 79 70 65 22 3a 22 6f 74 61 22 2c 22 73 74 61 74 75 73 22 3a 22 70 72 6f 67 72 65 73 73 22 2c 22 72 65 63 65 69 76 65 64 22 3a 35 35 39 36 32 30 2c 22 74 6f 74 61 6c 22 3a 35 37 30 34 38 30 2c 22 70 65 72 63 65 6e 74 22 3a 39 38 7d'
}
Notification received: 7b 22 74 79 70 65 22 3a 22 6f 74 61 22 2c 22 73 74 61 74 75 73 22 3a 22 70 72 6f 67 72 65 73 73 22 2c 22 72 65 63 65 69 76 65 64 22 3a 35 35 39 39 38 30 2c 22 74 6f 74 61 6c 22 3a 35 37 30 34 38 30 2c 22 70 65 72 63 65 6e 74 22 3a 39 38 7d
[Main -> Renderer] ble:characteristicValueChanged: {
  deviceId: '10b41dcd238d',
  serviceUuid: '4fafc201-1fb5-459e-8fcc-c5c9c331914d',
  characteristicUuid: 'beb5483e-36e1-4688-b7f5-ea07361b26c2',
  value: '7b 22 74 79 70 65 22 3a 22 6f 74 61 22 2c 22 73 74 61 74 75 73 22 3a 22 70 72 6f 67 72 65 73 73 22 2c 22 72 65 63 65 69 76 65 64 22 3a 35 35 39 39 38 30 2c 22 74 6f 74 61 6c 22 3a 35 37 30 34 38 30 2c 22 70 65 72 63 65 6e 74 22 3a 39 38 7d'
}
Notification received: 7b 22 74 79 70 65 22 3a 22 6f 74 61 22 2c 22 73 74 61 74 75 73 22 3a 22 70 72 6f 67 72 65 73 73 22 2c 22 72 65 63 65 69 76 65 64 22 3a 35 36 30 35 32 30 2c 22 74 6f 74 61 6c 22 3a 35 37 30 34 38 30 2c 22 70 65 72 63 65 6e 74 22 3a 39 38 7d
[Main -> Renderer] ble:characteristicValueChanged: {
  deviceId: '10b41dcd238d',
  serviceUuid: '4fafc201-1fb5-459e-8fcc-c5c9c331914d',
  characteristicUuid: 'beb5483e-36e1-4688-b7f5-ea07361b26c2',
  value: '7b 22 74 79 70 65 22 3a 22 6f 74 61 22 2c 22 73 74 61 74 75 73 22 3a 22 70 72 6f 67 72 65 73 73 22 2c 22 72 65 63 65 69 76 65 64 22 3a 35 36 30 35 32 30 2c 22 74 6f 74 61 6c 22 3a 35 37 30 34 38 30 2c 22 70 65 72 63 65 6e 74 22 3a 39 38 7d'
}
Notification received: 7b 22 74 79 70 65 22 3a 22 6f 74 61 22 2c 22 73 74 61 74 75 73 22 3a 22 70 72 6f 67 72 65 73 73 22 2c 22 72 65 63 65 69 76 65 64 22 3a 35 36 31 30 36 30 2c 22 74 6f 74 61 6c 22 3a 35 37 30 34 38 30 2c 22 70 65 72 63 65 6e 74 22 3a 39 38 7d
[Main -> Renderer] ble:characteristicValueChanged: {
  deviceId: '10b41dcd238d',
  serviceUuid: '4fafc201-1fb5-459e-8fcc-c5c9c331914d',
  characteristicUuid: 'beb5483e-36e1-4688-b7f5-ea07361b26c2',
  value: '7b 22 74 79 70 65 22 3a 22 6f 74 61 22 2c 22 73 74 61 74 75 73 22 3a 22 70 72 6f 67 72 65 73 73 22 2c 22 72 65 63 65 69 76 65 64 22 3a 35 36 31 30 36 30 2c 22 74 6f 74 61 6c 22 3a 35 37 30 34 38 30 2c 22 70 65 72 63 65 6e 74 22 3a 39 38 7d'
}
Notification received: 7b 22 74 79 70 65 22 3a 22 6f 74 61 22 2c 22 73 74 61 74 75 73 22 3a 22 70 72 6f 67 72 65 73 73 22 2c 22 72 65 63 65 69 76 65 64 22 3a 35 36 31 36 30 30 2c 22 74 6f 74 61 6c 22 3a 35 37 30 34 38 30 2c 22 70 65 72 63 65 6e 74 22 3a 39 38 7d
[Main -> Renderer] ble:characteristicValueChanged: {
  deviceId: '10b41dcd238d',
  serviceUuid: '4fafc201-1fb5-459e-8fcc-c5c9c331914d',
  characteristicUuid: 'beb5483e-36e1-4688-b7f5-ea07361b26c2',
  value: '7b 22 74 79 70 65 22 3a 22 6f 74 61 22 2c 22 73 74 61 74 75 73 22 3a 22 70 72 6f 67 72 65 73 73 22 2c 22 72 65 63 65 69 76 65 64 22 3a 35 36 31 36 30 30 2c 22 74 6f 74 61 6c 22 3a 35 37 30 34 38 30 2c 22 70 65 72 63 65 6e 74 22 3a 39 38 7d'
}
Notification received: 7b 22 74 79 70 65 22 3a 22 6f 74 61 22 2c 22 73 74 61 74 75 73 22 3a 22 70 72 6f 67 72 65 73 73 22 2c 22 72 65 63 65 69 76 65 64 22 3a 35 36 32 31 34 30 2c 22 74 6f 74 61 6c 22 3a 35 37 30 34 38 30 2c 22 70 65 72 63 65 6e 74 22 3a 39 38 7d
[Main -> Renderer] ble:characteristicValueChanged: {
  deviceId: '10b41dcd238d',
  serviceUuid: '4fafc201-1fb5-459e-8fcc-c5c9c331914d',
  characteristicUuid: 'beb5483e-36e1-4688-b7f5-ea07361b26c2',
  value: '7b 22 74 79 70 65 22 3a 22 6f 74 61 22 2c 22 73 74 61 74 75 73 22 3a 22 70 72 6f 67 72 65 73 73 22 2c 22 72 65 63 65 69 76 65 64 22 3a 35 36 32 31 34 30 2c 22 74 6f 74 61 6c 22 3a 35 37 30 34 38 30 2c 22 70 65 72 63 65 6e 74 22 3a 39 38 7d'
}
Notification received: 7b 22 74 79 70 65 22 3a 22 6f 74 61 22 2c 22 73 74 61 74 75 73 22 3a 22 70 72 6f 67 72 65 73 73 22 2c 22 72 65 63 65 69 76 65 64 22 3a 35 36 32 36 38 30 2c 22 74 6f 74 61 6c 22 3a 35 37 30 34 38 30 2c 22 70 65 72 63 65 6e 74 22 3a 39 38 7d
[Main -> Renderer] ble:characteristicValueChanged: {
  deviceId: '10b41dcd238d',
  serviceUuid: '4fafc201-1fb5-459e-8fcc-c5c9c331914d',
  characteristicUuid: 'beb5483e-36e1-4688-b7f5-ea07361b26c2',
  value: '7b 22 74 79 70 65 22 3a 22 6f 74 61 22 2c 22 73 74 61 74 75 73 22 3a 22 70 72 6f 67 72 65 73 73 22 2c 22 72 65 63 65 69 76 65 64 22 3a 35 36 32 36 38 30 2c 22 74 6f 74 61 6c 22 3a 35 37 30 34 38 30 2c 22 70 65 72 63 65 6e 74 22 3a 39 38 7d'
}
Notification received: 7b 22 74 79 70 65 22 3a 22 6f 74 61 22 2c 22 73 74 61 74 75 73 22 3a 22 70 72 6f 67 72 65 73 73 22 2c 22 72 65 63 65 69 76 65 64 22 3a 35 36 33 30 34 30 2c 22 74 6f 74 61 6c 22 3a 35 37 30 34 38 30 2c 22 70 65 72 63 65 6e 74 22 3a 39 38 7d
[Main -> Renderer] ble:characteristicValueChanged: {
  deviceId: '10b41dcd238d',
  serviceUuid: '4fafc201-1fb5-459e-8fcc-c5c9c331914d',
  characteristicUuid: 'beb5483e-36e1-4688-b7f5-ea07361b26c2',
  value: '7b 22 74 79 70 65 22 3a 22 6f 74 61 22 2c 22 73 74 61 74 75 73 22 3a 22 70 72 6f 67 72 65 73 73 22 2c 22 72 65 63 65 69 76 65 64 22 3a 35 36 33 30 34 30 2c 22 74 6f 74 61 6c 22 3a 35 37 30 34 38 30 2c 22 70 65 72 63 65 6e 74 22 3a 39 38 7d'
}
Notification received: 7b 22 74 79 70 65 22 3a 22 6f 74 61 22 2c 22 73 74 61 74 75 73 22 3a 22 70 72 6f 67 72 65 73 73 22 2c 22 72 65 63 65 69 76 65 64 22 3a 35 36 33 34 30 30 2c 22 74 6f 74 61 6c 22 3a 35 37 30 34 38 30 2c 22 70 65 72 63 65 6e 74 22 3a 39 38 7d
[Main -> Renderer] ble:characteristicValueChanged: {
  deviceId: '10b41dcd238d',
  serviceUuid: '4fafc201-1fb5-459e-8fcc-c5c9c331914d',
  characteristicUuid: 'beb5483e-36e1-4688-b7f5-ea07361b26c2',
  value: '7b 22 74 79 70 65 22 3a 22 6f 74 61 22 2c 22 73 74 61 74 75 73 22 3a 22 70 72 6f 67 72 65 73 73 22 2c 22 72 65 63 65 69 76 65 64 22 3a 35 36 33 34 30 30 2c 22 74 6f 74 61 6c 22 3a 35 37 30 34 38 30 2c 22 70 65 72 63 65 6e 74 22 3a 39 38 7d'
}
Notification received: 7b 22 74 79 70 65 22 3a 22 6f 74 61 22 2c 22 73 74 61 74 75 73 22 3a 22 70 72 6f 67 72 65 73 73 22 2c 22 72 65 63 65 69 76 65 64 22 3a 35 36 33 37 36 30 2c 22 74 6f 74 61 6c 22 3a 35 37 30 34 38 30 2c 22 70 65 72 63 65 6e 74 22 3a 39 38 7d
[Main -> Renderer] ble:characteristicValueChanged: {
  deviceId: '10b41dcd238d',
  serviceUuid: '4fafc201-1fb5-459e-8fcc-c5c9c331914d',
  characteristicUuid: 'beb5483e-36e1-4688-b7f5-ea07361b26c2',
  value: '7b 22 74 79 70 65 22 3a 22 6f 74 61 22 2c 22 73 74 61 74 75 73 22 3a 22 70 72 6f 67 72 65 73 73 22 2c 22 72 65 63 65 69 76 65 64 22 3a 35 36 33 37 36 30 2c 22 74 6f 74 61 6c 22 3a 35 37 30 34 38 30 2c 22 70 65 72 63 65 6e 74 22 3a 39 38 7d'
}
Notification received: 7b 22 74 79 70 65 22 3a 22 6f 74 61 22 2c 22 73 74 61 74 75 73 22 3a 22 70 72 6f 67 72 65 73 73 22 2c 22 72 65 63 65 69 76 65 64 22 3a 35 36 34 31 32 30 2c 22 74 6f 74 61 6c 22 3a 35 37 30 34 38 30 2c 22 70 65 72 63 65 6e 74 22 3a 39 38 7d
[Main -> Renderer] ble:characteristicValueChanged: {
  deviceId: '10b41dcd238d',
  serviceUuid: '4fafc201-1fb5-459e-8fcc-c5c9c331914d',
  characteristicUuid: 'beb5483e-36e1-4688-b7f5-ea07361b26c2',
  value: '7b 22 74 79 70 65 22 3a 22 6f 74 61 22 2c 22 73 74 61 74 75 73 22 3a 22 70 72 6f 67 72 65 73 73 22 2c 22 72 65 63 65 69 76 65 64 22 3a 35 36 34 31 32 30 2c 22 74 6f 74 61 6c 22 3a 35 37 30 34 38 30 2c 22 70 65 72 63 65 6e 74 22 3a 39 38 7d'
}
Notification received: 7b 22 74 79 70 65 22 3a 22 6f 74 61 22 2c 22 73 74 61 74 75 73 22 3a 22 70 72 6f 67 72 65 73 73 22 2c 22 72 65 63 65 69 76 65 64 22 3a 35 36 34 36 36 30 2c 22 74 6f 74 61 6c 22 3a 35 37 30 34 38 30 2c 22 70 65 72 63 65 6e 74 22 3a 39 38 7d
[Main -> Renderer] ble:characteristicValueChanged: {
  deviceId: '10b41dcd238d',
  serviceUuid: '4fafc201-1fb5-459e-8fcc-c5c9c331914d',
  characteristicUuid: 'beb5483e-36e1-4688-b7f5-ea07361b26c2',
  value: '7b 22 74 79 70 65 22 3a 22 6f 74 61 22 2c 22 73 74 61 74 75 73 22 3a 22 70 72 6f 67 72 65 73 73 22 2c 22 72 65 63 65 69 76 65 64 22 3a 35 36 34 36 36 30 2c 22 74 6f 74 61 6c 22 3a 35 37 30 34 38 30 2c 22 70 65 72 63 65 6e 74 22 3a 39 38 7d'
}
Notification received: 7b 22 74 79 70 65 22 3a 22 6f 74 61 22 2c 22 73 74 61 74 75 73 22 3a 22 70 72 6f 67 72 65 73 73 22 2c 22 72 65 63 65 69 76 65 64 22 3a 35 36 35 32 30 30 2c 22 74 6f 74 61 6c 22 3a 35 37 30 34 38 30 2c 22 70 65 72 63 65 6e 74 22 3a 39 39 7d
[Main -> Renderer] ble:characteristicValueChanged: {
  deviceId: '10b41dcd238d',
  serviceUuid: '4fafc201-1fb5-459e-8fcc-c5c9c331914d',
  characteristicUuid: 'beb5483e-36e1-4688-b7f5-ea07361b26c2',
  value: '7b 22 74 79 70 65 22 3a 22 6f 74 61 22 2c 22 73 74 61 74 75 73 22 3a 22 70 72 6f 67 72 65 73 73 22 2c 22 72 65 63 65 69 76 65 64 22 3a 35 36 35 32 30 30 2c 22 74 6f 74 61 6c 22 3a 35 37 30 34 38 30 2c 22 70 65 72 63 65 6e 74 22 3a 39 39 7d'
}
Notification received: 7b 22 74 79 70 65 22 3a 22 6f 74 61 22 2c 22 73 74 61 74 75 73 22 3a 22 70 72 6f 67 72 65 73 73 22 2c 22 72 65 63 65 69 76 65 64 22 3a 35 36 35 35 36 30 2c 22 74 6f 74 61 6c 22 3a 35 37 30 34 38 30 2c 22 70 65 72 63 65 6e 74 22 3a 39 39 7d
[Main -> Renderer] ble:characteristicValueChanged: {
  deviceId: '10b41dcd238d',
  serviceUuid: '4fafc201-1fb5-459e-8fcc-c5c9c331914d',
  characteristicUuid: 'beb5483e-36e1-4688-b7f5-ea07361b26c2',
  value: '7b 22 74 79 70 65 22 3a 22 6f 74 61 22 2c 22 73 74 61 74 75 73 22 3a 22 70 72 6f 67 72 65 73 73 22 2c 22 72 65 63 65 69 76 65 64 22 3a 35 36 35 35 36 30 2c 22 74 6f 74 61 6c 22 3a 35 37 30 34 38 30 2c 22 70 65 72 63 65 6e 74 22 3a 39 39 7d'
}
Notification received: 7b 22 74 79 70 65 22 3a 22 6f 74 61 22 2c 22 73 74 61 74 75 73 22 3a 22 70 72 6f 67 72 65 73 73 22 2c 22 72 65 63 65 69 76 65 64 22 3a 35 36 35 39 32 30 2c 22 74 6f 74 61 6c 22 3a 35 37 30 34 38 30 2c 22 70 65 72 63 65 6e 74 22 3a 39 39 7d
[Main -> Renderer] ble:characteristicValueChanged: {
  deviceId: '10b41dcd238d',
  serviceUuid: '4fafc201-1fb5-459e-8fcc-c5c9c331914d',
  characteristicUuid: 'beb5483e-36e1-4688-b7f5-ea07361b26c2',
  value: '7b 22 74 79 70 65 22 3a 22 6f 74 61 22 2c 22 73 74 61 74 75 73 22 3a 22 70 72 6f 67 72 65 73 73 22 2c 22 72 65 63 65 69 76 65 64 22 3a 35 36 35 39 32 30 2c 22 74 6f 74 61 6c 22 3a 35 37 30 34 38 30 2c 22 70 65 72 63 65 6e 74 22 3a 39 39 7d'
}
Notification received: 7b 22 74 79 70 65 22 3a 22 6f 74 61 22 2c 22 73 74 61 74 75 73 22 3a 22 70 72 6f 67 72 65 73 73 22 2c 22 72 65 63 65 69 76 65 64 22 3a 35 36 36 32 38 30 2c 22 74 6f 74 61 6c 22 3a 35 37 30 34 38 30 2c 22 70 65 72 63 65 6e 74 22 3a 39 39 7d
[Main -> Renderer] ble:characteristicValueChanged: {
  deviceId: '10b41dcd238d',
  serviceUuid: '4fafc201-1fb5-459e-8fcc-c5c9c331914d',
  characteristicUuid: 'beb5483e-36e1-4688-b7f5-ea07361b26c2',
  value: '7b 22 74 79 70 65 22 3a 22 6f 74 61 22 2c 22 73 74 61 74 75 73 22 3a 22 70 72 6f 67 72 65 73 73 22 2c 22 72 65 63 65 69 76 65 64 22 3a 35 36 36 32 38 30 2c 22 74 6f 74 61 6c 22 3a 35 37 30 34 38 30 2c 22 70 65 72 63 65 6e 74 22 3a 39 39 7d'
}
Notification received: 7b 22 74 79 70 65 22 3a 22 6f 74 61 22 2c 22 73 74 61 74 75 73 22 3a 22 70 72 6f 67 72 65 73 73 22 2c 22 72 65 63 65 69 76 65 64 22 3a 35 36 36 36 34 30 2c 22 74 6f 74 61 6c 22 3a 35 37 30 34 38 30 2c 22 70 65 72 63 65 6e 74 22 3a 39 39 7d
[Main -> Renderer] ble:characteristicValueChanged: {
  deviceId: '10b41dcd238d',
  serviceUuid: '4fafc201-1fb5-459e-8fcc-c5c9c331914d',
  characteristicUuid: 'beb5483e-36e1-4688-b7f5-ea07361b26c2',
  value: '7b 22 74 79 70 65 22 3a 22 6f 74 61 22 2c 22 73 74 61 74 75 73 22 3a 22 70 72 6f 67 72 65 73 73 22 2c 22 72 65 63 65 69 76 65 64 22 3a 35 36 36 36 34 30 2c 22 74 6f 74 61 6c 22 3a 35 37 30 34 38 30 2c 22 70 65 72 63 65 6e 74 22 3a 39 39 7d'
}
Notification received: 7b 22 74 79 70 65 22 3a 22 6f 74 61 22 2c 22 73 74 61 74 75 73 22 3a 22 70 72 6f 67 72 65 73 73 22 2c 22 72 65 63 65 69 76 65 64 22 3a 35 36 37 30 30 30 2c 22 74 6f 74 61 6c 22 3a 35 37 30 34 38 30 2c 22 70 65 72 63 65 6e 74 22 3a 39 39 7d
[Main -> Renderer] ble:characteristicValueChanged: {
  deviceId: '10b41dcd238d',
  serviceUuid: '4fafc201-1fb5-459e-8fcc-c5c9c331914d',
  characteristicUuid: 'beb5483e-36e1-4688-b7f5-ea07361b26c2',
  value: '7b 22 74 79 70 65 22 3a 22 6f 74 61 22 2c 22 73 74 61 74 75 73 22 3a 22 70 72 6f 67 72 65 73 73 22 2c 22 72 65 63 65 69 76 65 64 22 3a 35 36 37 30 30 30 2c 22 74 6f 74 61 6c 22 3a 35 37 30 34 38 30 2c 22 70 65 72 63 65 6e 74 22 3a 39 39 7d'
}
Notification received: 7b 22 74 79 70 65 22 3a 22 6f 74 61 22 2c 22 73 74 61 74 75 73 22 3a 22 70 72 6f 67 72 65 73 73 22 2c 22 72 65 63 65 69 76 65 64 22 3a 35 36 37 35 34 30 2c 22 74 6f 74 61 6c 22 3a 35 37 30 34 38 30 2c 22 70 65 72 63 65 6e 74 22 3a 39 39 7d
[Main -> Renderer] ble:characteristicValueChanged: {
  deviceId: '10b41dcd238d',
  serviceUuid: '4fafc201-1fb5-459e-8fcc-c5c9c331914d',
  characteristicUuid: 'beb5483e-36e1-4688-b7f5-ea07361b26c2',
  value: '7b 22 74 79 70 65 22 3a 22 6f 74 61 22 2c 22 73 74 61 74 75 73 22 3a 22 70 72 6f 67 72 65 73 73 22 2c 22 72 65 63 65 69 76 65 64 22 3a 35 36 37 35 34 30 2c 22 74 6f 74 61 6c 22 3a 35 37 30 34 38 30 2c 22 70 65 72 63 65 6e 74 22 3a 39 39 7d'
}
Notification received: 7b 22 74 79 70 65 22 3a 22 6f 74 61 22 2c 22 73 74 61 74 75 73 22 3a 22 70 72 6f 67 72 65 73 73 22 2c 22 72 65 63 65 69 76 65 64 22 3a 35 36 37 39 30 30 2c 22 74 6f 74 61 6c 22 3a 35 37 30 34 38 30 2c 22 70 65 72 63 65 6e 74 22 3a 39 39 7d
[Main -> Renderer] ble:characteristicValueChanged: {
  deviceId: '10b41dcd238d',
  serviceUuid: '4fafc201-1fb5-459e-8fcc-c5c9c331914d',
  characteristicUuid: 'beb5483e-36e1-4688-b7f5-ea07361b26c2',
  value: '7b 22 74 79 70 65 22 3a 22 6f 74 61 22 2c 22 73 74 61 74 75 73 22 3a 22 70 72 6f 67 72 65 73 73 22 2c 22 72 65 63 65 69 76 65 64 22 3a 35 36 37 39 30 30 2c 22 74 6f 74 61 6c 22 3a 35 37 30 34 38 30 2c 22 70 65 72 63 65 6e 74 22 3a 39 39 7d'
}
Notification received: 7b 22 74 79 70 65 22 3a 22 6f 74 61 22 2c 22 73 74 61 74 75 73 22 3a 22 70 72 6f 67 72 65 73 73 22 2c 22 72 65 63 65 69 76 65 64 22 3a 35 36 38 34 34 30 2c 22 74 6f 74 61 6c 22 3a 35 37 30 34 38 30 2c 22 70 65 72 63 65 6e 74 22 3a 39 39 7d
[Main -> Renderer] ble:characteristicValueChanged: {
  deviceId: '10b41dcd238d',
  serviceUuid: '4fafc201-1fb5-459e-8fcc-c5c9c331914d',
  characteristicUuid: 'beb5483e-36e1-4688-b7f5-ea07361b26c2',
  value: '7b 22 74 79 70 65 22 3a 22 6f 74 61 22 2c 22 73 74 61 74 75 73 22 3a 22 70 72 6f 67 72 65 73 73 22 2c 22 72 65 63 65 69 76 65 64 22 3a 35 36 38 34 34 30 2c 22 74 6f 74 61 6c 22 3a 35 37 30 34 38 30 2c 22 70 65 72 63 65 6e 74 22 3a 39 39 7d'
}
Notification received: 7b 22 74 79 70 65 22 3a 22 6f 74 61 22 2c 22 73 74 61 74 75 73 22 3a 22 70 72 6f 67 72 65 73 73 22 2c 22 72 65 63 65 69 76 65 64 22 3a 35 36 38 39 38 30 2c 22 74 6f 74 61 6c 22 3a 35 37 30 34 38 30 2c 22 70 65 72 63 65 6e 74 22 3a 39 39 7d
[Main -> Renderer] ble:characteristicValueChanged: {
  deviceId: '10b41dcd238d',
  serviceUuid: '4fafc201-1fb5-459e-8fcc-c5c9c331914d',
  characteristicUuid: 'beb5483e-36e1-4688-b7f5-ea07361b26c2',
  value: '7b 22 74 79 70 65 22 3a 22 6f 74 61 22 2c 22 73 74 61 74 75 73 22 3a 22 70 72 6f 67 72 65 73 73 22 2c 22 72 65 63 65 69 76 65 64 22 3a 35 36 38 39 38 30 2c 22 74 6f 74 61 6c 22 3a 35 37 30 34 38 30 2c 22 70 65 72 63 65 6e 74 22 3a 39 39 7d'
}
Notification received: 7b 22 74 79 70 65 22 3a 22 6f 74 61 22 2c 22 73 74 61 74 75 73 22 3a 22 70 72 6f 67 72 65 73 73 22 2c 22 72 65 63 65 69 76 65 64 22 3a 35 36 39 35 32 30 2c 22 74 6f 74 61 6c 22 3a 35 37 30 34 38 30 2c 22 70 65 72 63 65 6e 74 22 3a 39 39 7d
[Main -> Renderer] ble:characteristicValueChanged: {
  deviceId: '10b41dcd238d',
  serviceUuid: '4fafc201-1fb5-459e-8fcc-c5c9c331914d',
  characteristicUuid: 'beb5483e-36e1-4688-b7f5-ea07361b26c2',
  value: '7b 22 74 79 70 65 22 3a 22 6f 74 61 22 2c 22 73 74 61 74 75 73 22 3a 22 70 72 6f 67 72 65 73 73 22 2c 22 72 65 63 65 69 76 65 64 22 3a 35 36 39 35 32 30 2c 22 74 6f 74 61 6c 22 3a 35 37 30 34 38 30 2c 22 70 65 72 63 65 6e 74 22 3a 39 39 7d'
}
Notification received: 7b 22 74 79 70 65 22 3a 22 6f 74 61 22 2c 22 73 74 61 74 75 73 22 3a 22 70 72 6f 67 72 65 73 73 22 2c 22 72 65 63 65 69 76 65 64 22 3a 35 37 30 30 36 30 2c 22 74 6f 74 61 6c 22 3a 35 37 30 34 38 30 2c 22 70 65 72 63 65 6e 74 22 3a 39 39 7d
[Main -> Renderer] ble:characteristicValueChanged: {
  deviceId: '10b41dcd238d',
  serviceUuid: '4fafc201-1fb5-459e-8fcc-c5c9c331914d',
  characteristicUuid: 'beb5483e-36e1-4688-b7f5-ea07361b26c2',
  value: '7b 22 74 79 70 65 22 3a 22 6f 74 61 22 2c 22 73 74 61 74 75 73 22 3a 22 70 72 6f 67 72 65 73 73 22 2c 22 72 65 63 65 69 76 65 64 22 3a 35 37 30 30 36 30 2c 22 74 6f 74 61 6c 22 3a 35 37 30 34 38 30 2c 22 70 65 72 63 65 6e 74 22 3a 39 39 7d'
}
Notification received: 7b 22 74 79 70 65 22 3a 22 6f 74 61 22 2c 22 73 74 61 74 75 73 22 3a 22 70 72 6f 67 72 65 73 73 22 2c 22 72 65 63 65 69 76 65 64 22 3a 35 37 30 34 32 30 2c 22 74 6f 74 61 6c 22 3a 35 37 30 34 38 30 2c 22 70 65 72 63 65 6e 74 22 3a 39 39 7d
[Main -> Renderer] ble:characteristicValueChanged: {
  deviceId: '10b41dcd238d',
  serviceUuid: '4fafc201-1fb5-459e-8fcc-c5c9c331914d',
  characteristicUuid: 'beb5483e-36e1-4688-b7f5-ea07361b26c2',
  value: '7b 22 74 79 70 65 22 3a 22 6f 74 61 22 2c 22 73 74 61 74 75 73 22 3a 22 70 72 6f 67 72 65 73 73 22 2c 22 72 65 63 65 69 76 65 64 22 3a 35 37 30 34 32 30 2c 22 74 6f 74 61 6c 22 3a 35 37 30 34 38 30 2c 22 70 65 72 63 65 6e 74 22 3a 39 39 7d'
}
Notification received: 7b 22 74 79 70 65 22 3a 22 6f 74 61 22 2c 22 73 74 61 74 75 73 22 3a 22 70 72 6f 67 72 65 73 73 22 2c 22 72 65 63 65 69 76 65 64 22 3a 35 37 30 34 38 30 2c 22 74 6f 74 61 6c 22 3a 35 37 30 34 38 30 2c 22 70 65 72 63 65 6e 74 22 3a 31 30 30 7d
[Main -> Renderer] ble:characteristicValueChanged: {
  deviceId: '10b41dcd238d',
  serviceUuid: '4fafc201-1fb5-459e-8fcc-c5c9c331914d',
  characteristicUuid: 'beb5483e-36e1-4688-b7f5-ea07361b26c2',
  value: '7b 22 74 79 70 65 22 3a 22 6f 74 61 22 2c 22 73 74 61 74 75 73 22 3a 22 70 72 6f 67 72 65 73 73 22 2c 22 72 65 63 65 69 76 65 64 22 3a 35 37 30 34 38 30 2c 22 74 6f 74 61 6c 22 3a 35 37 30 34 38 30 2c 22 70 65 72 63 65 6e 74 22 3a 31 30 30 7d'
}
Notification received: 7b 22 74 79 70 65 22 3a 22 6f 74 61 22 2c 22 73 74 61 74 75 73 22 3a 22 73 75 63 63 65 73 73 22 2c 22 72 65 63 65 69 76 65 64 22 3a 35 37 30 34 38 30 2c 22 74 6f 74 61 6c 22 3a 35 37 30 34 38 30 2c 22 70 65 72 63 65 6e 74 22 3a 31 30 30 2c 22 72 65 62 6f 6f 74 69 6e 67 22 3a 74 72 75 65 7d
[Main -> Renderer] ble:characteristicValueChanged: {
  deviceId: '10b41dcd238d',
  serviceUuid: '4fafc201-1fb5-459e-8fcc-c5c9c331914d',
  characteristicUuid: 'beb5483e-36e1-4688-b7f5-ea07361b26c2',
  value: '7b 22 74 79 70 65 22 3a 22 6f 74 61 22 2c 22 73 74 61 74 75 73 22 3a 22 73 75 63 63 65 73 73 22 2c 22 72 65 63 65 69 76 65 64 22 3a 35 37 30 34 38 30 2c 22 74 6f 74 61 6c 22 3a 35 37 30 34 38 30 2c 22 70 65 72 63 65 6e 74 22 3a 31 30 30 2c 22 72 65 62 6f 6f 74 69 6e 67 22 3a 74 72 75 65 7d'
}
Peripheral disconnected unexpectedly: 10b41dcd238d
[Main -> Renderer] ble:deviceDisconnected: { id: '10b41dcd238d' }
Connected to: 10b41dcd238d
[Main -> Renderer] ble:deviceConnected: { id: '10b41dcd238d' }
Starting service discovery for: 10b41dcd238d
Calling peripheral.discoverServices() with callback
Discovered 5 services
[Main -> Renderer] ble:servicesDiscovered: {
  deviceId: '10b41dcd238d',
  services: [
    { uuid: '1800', name: '通用访问', characteristics: [] },
    { uuid: '1801', name: '通用属性', characteristics: [] },
    {
      uuid: '4fafc2011fb5459e8fccc5c9c331914b',
      name: 'OTA 升级服务',
      characteristics: []
    },
    {
      uuid: '4fafc2011fb5459e8fccc5c9c331914c',
      name: 'OTA 升级服务',
      characteristics: []
    },
    {
      uuid: '4fafc2011fb5459e8fccc5c9c331914d',
      name: 'OTA 升级服务',
      characteristics: []
    }
  ]
}
Discovered 2 characteristics for service: 1800
Service 1800 has 2 characteristics
[Main -> Renderer] ble:servicesDiscovered: {
  deviceId: '10b41dcd238d',
  services: [
    { uuid: '1800', name: '通用访问', characteristics: [Array] },
    { uuid: '1801', name: '通用属性', characteristics: [] },
    {
      uuid: '4fafc2011fb5459e8fccc5c9c331914b',
      name: 'OTA 升级服务',
      characteristics: []
    },
    {
      uuid: '4fafc2011fb5459e8fccc5c9c331914c',
      name: 'OTA 升级服务',
      characteristics: []
    },
    {
      uuid: '4fafc2011fb5459e8fccc5c9c331914d',
      name: 'OTA 升级服务',
      characteristics: []
    }
  ]
}
Discovered 1 characteristics for service: 1801
Service 1801 has 1 characteristics
[Main -> Renderer] ble:servicesDiscovered: {
  deviceId: '10b41dcd238d',
  services: [
    { uuid: '1800', name: '通用访问', characteristics: [Array] },
    { uuid: '1801', name: '通用属性', characteristics: [Array] },
    {
      uuid: '4fafc2011fb5459e8fccc5c9c331914b',
      name: 'OTA 升级服务',
      characteristics: []
    },
    {
      uuid: '4fafc2011fb5459e8fccc5c9c331914c',
      name: 'OTA 升级服务',
      characteristics: []
    },
    {
      uuid: '4fafc2011fb5459e8fccc5c9c331914d',
      name: 'OTA 升级服务',
      characteristics: []
    }
  ]
}
Discovered 2 characteristics for service: 4fafc2011fb5459e8fccc5c9c331914b
Service 4fafc2011fb5459e8fccc5c9c331914b has 2 characteristics
[Main -> Renderer] ble:servicesDiscovered: {
  deviceId: '10b41dcd238d',
  services: [
    { uuid: '1800', name: '通用访问', characteristics: [Array] },
    { uuid: '1801', name: '通用属性', characteristics: [Array] },
    {
      uuid: '4fafc2011fb5459e8fccc5c9c331914b',
      name: 'OTA 升级服务',
      characteristics: [Array]
    },
    {
      uuid: '4fafc2011fb5459e8fccc5c9c331914c',
      name: 'OTA 升级服务',
      characteristics: []
    },
    {
      uuid: '4fafc2011fb5459e8fccc5c9c331914d',
      name: 'OTA 升级服务',
      characteristics: []
    }
  ]
}
Discovered 7 characteristics for service: 4fafc2011fb5459e8fccc5c9c331914c
Service 4fafc2011fb5459e8fccc5c9c331914c has 7 characteristics
[Main -> Renderer] ble:servicesDiscovered: {
  deviceId: '10b41dcd238d',
  services: [
    { uuid: '1800', name: '通用访问', characteristics: [Array] },
    { uuid: '1801', name: '通用属性', characteristics: [Array] },
    {
      uuid: '4fafc2011fb5459e8fccc5c9c331914b',
      name: 'OTA 升级服务',
      characteristics: [Array]
    },
    {
      uuid: '4fafc2011fb5459e8fccc5c9c331914c',
      name: 'OTA 升级服务',
      characteristics: [Array]
    },
    {
      uuid: '4fafc2011fb5459e8fccc5c9c331914d',
      name: 'OTA 升级服务',
      characteristics: []
    }
  ]
}
Discovered 3 characteristics for service: 4fafc2011fb5459e8fccc5c9c331914d
Service 4fafc2011fb5459e8fccc5c9c331914d has 3 characteristics
[Main -> Renderer] ble:servicesDiscovered: {
  deviceId: '10b41dcd238d',
  services: [
    { uuid: '1800', name: '通用访问', characteristics: [Array] },
    { uuid: '1801', name: '通用属性', characteristics: [Array] },
    {
      uuid: '4fafc2011fb5459e8fccc5c9c331914b',
      name: 'OTA 升级服务',
      characteristics: [Array]
    },
    {
      uuid: '4fafc2011fb5459e8fccc5c9c331914c',
      name: 'OTA 升级服务',
      characteristics: [Array]
    },
    {
      uuid: '4fafc2011fb5459e8fccc5c9c331914d',
      name: 'OTA 升级服务',
      characteristics: [Array]
    }
  ]
}
Service discovery completed, total services: 5
Read result: 7b 22 66 69 72 6d 77 61 72 65 5f 76 65 72 73 69 6f 6e 22 3a 22 31 2e 30 2e 32 22 2c 22 68 61 72 64 77 61 72 65 22 3a 22 65 73 70 33 32 2d 77 72 6f 6f 6d 2d 33 32 22 2c 22 75 70 74 69 6d 65 22 3a 31 35 2c 22 75 70 74 69 6d 65 5f 73 22 3a 31 35 2c 22 66 69 78 74 75 72 65 5f 72 6f 6c 65 22 3a 22 70 65 72 69 70 68 65 72 61 6c 22 2c 22 6e 61 6d 65 22 3a 22 42 4c 45 54 6f 6f 6c 6b 69 74 2d 53 65 72 76 65 72 22 2c 22 74 79 70 65 22 3a 22 73 79 73 74 65 6d 5f 69 6e 66 6f 22 7d
[Main -> Renderer] ble:characteristicValueChanged: {
  deviceId: '10b41dcd238d',
  serviceUuid: '4fafc2011fb5459e8fccc5c9c331914b',
  characteristicUuid: 'beb5483e36e14688b7f5ea07361b26a8',
  value: '7b 22 66 69 72 6d 77 61 72 65 5f 76 65 72 73 69 6f 6e 22 3a 22 31 2e 30 2e 32 22 2c 22 68 61 72 64 77 61 72 65 22 3a 22 65 73 70 33 32 2d 77 72 6f 6f 6d 2d 33 32 22 2c 22 75 70 74 69 6d 65 22 3a 31 35 2c 22 75 70 74 69 6d 65 5f 73 22 3a 31 35 2c 22 66 69 78 74 75 72 65 5f 72 6f 6c 65 22 3a 22 70 65 72 69 70 68 65 72 61 6c 22 2c 22 6e 61 6d 65 22 3a 22 42 4c 45 54 6f 6f 6c 6b 69 74 2d 53 65 72 76 65 72 22 2c 22 74 79 70 65 22 3a 22 73 79 73 74 65 6d 5f 69 6e 66 6f 22 7d'
}
Read result: 7b 22 66 69 72 6d 77 61 72 65 5f 76 65 72 73 69 6f 6e 22 3a 22 31 2e 30 2e 32 22 2c 22 68 61 72 64 77 61 72 65 22 3a 22 65 73 70 33 32 2d 77 72 6f 6f 6d 2d 33 32 22 2c 22 75 70 74 69 6d 65 22 3a 32 38 2c 22 75 70 74 69 6d 65 5f 73 22 3a 32 38 2c 22 66 69 78 74 75 72 65 5f 72 6f 6c 65 22 3a 22 70 65 72 69 70 68 65 72 61 6c 22 2c 22 6e 61 6d 65 22 3a 22 42 4c 45 54 6f 6f 6c 6b 69 74 2d 53 65 72 76 65 72 22 2c 22 74 79 70 65 22 3a 22 73 79 73 74 65 6d 5f 69 6e 66 6f 22 7d
[Main -> Renderer] ble:characteristicValueChanged: {
  deviceId: '10b41dcd238d',
  serviceUuid: '4fafc2011fb5459e8fccc5c9c331914b',
  characteristicUuid: 'beb5483e36e14688b7f5ea07361b26a8',
  value: '7b 22 66 69 72 6d 77 61 72 65 5f 76 65 72 73 69 6f 6e 22 3a 22 31 2e 30 2e 32 22 2c 22 68 61 72 64 77 61 72 65 22 3a 22 65 73 70 33 32 2d 77 72 6f 6f 6d 2d 33 32 22 2c 22 75 70 74 69 6d 65 22 3a 32 38 2c 22 75 70 74 69 6d 65 5f 73 22 3a 32 38 2c 22 66 69 78 74 75 72 65 5f 72 6f 6c 65 22 3a 22 70 65 72 69 70 68 65 72 61 6c 22 2c 22 6e 61 6d 65 22 3a 22 42 4c 45 54 6f 6f 6c 6b 69 74 2d 53 65 72 76 65 72 22 2c 22 74 79 70 65 22 3a 22 73 79 73 74 65 6d 5f 69 6e 66 6f 22 7d'
}
Read result: 7b 22 66 69 72 6d 77 61 72 65 5f 76 65 72 73 69 6f 6e 22 3a 22 31 2e 30 2e 32 22 2c 22 68 61 72 64 77 61 72 65 22 3a 22 65 73 70 33 32 2d 77 72 6f 6f 6d 2d 33 32 22 2c 22 75 70 74 69 6d 65 22 3a 34 31 2c 22 75 70 74 69 6d 65 5f 73 22 3a 34 31 2c 22 66 69 78 74 75 72 65 5f 72 6f 6c 65 22 3a 22 70 65 72 69 70 68 65 72 61 6c 22 2c 22 6e 61 6d 65 22 3a 22 42 4c 45 54 6f 6f 6c 6b 69 74 2d 53 65 72 76 65 72 22 2c 22 74 79 70 65 22 3a 22 73 79 73 74 65 6d 5f 69 6e 66 6f 22 7d
[Main -> Renderer] ble:characteristicValueChanged: {
  deviceId: '10b41dcd238d',
  serviceUuid: '4fafc2011fb5459e8fccc5c9c331914b',
  characteristicUuid: 'beb5483e36e14688b7f5ea07361b26a8',
  value: '7b 22 66 69 72 6d 77 61 72 65 5f 76 65 72 73 69 6f 6e 22 3a 22 31 2e 30 2e 32 22 2c 22 68 61 72 64 77 61 72 65 22 3a 22 65 73 70 33 32 2d 77 72 6f 6f 6d 2d 33 32 22 2c 22 75 70 74 69 6d 65 22 3a 34 31 2c 22 75 70 74 69 6d 65 5f 73 22 3a 34 31 2c 22 66 69 78 74 75 72 65 5f 72 6f 6c 65 22 3a 22 70 65 72 69 70 68 65 72 61 6c 22 2c 22 6e 61 6d 65 22 3a 22 42 4c 45 54 6f 6f 6c 6b 69 74 2d 53 65 72 76 65 72 22 2c 22 74 79 70 65 22 3a 22 73 79 73 74 65 6d 5f 69 6e 66 6f 22 7d'
}
Read result: 7b 22 66 69 72 6d 77 61 72 65 5f 76 65 72 73 69 6f 6e 22 3a 22 31 2e 30 2e 32 22 2c 22 68 61 72 64 77 61 72 65 22 3a 22 65 73 70 33 32 2d 77 72 6f 6f 6d 2d 33 32 22 2c 22 75 70 74 69 6d 65 22 3a 35 35 2c 22 75 70 74 69 6d 65 5f 73 22 3a 35 35 2c 22 66 69 78 74 75 72 65 5f 72 6f 6c 65 22 3a 22 70 65 72 69 70 68 65 72 61 6c 22 2c 22 6e 61 6d 65 22 3a 22 42 4c 45 54 6f 6f 6c 6b 69 74 2d 53 65 72 76 65 72 22 2c 22 74 79 70 65 22 3a 22 73 79 73 74 65 6d 5f 69 6e 66 6f 22 7d
[Main -> Renderer] ble:characteristicValueChanged: {
  deviceId: '10b41dcd238d',
  serviceUuid: '4fafc2011fb5459e8fccc5c9c331914b',
  characteristicUuid: 'beb5483e36e14688b7f5ea07361b26a8',
  value: '7b 22 66 69 72 6d 77 61 72 65 5f 76 65 72 73 69 6f 6e 22 3a 22 31 2e 30 2e 32 22 2c 22 68 61 72 64 77 61 72 65 22 3a 22 65 73 70 33 32 2d 77 72 6f 6f 6d 2d 33 32 22 2c 22 75 70 74 69 6d 65 22 3a 35 35 2c 22 75 70 74 69 6d 65 5f 73 22 3a 35 35 2c 22 66 69 78 74 75 72 65 5f 72 6f 6c 65 22 3a 22 70 65 72 69 70 68 65 72 61 6c 22 2c 22 6e 61 6d 65 22 3a 22 42 4c 45 54 6f 6f 6c 6b 69 74 2d 53 65 72 76 65 72 22 2c 22 74 79 70 65 22 3a 22 73 79 73 74 65 6d 5f 69 6e 66 6f 22 7d'
}
Peripheral disconnected unexpectedly: 10b41dcd238d
[Main -> Renderer] ble:deviceDisconnected: { id: '10b41dcd238d' }
Peripheral disconnected unexpectedly: 10b41dcd238d
[Main -> Renderer] ble:deviceDisconnected: { id: '10b41dcd238d' }
[Main -> Renderer] ble:deviceDisconnected: { id: '10b41dcd238d' }
